ISO-10303-21;
HEADER;
FILE_DESCRIPTION(('Open CASCADE Model'),'2;1');
FILE_NAME('Open CASCADE Shape Model','2026-09-25T13:11:56',('Author'),(
    'Open CASCADE'),'Open CASCADE STEP processor 8.0','build123d',
  'Unknown');
FILE_SCHEMA(('AUTOMOTIVE_DESIGN { 1 0 10303 214 1 1 1 1 }'));
ENDSEC;
DATA;
#1 = APPLICATION_PROTOCOL_DEFINITION('international standard',
  'automotive_design',2000,#2);
#2 = APPLICATION_CONTEXT(
  'core data for automotive mechanical design processes');
#3 = SHAPE_DEFINITION_REPRESENTATION(#4,#10);
#4 = PRODUCT_DEFINITION_SHAPE('','',#5);
#5 = PRODUCT_DEFINITION('design','',#6,#9);
#6 = PRODUCT_DEFINITION_FORMATION('','',#7);
#7 = PRODUCT('COMPOUND','COMPOUND','',(#8));
#8 = PRODUCT_CONTEXT('',#2,'mechanical');
#9 = PRODUCT_DEFINITION_CONTEXT('part definition',#2,'design');
#10 = SHAPE_REPRESENTATION('',(#11,#15,#615,#797,#1159,#1611,#2443),
  #6384);
#11 = AXIS2_PLACEMENT_3D('',#12,#13,#14);
#12 = CARTESIAN_POINT('',(0.,0.,0.));
#13 = DIRECTION('',(0.,0.,1.));
#14 = DIRECTION('',(1.,0.,-0.));
#15 = MANIFOLD_SOLID_BREP('',#16);
#16 = CLOSED_SHELL('',(#17,#137,#213,#262,#311,#431,#438,#493,#548,#603,
    #607,#611));
#17 = ADVANCED_FACE('',(#18),#32,.F.);
#18 = FACE_BOUND('',#19,.F.);
#19 = EDGE_LOOP('',(#20,#55,#83,#111));
#20 = ORIENTED_EDGE('',*,*,#21,.F.);
#21 = EDGE_CURVE('',#22,#24,#26,.T.);
#22 = VERTEX_POINT('',#23);
#23 = CARTESIAN_POINT('',(-130.,-130.,2.754E+03));
#24 = VERTEX_POINT('',#25);
#25 = CARTESIAN_POINT('',(-130.,-130.,2.757E+03));
#26 = SURFACE_CURVE('',#27,(#31,#43),.PCURVE_S1.);
#27 = LINE('',#28,#29);
#28 = CARTESIAN_POINT('',(-130.,-130.,2.754E+03));
#29 = VECTOR('',#30,1.);
#30 = DIRECTION('',(0.,0.,1.));
#31 = PCURVE('',#32,#37);
#32 = PLANE('',#33);
#33 = AXIS2_PLACEMENT_3D('',#34,#35,#36);
#34 = CARTESIAN_POINT('',(-130.,-130.,2.754E+03));
#35 = DIRECTION('',(1.,0.,-0.));
#36 = DIRECTION('',(0.,0.,1.));
#37 = DEFINITIONAL_REPRESENTATION('',(#38),#42);
#38 = LINE('',#39,#40);
#39 = CARTESIAN_POINT('',(0.,0.));
#40 = VECTOR('',#41,1.);
#41 = DIRECTION('',(1.,0.));
#42 = ( GEOMETRIC_REPRESENTATION_CONTEXT(2) 
PARAMETRIC_REPRESENTATION_CONTEXT() REPRESENTATION_CONTEXT('2D SPACE',''
  ) );
#43 = PCURVE('',#44,#49);
#44 = PLANE('',#45);
#45 = AXIS2_PLACEMENT_3D('',#46,#47,#48);
#46 = CARTESIAN_POINT('',(-130.,-130.,2.754E+03));
#47 = DIRECTION('',(-0.,1.,0.));
#48 = DIRECTION('',(0.,0.,1.));
#49 = DEFINITIONAL_REPRESENTATION('',(#50),#54);
#50 = LINE('',#51,#52);
#51 = CARTESIAN_POINT('',(0.,0.));
#52 = VECTOR('',#53,1.);
#53 = DIRECTION('',(1.,0.));
#54 = ( GEOMETRIC_REPRESENTATION_CONTEXT(2) 
PARAMETRIC_REPRESENTATION_CONTEXT() REPRESENTATION_CONTEXT('2D SPACE',''
  ) );
#55 = ORIENTED_EDGE('',*,*,#56,.T.);
#56 = EDGE_CURVE('',#22,#57,#59,.T.);
#57 = VERTEX_POINT('',#58);
#58 = CARTESIAN_POINT('',(-130.,130.,2.754E+03));
#59 = SURFACE_CURVE('',#60,(#64,#71),.PCURVE_S1.);
#60 = LINE('',#61,#62);
#61 = CARTESIAN_POINT('',(-130.,-130.,2.754E+03));
#62 = VECTOR('',#63,1.);
#63 = DIRECTION('',(-0.,1.,0.));
#64 = PCURVE('',#32,#65);
#65 = DEFINITIONAL_REPRESENTATION('',(#66),#70);
#66 = LINE('',#67,#68);
#67 = CARTESIAN_POINT('',(0.,0.));
#68 = VECTOR('',#69,1.);
#69 = DIRECTION('',(0.,-1.));
#70 = ( GEOMETRIC_REPRESENTATION_CONTEXT(2) 
PARAMETRIC_REPRESENTATION_CONTEXT() REPRESENTATION_CONTEXT('2D SPACE',''
  ) );
#71 = PCURVE('',#72,#77);
#72 = PLANE('',#73);
#73 = AXIS2_PLACEMENT_3D('',#74,#75,#76);
#74 = CARTESIAN_POINT('',(-130.,-130.,2.754E+03));
#75 = DIRECTION('',(0.,0.,1.));
#76 = DIRECTION('',(1.,0.,-0.));
#77 = DEFINITIONAL_REPRESENTATION('',(#78),#82);
#78 = LINE('',#79,#80);
#79 = CARTESIAN_POINT('',(0.,0.));
#80 = VECTOR('',#81,1.);
#81 = DIRECTION('',(0.,1.));
#82 = ( GEOMETRIC_REPRESENTATION_CONTEXT(2) 
PARAMETRIC_REPRESENTATION_CONTEXT() REPRESENTATION_CONTEXT('2D SPACE',''
  ) );
#83 = ORIENTED_EDGE('',*,*,#84,.T.);
#84 = EDGE_CURVE('',#57,#85,#87,.T.);
#85 = VERTEX_POINT('',#86);
#86 = CARTESIAN_POINT('',(-130.,130.,2.757E+03));
#87 = SURFACE_CURVE('',#88,(#92,#99),.PCURVE_S1.);
#88 = LINE('',#89,#90);
#89 = CARTESIAN_POINT('',(-130.,130.,2.754E+03));
#90 = VECTOR('',#91,1.);
#91 = DIRECTION('',(0.,0.,1.));
#92 = PCURVE('',#32,#93);
#93 = DEFINITIONAL_REPRESENTATION('',(#94),#98);
#94 = LINE('',#95,#96);
#95 = CARTESIAN_POINT('',(0.,-260.));
#96 = VECTOR('',#97,1.);
#97 = DIRECTION('',(1.,0.));
#98 = ( GEOMETRIC_REPRESENTATION_CONTEXT(2) 
PARAMETRIC_REPRESENTATION_CONTEXT() REPRESENTATION_CONTEXT('2D SPACE',''
  ) );
#99 = PCURVE('',#100,#105);
#100 = PLANE('',#101);
#101 = AXIS2_PLACEMENT_3D('',#102,#103,#104);
#102 = CARTESIAN_POINT('',(-130.,130.,2.754E+03));
#103 = DIRECTION('',(-0.,1.,0.));
#104 = DIRECTION('',(0.,0.,1.));
#105 = DEFINITIONAL_REPRESENTATION('',(#106),#110);
#106 = LINE('',#107,#108);
#107 = CARTESIAN_POINT('',(0.,0.));
#108 = VECTOR('',#109,1.);
#109 = DIRECTION('',(1.,0.));
#110 = ( GEOMETRIC_REPRESENTATION_CONTEXT(2) 
PARAMETRIC_REPRESENTATION_CONTEXT() REPRESENTATION_CONTEXT('2D SPACE',''
  ) );
#111 = ORIENTED_EDGE('',*,*,#112,.F.);
#112 = EDGE_CURVE('',#24,#85,#113,.T.);
#113 = SURFACE_CURVE('',#114,(#118,#125),.PCURVE_S1.);
#114 = LINE('',#115,#116);
#115 = CARTESIAN_POINT('',(-130.,-130.,2.757E+03));
#116 = VECTOR('',#117,1.);
#117 = DIRECTION('',(-0.,1.,0.));
#118 = PCURVE('',#32,#119);
#119 = DEFINITIONAL_REPRESENTATION('',(#120),#124);
#120 = LINE('',#121,#122);
#121 = CARTESIAN_POINT('',(3.,0.));
#122 = VECTOR('',#123,1.);
#123 = DIRECTION('',(0.,-1.));
#124 = ( GEOMETRIC_REPRESENTATION_CONTEXT(2) 
PARAMETRIC_REPRESENTATION_CONTEXT() REPRESENTATION_CONTEXT('2D SPACE',''
  ) );
#125 = PCURVE('',#126,#131);
#126 = PLANE('',#127);
#127 = AXIS2_PLACEMENT_3D('',#128,#129,#130);
#128 = CARTESIAN_POINT('',(-130.,-130.,2.757E+03));
#129 = DIRECTION('',(0.,0.,1.));
#130 = DIRECTION('',(1.,0.,-0.));
#131 = DEFINITIONAL_REPRESENTATION('',(#132),#136);
#132 = LINE('',#133,#134);
#133 = CARTESIAN_POINT('',(0.,0.));
#134 = VECTOR('',#135,1.);
#135 = DIRECTION('',(0.,1.));
#136 = ( GEOMETRIC_REPRESENTATION_CONTEXT(2) 
PARAMETRIC_REPRESENTATION_CONTEXT() REPRESENTATION_CONTEXT('2D SPACE',''
  ) );
#137 = ADVANCED_FACE('',(#138),#44,.F.);
#138 = FACE_BOUND('',#139,.F.);
#139 = EDGE_LOOP('',(#140,#163,#164,#187));
#140 = ORIENTED_EDGE('',*,*,#141,.F.);
#141 = EDGE_CURVE('',#22,#142,#144,.T.);
#142 = VERTEX_POINT('',#143);
#143 = CARTESIAN_POINT('',(130.,-130.,2.754E+03));
#144 = SURFACE_CURVE('',#145,(#149,#156),.PCURVE_S1.);
#145 = LINE('',#146,#147);
#146 = CARTESIAN_POINT('',(-130.,-130.,2.754E+03));
#147 = VECTOR('',#148,1.);
#148 = DIRECTION('',(1.,0.,-0.));
#149 = PCURVE('',#44,#150);
#150 = DEFINITIONAL_REPRESENTATION('',(#151),#155);
#151 = LINE('',#152,#153);
#152 = CARTESIAN_POINT('',(0.,0.));
#153 = VECTOR('',#154,1.);
#154 = DIRECTION('',(0.,1.));
#155 = ( GEOMETRIC_REPRESENTATION_CONTEXT(2) 
PARAMETRIC_REPRESENTATION_CONTEXT() REPRESENTATION_CONTEXT('2D SPACE',''
  ) );
#156 = PCURVE('',#72,#157);
#157 = DEFINITIONAL_REPRESENTATION('',(#158),#162);
#158 = LINE('',#159,#160);
#159 = CARTESIAN_POINT('',(0.,0.));
#160 = VECTOR('',#161,1.);
#161 = DIRECTION('',(1.,0.));
#162 = ( GEOMETRIC_REPRESENTATION_CONTEXT(2) 
PARAMETRIC_REPRESENTATION_CONTEXT() REPRESENTATION_CONTEXT('2D SPACE',''
  ) );
#163 = ORIENTED_EDGE('',*,*,#21,.T.);
#164 = ORIENTED_EDGE('',*,*,#165,.T.);
#165 = EDGE_CURVE('',#24,#166,#168,.T.);
#166 = VERTEX_POINT('',#167);
#167 = CARTESIAN_POINT('',(130.,-130.,2.757E+03));
#168 = SURFACE_CURVE('',#169,(#173,#180),.PCURVE_S1.);
#169 = LINE('',#170,#171);
#170 = CARTESIAN_POINT('',(-130.,-130.,2.757E+03));
#171 = VECTOR('',#172,1.);
#172 = DIRECTION('',(1.,0.,-0.));
#173 = PCURVE('',#44,#174);
#174 = DEFINITIONAL_REPRESENTATION('',(#175),#179);
#175 = LINE('',#176,#177);
#176 = CARTESIAN_POINT('',(3.,0.));
#177 = VECTOR('',#178,1.);
#178 = DIRECTION('',(0.,1.));
#179 = ( GEOMETRIC_REPRESENTATION_CONTEXT(2) 
PARAMETRIC_REPRESENTATION_CONTEXT() REPRESENTATION_CONTEXT('2D SPACE',''
  ) );
#180 = PCURVE('',#126,#181);
#181 = DEFINITIONAL_REPRESENTATION('',(#182),#186);
#182 = LINE('',#183,#184);
#183 = CARTESIAN_POINT('',(0.,0.));
#184 = VECTOR('',#185,1.);
#185 = DIRECTION('',(1.,0.));
#186 = ( GEOMETRIC_REPRESENTATION_CONTEXT(2) 
PARAMETRIC_REPRESENTATION_CONTEXT() REPRESENTATION_CONTEXT('2D SPACE',''
  ) );
#187 = ORIENTED_EDGE('',*,*,#188,.F.);
#188 = EDGE_CURVE('',#142,#166,#189,.T.);
#189 = SURFACE_CURVE('',#190,(#194,#201),.PCURVE_S1.);
#190 = LINE('',#191,#192);
#191 = CARTESIAN_POINT('',(130.,-130.,2.754E+03));
#192 = VECTOR('',#193,1.);
#193 = DIRECTION('',(0.,0.,1.));
#194 = PCURVE('',#44,#195);
#195 = DEFINITIONAL_REPRESENTATION('',(#196),#200);
#196 = LINE('',#197,#198);
#197 = CARTESIAN_POINT('',(0.,260.));
#198 = VECTOR('',#199,1.);
#199 = DIRECTION('',(1.,0.));
#200 = ( GEOMETRIC_REPRESENTATION_CONTEXT(2) 
PARAMETRIC_REPRESENTATION_CONTEXT() REPRESENTATION_CONTEXT('2D SPACE',''
  ) );
#201 = PCURVE('',#202,#207);
#202 = PLANE('',#203);
#203 = AXIS2_PLACEMENT_3D('',#204,#205,#206);
#204 = CARTESIAN_POINT('',(130.,-130.,2.754E+03));
#205 = DIRECTION('',(1.,0.,-0.));
#206 = DIRECTION('',(0.,0.,1.));
#207 = DEFINITIONAL_REPRESENTATION('',(#208),#212);
#208 = LINE('',#209,#210);
#209 = CARTESIAN_POINT('',(0.,0.));
#210 = VECTOR('',#211,1.);
#211 = DIRECTION('',(1.,0.));
#212 = ( GEOMETRIC_REPRESENTATION_CONTEXT(2) 
PARAMETRIC_REPRESENTATION_CONTEXT() REPRESENTATION_CONTEXT('2D SPACE',''
  ) );
#213 = ADVANCED_FACE('',(#214),#126,.T.);
#214 = FACE_BOUND('',#215,.T.);
#215 = EDGE_LOOP('',(#216,#217,#218,#241));
#216 = ORIENTED_EDGE('',*,*,#112,.F.);
#217 = ORIENTED_EDGE('',*,*,#165,.T.);
#218 = ORIENTED_EDGE('',*,*,#219,.T.);
#219 = EDGE_CURVE('',#166,#220,#222,.T.);
#220 = VERTEX_POINT('',#221);
#221 = CARTESIAN_POINT('',(130.,130.,2.757E+03));
#222 = SURFACE_CURVE('',#223,(#227,#234),.PCURVE_S1.);
#223 = LINE('',#224,#225);
#224 = CARTESIAN_POINT('',(130.,-130.,2.757E+03));
#225 = VECTOR('',#226,1.);
#226 = DIRECTION('',(-0.,1.,0.));
#227 = PCURVE('',#126,#228);
#228 = DEFINITIONAL_REPRESENTATION('',(#229),#233);
#229 = LINE('',#230,#231);
#230 = CARTESIAN_POINT('',(260.,0.));
#231 = VECTOR('',#232,1.);
#232 = DIRECTION('',(0.,1.));
#233 = ( GEOMETRIC_REPRESENTATION_CONTEXT(2) 
PARAMETRIC_REPRESENTATION_CONTEXT() REPRESENTATION_CONTEXT('2D SPACE',''
  ) );
#234 = PCURVE('',#202,#235);
#235 = DEFINITIONAL_REPRESENTATION('',(#236),#240);
#236 = LINE('',#237,#238);
#237 = CARTESIAN_POINT('',(3.,0.));
#238 = VECTOR('',#239,1.);
#239 = DIRECTION('',(0.,-1.));
#240 = ( GEOMETRIC_REPRESENTATION_CONTEXT(2) 
PARAMETRIC_REPRESENTATION_CONTEXT() REPRESENTATION_CONTEXT('2D SPACE',''
  ) );
#241 = ORIENTED_EDGE('',*,*,#242,.F.);
#242 = EDGE_CURVE('',#85,#220,#243,.T.);
#243 = SURFACE_CURVE('',#244,(#248,#255),.PCURVE_S1.);
#244 = LINE('',#245,#246);
#245 = CARTESIAN_POINT('',(-130.,130.,2.757E+03));
#246 = VECTOR('',#247,1.);
#247 = DIRECTION('',(1.,0.,-0.));
#248 = PCURVE('',#126,#249);
#249 = DEFINITIONAL_REPRESENTATION('',(#250),#254);
#250 = LINE('',#251,#252);
#251 = CARTESIAN_POINT('',(0.,260.));
#252 = VECTOR('',#253,1.);
#253 = DIRECTION('',(1.,0.));
#254 = ( GEOMETRIC_REPRESENTATION_CONTEXT(2) 
PARAMETRIC_REPRESENTATION_CONTEXT() REPRESENTATION_CONTEXT('2D SPACE',''
  ) );
#255 = PCURVE('',#100,#256);
#256 = DEFINITIONAL_REPRESENTATION('',(#257),#261);
#257 = LINE('',#258,#259);
#258 = CARTESIAN_POINT('',(3.,0.));
#259 = VECTOR('',#260,1.);
#260 = DIRECTION('',(0.,1.));
#261 = ( GEOMETRIC_REPRESENTATION_CONTEXT(2) 
PARAMETRIC_REPRESENTATION_CONTEXT() REPRESENTATION_CONTEXT('2D SPACE',''
  ) );
#262 = ADVANCED_FACE('',(#263),#100,.T.);
#263 = FACE_BOUND('',#264,.T.);
#264 = EDGE_LOOP('',(#265,#288,#289,#290));
#265 = ORIENTED_EDGE('',*,*,#266,.F.);
#266 = EDGE_CURVE('',#57,#267,#269,.T.);
#267 = VERTEX_POINT('',#268);
#268 = CARTESIAN_POINT('',(130.,130.,2.754E+03));
#269 = SURFACE_CURVE('',#270,(#274,#281),.PCURVE_S1.);
#270 = LINE('',#271,#272);
#271 = CARTESIAN_POINT('',(-130.,130.,2.754E+03));
#272 = VECTOR('',#273,1.);
#273 = DIRECTION('',(1.,0.,-0.));
#274 = PCURVE('',#100,#275);
#275 = DEFINITIONAL_REPRESENTATION('',(#276),#280);
#276 = LINE('',#277,#278);
#277 = CARTESIAN_POINT('',(0.,0.));
#278 = VECTOR('',#279,1.);
#279 = DIRECTION('',(0.,1.));
#280 = ( GEOMETRIC_REPRESENTATION_CONTEXT(2) 
PARAMETRIC_REPRESENTATION_CONTEXT() REPRESENTATION_CONTEXT('2D SPACE',''
  ) );
#281 = PCURVE('',#72,#282);
#282 = DEFINITIONAL_REPRESENTATION('',(#283),#287);
#283 = LINE('',#284,#285);
#284 = CARTESIAN_POINT('',(0.,260.));
#285 = VECTOR('',#286,1.);
#286 = DIRECTION('',(1.,0.));
#287 = ( GEOMETRIC_REPRESENTATION_CONTEXT(2) 
PARAMETRIC_REPRESENTATION_CONTEXT() REPRESENTATION_CONTEXT('2D SPACE',''
  ) );
#288 = ORIENTED_EDGE('',*,*,#84,.T.);
#289 = ORIENTED_EDGE('',*,*,#242,.T.);
#290 = ORIENTED_EDGE('',*,*,#291,.F.);
#291 = EDGE_CURVE('',#267,#220,#292,.T.);
#292 = SURFACE_CURVE('',#293,(#297,#304),.PCURVE_S1.);
#293 = LINE('',#294,#295);
#294 = CARTESIAN_POINT('',(130.,130.,2.754E+03));
#295 = VECTOR('',#296,1.);
#296 = DIRECTION('',(0.,0.,1.));
#297 = PCURVE('',#100,#298);
#298 = DEFINITIONAL_REPRESENTATION('',(#299),#303);
#299 = LINE('',#300,#301);
#300 = CARTESIAN_POINT('',(0.,260.));
#301 = VECTOR('',#302,1.);
#302 = DIRECTION('',(1.,0.));
#303 = ( GEOMETRIC_REPRESENTATION_CONTEXT(2) 
PARAMETRIC_REPRESENTATION_CONTEXT() REPRESENTATION_CONTEXT('2D SPACE',''
  ) );
#304 = PCURVE('',#202,#305);
#305 = DEFINITIONAL_REPRESENTATION('',(#306),#310);
#306 = LINE('',#307,#308);
#307 = CARTESIAN_POINT('',(0.,-260.));
#308 = VECTOR('',#309,1.);
#309 = DIRECTION('',(1.,0.));
#310 = ( GEOMETRIC_REPRESENTATION_CONTEXT(2) 
PARAMETRIC_REPRESENTATION_CONTEXT() REPRESENTATION_CONTEXT('2D SPACE',''
  ) );
#311 = ADVANCED_FACE('',(#312,#338,#369,#400),#72,.F.);
#312 = FACE_BOUND('',#313,.F.);
#313 = EDGE_LOOP('',(#314,#315,#316,#337));
#314 = ORIENTED_EDGE('',*,*,#56,.F.);
#315 = ORIENTED_EDGE('',*,*,#141,.T.);
#316 = ORIENTED_EDGE('',*,*,#317,.T.);
#317 = EDGE_CURVE('',#142,#267,#318,.T.);
#318 = SURFACE_CURVE('',#319,(#323,#330),.PCURVE_S1.);
#319 = LINE('',#320,#321);
#320 = CARTESIAN_POINT('',(130.,-130.,2.754E+03));
#321 = VECTOR('',#322,1.);
#322 = DIRECTION('',(-0.,1.,0.));
#323 = PCURVE('',#72,#324);
#324 = DEFINITIONAL_REPRESENTATION('',(#325),#329);
#325 = LINE('',#326,#327);
#326 = CARTESIAN_POINT('',(260.,0.));
#327 = VECTOR('',#328,1.);
#328 = DIRECTION('',(0.,1.));
#329 = ( GEOMETRIC_REPRESENTATION_CONTEXT(2) 
PARAMETRIC_REPRESENTATION_CONTEXT() REPRESENTATION_CONTEXT('2D SPACE',''
  ) );
#330 = PCURVE('',#202,#331);
#331 = DEFINITIONAL_REPRESENTATION('',(#332),#336);
#332 = LINE('',#333,#334);
#333 = CARTESIAN_POINT('',(0.,0.));
#334 = VECTOR('',#335,1.);
#335 = DIRECTION('',(0.,-1.));
#336 = ( GEOMETRIC_REPRESENTATION_CONTEXT(2) 
PARAMETRIC_REPRESENTATION_CONTEXT() REPRESENTATION_CONTEXT('2D SPACE',''
  ) );
#337 = ORIENTED_EDGE('',*,*,#266,.F.);
#338 = FACE_BOUND('',#339,.F.);
#339 = EDGE_LOOP('',(#340));
#340 = ORIENTED_EDGE('',*,*,#341,.F.);
#341 = EDGE_CURVE('',#342,#342,#344,.T.);
#342 = VERTEX_POINT('',#343);
#343 = CARTESIAN_POINT('',(-32.,-62.35382907248,2.754E+03));
#344 = SURFACE_CURVE('',#345,(#350,#357),.PCURVE_S1.);
#345 = CIRCLE('',#346,4.);
#346 = AXIS2_PLACEMENT_3D('',#347,#348,#349);
#347 = CARTESIAN_POINT('',(-36.,-62.35382907248,2.754E+03));
#348 = DIRECTION('',(0.,0.,1.));
#349 = DIRECTION('',(1.,0.,-0.));
#350 = PCURVE('',#72,#351);
#351 = DEFINITIONAL_REPRESENTATION('',(#352),#356);
#352 = CIRCLE('',#353,4.);
#353 = AXIS2_PLACEMENT_2D('',#354,#355);
#354 = CARTESIAN_POINT('',(94.,67.64617092752));
#355 = DIRECTION('',(1.,0.));
#356 = ( GEOMETRIC_REPRESENTATION_CONTEXT(2) 
PARAMETRIC_REPRESENTATION_CONTEXT() REPRESENTATION_CONTEXT('2D SPACE',''
  ) );
#357 = PCURVE('',#358,#363);
#358 = CYLINDRICAL_SURFACE('',#359,4.);
#359 = AXIS2_PLACEMENT_3D('',#360,#361,#362);
#360 = CARTESIAN_POINT('',(-36.,-62.35382907248,2.6555E+03));
#361 = DIRECTION('',(0.,0.,1.));
#362 = DIRECTION('',(1.,0.,-0.));
#363 = DEFINITIONAL_REPRESENTATION('',(#364),#368);
#364 = LINE('',#365,#366);
#365 = CARTESIAN_POINT('',(0.,98.5));
#366 = VECTOR('',#367,1.);
#367 = DIRECTION('',(1.,0.));
#368 = ( GEOMETRIC_REPRESENTATION_CONTEXT(2) 
PARAMETRIC_REPRESENTATION_CONTEXT() REPRESENTATION_CONTEXT('2D SPACE',''
  ) );
#369 = FACE_BOUND('',#370,.F.);
#370 = EDGE_LOOP('',(#371));
#371 = ORIENTED_EDGE('',*,*,#372,.F.);
#372 = EDGE_CURVE('',#373,#373,#375,.T.);
#373 = VERTEX_POINT('',#374);
#374 = CARTESIAN_POINT('',(76.,-9.797174393179E-16,2.754E+03));
#375 = SURFACE_CURVE('',#376,(#381,#388),.PCURVE_S1.);
#376 = CIRCLE('',#377,4.);
#377 = AXIS2_PLACEMENT_3D('',#378,#379,#380);
#378 = CARTESIAN_POINT('',(72.,0.,2.754E+03));
#379 = DIRECTION('',(0.,0.,1.));
#380 = DIRECTION('',(1.,0.,-0.));
#381 = PCURVE('',#72,#382);
#382 = DEFINITIONAL_REPRESENTATION('',(#383),#387);
#383 = CIRCLE('',#384,4.);
#384 = AXIS2_PLACEMENT_2D('',#385,#386);
#385 = CARTESIAN_POINT('',(202.,130.));
#386 = DIRECTION('',(1.,0.));
#387 = ( GEOMETRIC_REPRESENTATION_CONTEXT(2) 
PARAMETRIC_REPRESENTATION_CONTEXT() REPRESENTATION_CONTEXT('2D SPACE',''
  ) );
#388 = PCURVE('',#389,#394);
#389 = CYLINDRICAL_SURFACE('',#390,4.);
#390 = AXIS2_PLACEMENT_3D('',#391,#392,#393);
#391 = CARTESIAN_POINT('',(72.,0.,2.6555E+03));
#392 = DIRECTION('',(0.,0.,1.));
#393 = DIRECTION('',(1.,0.,-0.));
#394 = DEFINITIONAL_REPRESENTATION('',(#395),#399);
#395 = LINE('',#396,#397);
#396 = CARTESIAN_POINT('',(0.,98.5));
#397 = VECTOR('',#398,1.);
#398 = DIRECTION('',(1.,0.));
#399 = ( GEOMETRIC_REPRESENTATION_CONTEXT(2) 
PARAMETRIC_REPRESENTATION_CONTEXT() REPRESENTATION_CONTEXT('2D SPACE',''
  ) );
#400 = FACE_BOUND('',#401,.F.);
#401 = EDGE_LOOP('',(#402));
#402 = ORIENTED_EDGE('',*,*,#403,.F.);
#403 = EDGE_CURVE('',#404,#404,#406,.T.);
#404 = VERTEX_POINT('',#405);
#405 = CARTESIAN_POINT('',(-32.,62.35382907248,2.754E+03));
#406 = SURFACE_CURVE('',#407,(#412,#419),.PCURVE_S1.);
#407 = CIRCLE('',#408,4.);
#408 = AXIS2_PLACEMENT_3D('',#409,#410,#411);
#409 = CARTESIAN_POINT('',(-36.,62.35382907248,2.754E+03));
#410 = DIRECTION('',(0.,0.,1.));
#411 = DIRECTION('',(1.,0.,-0.));
#412 = PCURVE('',#72,#413);
#413 = DEFINITIONAL_REPRESENTATION('',(#414),#418);
#414 = CIRCLE('',#415,4.);
#415 = AXIS2_PLACEMENT_2D('',#416,#417);
#416 = CARTESIAN_POINT('',(94.,192.35382907248));
#417 = DIRECTION('',(1.,0.));
#418 = ( GEOMETRIC_REPRESENTATION_CONTEXT(2) 
PARAMETRIC_REPRESENTATION_CONTEXT() REPRESENTATION_CONTEXT('2D SPACE',''
  ) );
#419 = PCURVE('',#420,#425);
#420 = CYLINDRICAL_SURFACE('',#421,4.);
#421 = AXIS2_PLACEMENT_3D('',#422,#423,#424);
#422 = CARTESIAN_POINT('',(-36.,62.35382907248,2.6555E+03));
#423 = DIRECTION('',(0.,0.,1.));
#424 = DIRECTION('',(1.,0.,-0.));
#425 = DEFINITIONAL_REPRESENTATION('',(#426),#430);
#426 = LINE('',#427,#428);
#427 = CARTESIAN_POINT('',(0.,98.5));
#428 = VECTOR('',#429,1.);
#429 = DIRECTION('',(1.,0.));
#430 = ( GEOMETRIC_REPRESENTATION_CONTEXT(2) 
PARAMETRIC_REPRESENTATION_CONTEXT() REPRESENTATION_CONTEXT('2D SPACE',''
  ) );
#431 = ADVANCED_FACE('',(#432),#202,.T.);
#432 = FACE_BOUND('',#433,.T.);
#433 = EDGE_LOOP('',(#434,#435,#436,#437));
#434 = ORIENTED_EDGE('',*,*,#188,.F.);
#435 = ORIENTED_EDGE('',*,*,#317,.T.);
#436 = ORIENTED_EDGE('',*,*,#291,.T.);
#437 = ORIENTED_EDGE('',*,*,#219,.F.);
#438 = ADVANCED_FACE('',(#439),#358,.T.);
#439 = FACE_BOUND('',#440,.T.);
#440 = EDGE_LOOP('',(#441,#442,#465,#492));
#441 = ORIENTED_EDGE('',*,*,#341,.F.);
#442 = ORIENTED_EDGE('',*,*,#443,.F.);
#443 = EDGE_CURVE('',#444,#342,#446,.T.);
#444 = VERTEX_POINT('',#445);
#445 = CARTESIAN_POINT('',(-32.,-62.35382907248,2.6555E+03));
#446 = SEAM_CURVE('',#447,(#451,#458),.PCURVE_S1.);
#447 = LINE('',#448,#449);
#448 = CARTESIAN_POINT('',(-32.,-62.35382907248,2.6555E+03));
#449 = VECTOR('',#450,1.);
#450 = DIRECTION('',(0.,0.,1.));
#451 = PCURVE('',#358,#452);
#452 = DEFINITIONAL_REPRESENTATION('',(#453),#457);
#453 = LINE('',#454,#455);
#454 = CARTESIAN_POINT('',(6.28318530718,-0.));
#455 = VECTOR('',#456,1.);
#456 = DIRECTION('',(0.,1.));
#457 = ( GEOMETRIC_REPRESENTATION_CONTEXT(2) 
PARAMETRIC_REPRESENTATION_CONTEXT() REPRESENTATION_CONTEXT('2D SPACE',''
  ) );
#458 = PCURVE('',#358,#459);
#459 = DEFINITIONAL_REPRESENTATION('',(#460),#464);
#460 = LINE('',#461,#462);
#461 = CARTESIAN_POINT('',(0.,-0.));
#462 = VECTOR('',#463,1.);
#463 = DIRECTION('',(0.,1.));
#464 = ( GEOMETRIC_REPRESENTATION_CONTEXT(2) 
PARAMETRIC_REPRESENTATION_CONTEXT() REPRESENTATION_CONTEXT('2D SPACE',''
  ) );
#465 = ORIENTED_EDGE('',*,*,#466,.T.);
#466 = EDGE_CURVE('',#444,#444,#467,.T.);
#467 = SURFACE_CURVE('',#468,(#473,#480),.PCURVE_S1.);
#468 = CIRCLE('',#469,4.);
#469 = AXIS2_PLACEMENT_3D('',#470,#471,#472);
#470 = CARTESIAN_POINT('',(-36.,-62.35382907248,2.6555E+03));
#471 = DIRECTION('',(0.,0.,1.));
#472 = DIRECTION('',(1.,0.,-0.));
#473 = PCURVE('',#358,#474);
#474 = DEFINITIONAL_REPRESENTATION('',(#475),#479);
#475 = LINE('',#476,#477);
#476 = CARTESIAN_POINT('',(0.,0.));
#477 = VECTOR('',#478,1.);
#478 = DIRECTION('',(1.,0.));
#479 = ( GEOMETRIC_REPRESENTATION_CONTEXT(2) 
PARAMETRIC_REPRESENTATION_CONTEXT() REPRESENTATION_CONTEXT('2D SPACE',''
  ) );
#480 = PCURVE('',#481,#486);
#481 = PLANE('',#482);
#482 = AXIS2_PLACEMENT_3D('',#483,#484,#485);
#483 = CARTESIAN_POINT('',(-36.,-62.35382907248,2.6555E+03));
#484 = DIRECTION('',(0.,0.,1.));
#485 = DIRECTION('',(1.,0.,-0.));
#486 = DEFINITIONAL_REPRESENTATION('',(#487),#491);
#487 = CIRCLE('',#488,4.);
#488 = AXIS2_PLACEMENT_2D('',#489,#490);
#489 = CARTESIAN_POINT('',(0.,0.));
#490 = DIRECTION('',(1.,0.));
#491 = ( GEOMETRIC_REPRESENTATION_CONTEXT(2) 
PARAMETRIC_REPRESENTATION_CONTEXT() REPRESENTATION_CONTEXT('2D SPACE',''
  ) );
#492 = ORIENTED_EDGE('',*,*,#443,.T.);
#493 = ADVANCED_FACE('',(#494),#389,.T.);
#494 = FACE_BOUND('',#495,.T.);
#495 = EDGE_LOOP('',(#496,#497,#520,#547));
#496 = ORIENTED_EDGE('',*,*,#372,.F.);
#497 = ORIENTED_EDGE('',*,*,#498,.F.);
#498 = EDGE_CURVE('',#499,#373,#501,.T.);
#499 = VERTEX_POINT('',#500);
#500 = CARTESIAN_POINT('',(76.,-9.797174393179E-16,2.6555E+03));
#501 = SEAM_CURVE('',#502,(#506,#513),.PCURVE_S1.);
#502 = LINE('',#503,#504);
#503 = CARTESIAN_POINT('',(76.,-9.797174393179E-16,2.6555E+03));
#504 = VECTOR('',#505,1.);
#505 = DIRECTION('',(0.,0.,1.));
#506 = PCURVE('',#389,#507);
#507 = DEFINITIONAL_REPRESENTATION('',(#508),#512);
#508 = LINE('',#509,#510);
#509 = CARTESIAN_POINT('',(6.28318530718,-0.));
#510 = VECTOR('',#511,1.);
#511 = DIRECTION('',(0.,1.));
#512 = ( GEOMETRIC_REPRESENTATION_CONTEXT(2) 
PARAMETRIC_REPRESENTATION_CONTEXT() REPRESENTATION_CONTEXT('2D SPACE',''
  ) );
#513 = PCURVE('',#389,#514);
#514 = DEFINITIONAL_REPRESENTATION('',(#515),#519);
#515 = LINE('',#516,#517);
#516 = CARTESIAN_POINT('',(0.,-0.));
#517 = VECTOR('',#518,1.);
#518 = DIRECTION('',(0.,1.));
#519 = ( GEOMETRIC_REPRESENTATION_CONTEXT(2) 
PARAMETRIC_REPRESENTATION_CONTEXT() REPRESENTATION_CONTEXT('2D SPACE',''
  ) );
#520 = ORIENTED_EDGE('',*,*,#521,.T.);
#521 = EDGE_CURVE('',#499,#499,#522,.T.);
#522 = SURFACE_CURVE('',#523,(#528,#535),.PCURVE_S1.);
#523 = CIRCLE('',#524,4.);
#524 = AXIS2_PLACEMENT_3D('',#525,#526,#527);
#525 = CARTESIAN_POINT('',(72.,0.,2.6555E+03));
#526 = DIRECTION('',(0.,0.,1.));
#527 = DIRECTION('',(1.,0.,-0.));
#528 = PCURVE('',#389,#529);
#529 = DEFINITIONAL_REPRESENTATION('',(#530),#534);
#530 = LINE('',#531,#532);
#531 = CARTESIAN_POINT('',(0.,0.));
#532 = VECTOR('',#533,1.);
#533 = DIRECTION('',(1.,0.));
#534 = ( GEOMETRIC_REPRESENTATION_CONTEXT(2) 
PARAMETRIC_REPRESENTATION_CONTEXT() REPRESENTATION_CONTEXT('2D SPACE',''
  ) );
#535 = PCURVE('',#536,#541);
#536 = PLANE('',#537);
#537 = AXIS2_PLACEMENT_3D('',#538,#539,#540);
#538 = CARTESIAN_POINT('',(72.,0.,2.6555E+03));
#539 = DIRECTION('',(0.,0.,1.));
#540 = DIRECTION('',(1.,0.,-0.));
#541 = DEFINITIONAL_REPRESENTATION('',(#542),#546);
#542 = CIRCLE('',#543,4.);
#543 = AXIS2_PLACEMENT_2D('',#544,#545);
#544 = CARTESIAN_POINT('',(0.,0.));
#545 = DIRECTION('',(1.,0.));
#546 = ( GEOMETRIC_REPRESENTATION_CONTEXT(2) 
PARAMETRIC_REPRESENTATION_CONTEXT() REPRESENTATION_CONTEXT('2D SPACE',''
  ) );
#547 = ORIENTED_EDGE('',*,*,#498,.T.);
#548 = ADVANCED_FACE('',(#549),#420,.T.);
#549 = FACE_BOUND('',#550,.T.);
#550 = EDGE_LOOP('',(#551,#552,#575,#602));
#551 = ORIENTED_EDGE('',*,*,#403,.F.);
#552 = ORIENTED_EDGE('',*,*,#553,.F.);
#553 = EDGE_CURVE('',#554,#404,#556,.T.);
#554 = VERTEX_POINT('',#555);
#555 = CARTESIAN_POINT('',(-32.,62.35382907248,2.6555E+03));
#556 = SEAM_CURVE('',#557,(#561,#568),.PCURVE_S1.);
#557 = LINE('',#558,#559);
#558 = CARTESIAN_POINT('',(-32.,62.35382907248,2.6555E+03));
#559 = VECTOR('',#560,1.);
#560 = DIRECTION('',(0.,0.,1.));
#561 = PCURVE('',#420,#562);
#562 = DEFINITIONAL_REPRESENTATION('',(#563),#567);
#563 = LINE('',#564,#565);
#564 = CARTESIAN_POINT('',(6.28318530718,-0.));
#565 = VECTOR('',#566,1.);
#566 = DIRECTION('',(0.,1.));
#567 = ( GEOMETRIC_REPRESENTATION_CONTEXT(2) 
PARAMETRIC_REPRESENTATION_CONTEXT() REPRESENTATION_CONTEXT('2D SPACE',''
  ) );
#568 = PCURVE('',#420,#569);
#569 = DEFINITIONAL_REPRESENTATION('',(#570),#574);
#570 = LINE('',#571,#572);
#571 = CARTESIAN_POINT('',(0.,-0.));
#572 = VECTOR('',#573,1.);
#573 = DIRECTION('',(0.,1.));
#574 = ( GEOMETRIC_REPRESENTATION_CONTEXT(2) 
PARAMETRIC_REPRESENTATION_CONTEXT() REPRESENTATION_CONTEXT('2D SPACE',''
  ) );
#575 = ORIENTED_EDGE('',*,*,#576,.T.);
#576 = EDGE_CURVE('',#554,#554,#577,.T.);
#577 = SURFACE_CURVE('',#578,(#583,#590),.PCURVE_S1.);
#578 = CIRCLE('',#579,4.);
#579 = AXIS2_PLACEMENT_3D('',#580,#581,#582);
#580 = CARTESIAN_POINT('',(-36.,62.35382907248,2.6555E+03));
#581 = DIRECTION('',(0.,0.,1.));
#582 = DIRECTION('',(1.,0.,-0.));
#583 = PCURVE('',#420,#584);
#584 = DEFINITIONAL_REPRESENTATION('',(#585),#589);
#585 = LINE('',#586,#587);
#586 = CARTESIAN_POINT('',(0.,0.));
#587 = VECTOR('',#588,1.);
#588 = DIRECTION('',(1.,0.));
#589 = ( GEOMETRIC_REPRESENTATION_CONTEXT(2) 
PARAMETRIC_REPRESENTATION_CONTEXT() REPRESENTATION_CONTEXT('2D SPACE',''
  ) );
#590 = PCURVE('',#591,#596);
#591 = PLANE('',#592);
#592 = AXIS2_PLACEMENT_3D('',#593,#594,#595);
#593 = CARTESIAN_POINT('',(-36.,62.35382907248,2.6555E+03));
#594 = DIRECTION('',(0.,0.,1.));
#595 = DIRECTION('',(1.,0.,-0.));
#596 = DEFINITIONAL_REPRESENTATION('',(#597),#601);
#597 = CIRCLE('',#598,4.);
#598 = AXIS2_PLACEMENT_2D('',#599,#600);
#599 = CARTESIAN_POINT('',(0.,0.));
#600 = DIRECTION('',(1.,0.));
#601 = ( GEOMETRIC_REPRESENTATION_CONTEXT(2) 
PARAMETRIC_REPRESENTATION_CONTEXT() REPRESENTATION_CONTEXT('2D SPACE',''
  ) );
#602 = ORIENTED_EDGE('',*,*,#553,.T.);
#603 = ADVANCED_FACE('',(#604),#481,.F.);
#604 = FACE_BOUND('',#605,.T.);
#605 = EDGE_LOOP('',(#606));
#606 = ORIENTED_EDGE('',*,*,#466,.F.);
#607 = ADVANCED_FACE('',(#608),#536,.F.);
#608 = FACE_BOUND('',#609,.T.);
#609 = EDGE_LOOP('',(#610));
#610 = ORIENTED_EDGE('',*,*,#521,.F.);
#611 = ADVANCED_FACE('',(#612),#591,.F.);
#612 = FACE_BOUND('',#613,.T.);
#613 = EDGE_LOOP('',(#614));
#614 = ORIENTED_EDGE('',*,*,#576,.F.);
#615 = MANIFOLD_SOLID_BREP('',#616);
#616 = CLOSED_SHELL('',(#617,#705,#740,#770));
#617 = ADVANCED_FACE('',(#618),#631,.T.);
#618 = FACE_BOUND('',#619,.T.);
#619 = EDGE_LOOP('',(#620,#654,#677,#704));
#620 = ORIENTED_EDGE('',*,*,#621,.F.);
#621 = EDGE_CURVE('',#622,#622,#624,.T.);
#622 = VERTEX_POINT('',#623);
#623 = CARTESIAN_POINT('',(80.,-1.959434878636E-14,2.7455E+03));
#624 = SURFACE_CURVE('',#625,(#630,#642),.PCURVE_S1.);
#625 = CIRCLE('',#626,80.);
#626 = AXIS2_PLACEMENT_3D('',#627,#628,#629);
#627 = CARTESIAN_POINT('',(0.,0.,2.7455E+03));
#628 = DIRECTION('',(0.,0.,1.));
#629 = DIRECTION('',(1.,0.,-0.));
#630 = PCURVE('',#631,#636);
#631 = CYLINDRICAL_SURFACE('',#632,80.);
#632 = AXIS2_PLACEMENT_3D('',#633,#634,#635);
#633 = CARTESIAN_POINT('',(0.,0.,2.0455E+03));
#634 = DIRECTION('',(0.,0.,1.));
#635 = DIRECTION('',(1.,0.,-0.));
#636 = DEFINITIONAL_REPRESENTATION('',(#637),#641);
#637 = LINE('',#638,#639);
#638 = CARTESIAN_POINT('',(0.,700.));
#639 = VECTOR('',#640,1.);
#640 = DIRECTION('',(1.,0.));
#641 = ( GEOMETRIC_REPRESENTATION_CONTEXT(2) 
PARAMETRIC_REPRESENTATION_CONTEXT() REPRESENTATION_CONTEXT('2D SPACE',''
  ) );
#642 = PCURVE('',#643,#648);
#643 = PLANE('',#644);
#644 = AXIS2_PLACEMENT_3D('',#645,#646,#647);
#645 = CARTESIAN_POINT('',(0.,0.,2.7455E+03));
#646 = DIRECTION('',(0.,0.,1.));
#647 = DIRECTION('',(1.,0.,-0.));
#648 = DEFINITIONAL_REPRESENTATION('',(#649),#653);
#649 = CIRCLE('',#650,80.);
#650 = AXIS2_PLACEMENT_2D('',#651,#652);
#651 = CARTESIAN_POINT('',(0.,0.));
#652 = DIRECTION('',(1.,0.));
#653 = ( GEOMETRIC_REPRESENTATION_CONTEXT(2) 
PARAMETRIC_REPRESENTATION_CONTEXT() REPRESENTATION_CONTEXT('2D SPACE',''
  ) );
#654 = ORIENTED_EDGE('',*,*,#655,.F.);
#655 = EDGE_CURVE('',#656,#622,#658,.T.);
#656 = VERTEX_POINT('',#657);
#657 = CARTESIAN_POINT('',(80.,-1.959434878636E-14,2.0455E+03));
#658 = SEAM_CURVE('',#659,(#663,#670),.PCURVE_S1.);
#659 = LINE('',#660,#661);
#660 = CARTESIAN_POINT('',(80.,-1.959434878636E-14,2.0455E+03));
#661 = VECTOR('',#662,1.);
#662 = DIRECTION('',(0.,0.,1.));
#663 = PCURVE('',#631,#664);
#664 = DEFINITIONAL_REPRESENTATION('',(#665),#669);
#665 = LINE('',#666,#667);
#666 = CARTESIAN_POINT('',(6.28318530718,-0.));
#667 = VECTOR('',#668,1.);
#668 = DIRECTION('',(0.,1.));
#669 = ( GEOMETRIC_REPRESENTATION_CONTEXT(2) 
PARAMETRIC_REPRESENTATION_CONTEXT() REPRESENTATION_CONTEXT('2D SPACE',''
  ) );
#670 = PCURVE('',#631,#671);
#671 = DEFINITIONAL_REPRESENTATION('',(#672),#676);
#672 = LINE('',#673,#674);
#673 = CARTESIAN_POINT('',(0.,-0.));
#674 = VECTOR('',#675,1.);
#675 = DIRECTION('',(0.,1.));
#676 = ( GEOMETRIC_REPRESENTATION_CONTEXT(2) 
PARAMETRIC_REPRESENTATION_CONTEXT() REPRESENTATION_CONTEXT('2D SPACE',''
  ) );
#677 = ORIENTED_EDGE('',*,*,#678,.T.);
#678 = EDGE_CURVE('',#656,#656,#679,.T.);
#679 = SURFACE_CURVE('',#680,(#685,#692),.PCURVE_S1.);
#680 = CIRCLE('',#681,80.);
#681 = AXIS2_PLACEMENT_3D('',#682,#683,#684);
#682 = CARTESIAN_POINT('',(0.,0.,2.0455E+03));
#683 = DIRECTION('',(0.,0.,1.));
#684 = DIRECTION('',(1.,0.,-0.));
#685 = PCURVE('',#631,#686);
#686 = DEFINITIONAL_REPRESENTATION('',(#687),#691);
#687 = LINE('',#688,#689);
#688 = CARTESIAN_POINT('',(0.,0.));
#689 = VECTOR('',#690,1.);
#690 = DIRECTION('',(1.,0.));
#691 = ( GEOMETRIC_REPRESENTATION_CONTEXT(2) 
PARAMETRIC_REPRESENTATION_CONTEXT() REPRESENTATION_CONTEXT('2D SPACE',''
  ) );
#692 = PCURVE('',#693,#698);
#693 = PLANE('',#694);
#694 = AXIS2_PLACEMENT_3D('',#695,#696,#697);
#695 = CARTESIAN_POINT('',(0.,0.,2.0455E+03));
#696 = DIRECTION('',(0.,0.,1.));
#697 = DIRECTION('',(1.,0.,-0.));
#698 = DEFINITIONAL_REPRESENTATION('',(#699),#703);
#699 = CIRCLE('',#700,80.);
#700 = AXIS2_PLACEMENT_2D('',#701,#702);
#701 = CARTESIAN_POINT('',(0.,0.));
#702 = DIRECTION('',(1.,0.));
#703 = ( GEOMETRIC_REPRESENTATION_CONTEXT(2) 
PARAMETRIC_REPRESENTATION_CONTEXT() REPRESENTATION_CONTEXT('2D SPACE',''
  ) );
#704 = ORIENTED_EDGE('',*,*,#655,.T.);
#705 = ADVANCED_FACE('',(#706,#709),#643,.T.);
#706 = FACE_BOUND('',#707,.T.);
#707 = EDGE_LOOP('',(#708));
#708 = ORIENTED_EDGE('',*,*,#621,.T.);
#709 = FACE_BOUND('',#710,.T.);
#710 = EDGE_LOOP('',(#711));
#711 = ORIENTED_EDGE('',*,*,#712,.F.);
#712 = EDGE_CURVE('',#713,#713,#715,.T.);
#713 = VERTEX_POINT('',#714);
#714 = CARTESIAN_POINT('',(78.,-1.91044900667E-14,2.7455E+03));
#715 = SURFACE_CURVE('',#716,(#721,#728),.PCURVE_S1.);
#716 = CIRCLE('',#717,78.);
#717 = AXIS2_PLACEMENT_3D('',#718,#719,#720);
#718 = CARTESIAN_POINT('',(0.,0.,2.7455E+03));
#719 = DIRECTION('',(0.,0.,1.));
#720 = DIRECTION('',(1.,0.,-0.));
#721 = PCURVE('',#643,#722);
#722 = DEFINITIONAL_REPRESENTATION('',(#723),#727);
#723 = CIRCLE('',#724,78.);
#724 = AXIS2_PLACEMENT_2D('',#725,#726);
#725 = CARTESIAN_POINT('',(0.,0.));
#726 = DIRECTION('',(1.,0.));
#727 = ( GEOMETRIC_REPRESENTATION_CONTEXT(2) 
PARAMETRIC_REPRESENTATION_CONTEXT() REPRESENTATION_CONTEXT('2D SPACE',''
  ) );
#728 = PCURVE('',#729,#734);
#729 = CYLINDRICAL_SURFACE('',#730,78.);
#730 = AXIS2_PLACEMENT_3D('',#731,#732,#733);
#731 = CARTESIAN_POINT('',(0.,0.,2.0445E+03));
#732 = DIRECTION('',(0.,0.,1.));
#733 = DIRECTION('',(1.,0.,-0.));
#734 = DEFINITIONAL_REPRESENTATION('',(#735),#739);
#735 = LINE('',#736,#737);
#736 = CARTESIAN_POINT('',(0.,701.));
#737 = VECTOR('',#738,1.);
#738 = DIRECTION('',(1.,0.));
#739 = ( GEOMETRIC_REPRESENTATION_CONTEXT(2) 
PARAMETRIC_REPRESENTATION_CONTEXT() REPRESENTATION_CONTEXT('2D SPACE',''
  ) );
#740 = ADVANCED_FACE('',(#741,#744),#693,.F.);
#741 = FACE_BOUND('',#742,.F.);
#742 = EDGE_LOOP('',(#743));
#743 = ORIENTED_EDGE('',*,*,#678,.T.);
#744 = FACE_BOUND('',#745,.F.);
#745 = EDGE_LOOP('',(#746));
#746 = ORIENTED_EDGE('',*,*,#747,.F.);
#747 = EDGE_CURVE('',#748,#748,#750,.T.);
#748 = VERTEX_POINT('',#749);
#749 = CARTESIAN_POINT('',(78.,-1.91044900667E-14,2.0455E+03));
#750 = SURFACE_CURVE('',#751,(#756,#763),.PCURVE_S1.);
#751 = CIRCLE('',#752,78.);
#752 = AXIS2_PLACEMENT_3D('',#753,#754,#755);
#753 = CARTESIAN_POINT('',(0.,0.,2.0455E+03));
#754 = DIRECTION('',(0.,0.,1.));
#755 = DIRECTION('',(1.,0.,-0.));
#756 = PCURVE('',#693,#757);
#757 = DEFINITIONAL_REPRESENTATION('',(#758),#762);
#758 = CIRCLE('',#759,78.);
#759 = AXIS2_PLACEMENT_2D('',#760,#761);
#760 = CARTESIAN_POINT('',(0.,0.));
#761 = DIRECTION('',(1.,0.));
#762 = ( GEOMETRIC_REPRESENTATION_CONTEXT(2) 
PARAMETRIC_REPRESENTATION_CONTEXT() REPRESENTATION_CONTEXT('2D SPACE',''
  ) );
#763 = PCURVE('',#729,#764);
#764 = DEFINITIONAL_REPRESENTATION('',(#765),#769);
#765 = LINE('',#766,#767);
#766 = CARTESIAN_POINT('',(0.,1.));
#767 = VECTOR('',#768,1.);
#768 = DIRECTION('',(1.,0.));
#769 = ( GEOMETRIC_REPRESENTATION_CONTEXT(2) 
PARAMETRIC_REPRESENTATION_CONTEXT() REPRESENTATION_CONTEXT('2D SPACE',''
  ) );
#770 = ADVANCED_FACE('',(#771),#729,.F.);
#771 = FACE_BOUND('',#772,.F.);
#772 = EDGE_LOOP('',(#773,#774,#795,#796));
#773 = ORIENTED_EDGE('',*,*,#712,.F.);
#774 = ORIENTED_EDGE('',*,*,#775,.F.);
#775 = EDGE_CURVE('',#748,#713,#776,.T.);
#776 = SEAM_CURVE('',#777,(#781,#788),.PCURVE_S1.);
#777 = LINE('',#778,#779);
#778 = CARTESIAN_POINT('',(78.,-1.91044900667E-14,2.0445E+03));
#779 = VECTOR('',#780,1.);
#780 = DIRECTION('',(0.,0.,1.));
#781 = PCURVE('',#729,#782);
#782 = DEFINITIONAL_REPRESENTATION('',(#783),#787);
#783 = LINE('',#784,#785);
#784 = CARTESIAN_POINT('',(6.28318530718,-0.));
#785 = VECTOR('',#786,1.);
#786 = DIRECTION('',(0.,1.));
#787 = ( GEOMETRIC_REPRESENTATION_CONTEXT(2) 
PARAMETRIC_REPRESENTATION_CONTEXT() REPRESENTATION_CONTEXT('2D SPACE',''
  ) );
#788 = PCURVE('',#729,#789);
#789 = DEFINITIONAL_REPRESENTATION('',(#790),#794);
#790 = LINE('',#791,#792);
#791 = CARTESIAN_POINT('',(0.,-0.));
#792 = VECTOR('',#793,1.);
#793 = DIRECTION('',(0.,1.));
#794 = ( GEOMETRIC_REPRESENTATION_CONTEXT(2) 
PARAMETRIC_REPRESENTATION_CONTEXT() REPRESENTATION_CONTEXT('2D SPACE',''
  ) );
#795 = ORIENTED_EDGE('',*,*,#747,.T.);
#796 = ORIENTED_EDGE('',*,*,#775,.T.);
#797 = MANIFOLD_SOLID_BREP('',#798);
#798 = CLOSED_SHELL('',(#799,#887,#953,#1014,#1041,#1096,#1151,#1155));
#799 = ADVANCED_FACE('',(#800),#813,.T.);
#800 = FACE_BOUND('',#801,.T.);
#801 = EDGE_LOOP('',(#802,#836,#859,#886));
#802 = ORIENTED_EDGE('',*,*,#803,.F.);
#803 = EDGE_CURVE('',#804,#804,#806,.T.);
#804 = VERTEX_POINT('',#805);
#805 = CARTESIAN_POINT('',(215.,-5.265981236334E-14,2.0505E+03));
#806 = SURFACE_CURVE('',#807,(#812,#824),.PCURVE_S1.);
#807 = CIRCLE('',#808,215.);
#808 = AXIS2_PLACEMENT_3D('',#809,#810,#811);
#809 = CARTESIAN_POINT('',(0.,0.,2.0505E+03));
#810 = DIRECTION('',(0.,0.,1.));
#811 = DIRECTION('',(1.,0.,-0.));
#812 = PCURVE('',#813,#818);
#813 = CYLINDRICAL_SURFACE('',#814,215.);
#814 = AXIS2_PLACEMENT_3D('',#815,#816,#817);
#815 = CARTESIAN_POINT('',(0.,0.,2.0485E+03));
#816 = DIRECTION('',(0.,0.,1.));
#817 = DIRECTION('',(1.,0.,-0.));
#818 = DEFINITIONAL_REPRESENTATION('',(#819),#823);
#819 = LINE('',#820,#821);
#820 = CARTESIAN_POINT('',(0.,2.));
#821 = VECTOR('',#822,1.);
#822 = DIRECTION('',(1.,0.));
#823 = ( GEOMETRIC_REPRESENTATION_CONTEXT(2) 
PARAMETRIC_REPRESENTATION_CONTEXT() REPRESENTATION_CONTEXT('2D SPACE',''
  ) );
#824 = PCURVE('',#825,#830);
#825 = PLANE('',#826);
#826 = AXIS2_PLACEMENT_3D('',#827,#828,#829);
#827 = CARTESIAN_POINT('',(0.,0.,2.0505E+03));
#828 = DIRECTION('',(0.,0.,1.));
#829 = DIRECTION('',(1.,0.,-0.));
#830 = DEFINITIONAL_REPRESENTATION('',(#831),#835);
#831 = CIRCLE('',#832,215.);
#832 = AXIS2_PLACEMENT_2D('',#833,#834);
#833 = CARTESIAN_POINT('',(0.,0.));
#834 = DIRECTION('',(1.,0.));
#835 = ( GEOMETRIC_REPRESENTATION_CONTEXT(2) 
PARAMETRIC_REPRESENTATION_CONTEXT() REPRESENTATION_CONTEXT('2D SPACE',''
  ) );
#836 = ORIENTED_EDGE('',*,*,#837,.F.);
#837 = EDGE_CURVE('',#838,#804,#840,.T.);
#838 = VERTEX_POINT('',#839);
#839 = CARTESIAN_POINT('',(215.,-5.265981236334E-14,2.0485E+03));
#840 = SEAM_CURVE('',#841,(#845,#852),.PCURVE_S1.);
#841 = LINE('',#842,#843);
#842 = CARTESIAN_POINT('',(215.,-5.265981236334E-14,2.0485E+03));
#843 = VECTOR('',#844,1.);
#844 = DIRECTION('',(0.,0.,1.));
#845 = PCURVE('',#813,#846);
#846 = DEFINITIONAL_REPRESENTATION('',(#847),#851);
#847 = LINE('',#848,#849);
#848 = CARTESIAN_POINT('',(6.28318530718,-0.));
#849 = VECTOR('',#850,1.);
#850 = DIRECTION('',(0.,1.));
#851 = ( GEOMETRIC_REPRESENTATION_CONTEXT(2) 
PARAMETRIC_REPRESENTATION_CONTEXT() REPRESENTATION_CONTEXT('2D SPACE',''
  ) );
#852 = PCURVE('',#813,#853);
#853 = DEFINITIONAL_REPRESENTATION('',(#854),#858);
#854 = LINE('',#855,#856);
#855 = CARTESIAN_POINT('',(0.,-0.));
#856 = VECTOR('',#857,1.);
#857 = DIRECTION('',(0.,1.));
#858 = ( GEOMETRIC_REPRESENTATION_CONTEXT(2) 
PARAMETRIC_REPRESENTATION_CONTEXT() REPRESENTATION_CONTEXT('2D SPACE',''
  ) );
#859 = ORIENTED_EDGE('',*,*,#860,.T.);
#860 = EDGE_CURVE('',#838,#838,#861,.T.);
#861 = SURFACE_CURVE('',#862,(#867,#874),.PCURVE_S1.);
#862 = CIRCLE('',#863,215.);
#863 = AXIS2_PLACEMENT_3D('',#864,#865,#866);
#864 = CARTESIAN_POINT('',(0.,0.,2.0485E+03));
#865 = DIRECTION('',(0.,0.,1.));
#866 = DIRECTION('',(1.,0.,-0.));
#867 = PCURVE('',#813,#868);
#868 = DEFINITIONAL_REPRESENTATION('',(#869),#873);
#869 = LINE('',#870,#871);
#870 = CARTESIAN_POINT('',(0.,0.));
#871 = VECTOR('',#872,1.);
#872 = DIRECTION('',(1.,0.));
#873 = ( GEOMETRIC_REPRESENTATION_CONTEXT(2) 
PARAMETRIC_REPRESENTATION_CONTEXT() REPRESENTATION_CONTEXT('2D SPACE',''
  ) );
#874 = PCURVE('',#875,#880);
#875 = PLANE('',#876);
#876 = AXIS2_PLACEMENT_3D('',#877,#878,#879);
#877 = CARTESIAN_POINT('',(0.,0.,2.0485E+03));
#878 = DIRECTION('',(0.,0.,1.));
#879 = DIRECTION('',(1.,0.,-0.));
#880 = DEFINITIONAL_REPRESENTATION('',(#881),#885);
#881 = CIRCLE('',#882,215.);
#882 = AXIS2_PLACEMENT_2D('',#883,#884);
#883 = CARTESIAN_POINT('',(0.,0.));
#884 = DIRECTION('',(1.,0.));
#885 = ( GEOMETRIC_REPRESENTATION_CONTEXT(2) 
PARAMETRIC_REPRESENTATION_CONTEXT() REPRESENTATION_CONTEXT('2D SPACE',''
  ) );
#886 = ORIENTED_EDGE('',*,*,#837,.T.);
#887 = ADVANCED_FACE('',(#888,#891,#922),#825,.T.);
#888 = FACE_BOUND('',#889,.T.);
#889 = EDGE_LOOP('',(#890));
#890 = ORIENTED_EDGE('',*,*,#803,.T.);
#891 = FACE_BOUND('',#892,.T.);
#892 = EDGE_LOOP('',(#893));
#893 = ORIENTED_EDGE('',*,*,#894,.F.);
#894 = EDGE_CURVE('',#895,#895,#897,.T.);
#895 = VERTEX_POINT('',#896);
#896 = CARTESIAN_POINT('',(89.,-2.179871302482E-14,2.0505E+03));
#897 = SURFACE_CURVE('',#898,(#903,#910),.PCURVE_S1.);
#898 = CIRCLE('',#899,89.);
#899 = AXIS2_PLACEMENT_3D('',#900,#901,#902);
#900 = CARTESIAN_POINT('',(0.,0.,2.0505E+03));
#901 = DIRECTION('',(0.,0.,1.));
#902 = DIRECTION('',(1.,0.,-0.));
#903 = PCURVE('',#825,#904);
#904 = DEFINITIONAL_REPRESENTATION('',(#905),#909);
#905 = CIRCLE('',#906,89.);
#906 = AXIS2_PLACEMENT_2D('',#907,#908);
#907 = CARTESIAN_POINT('',(0.,0.));
#908 = DIRECTION('',(1.,0.));
#909 = ( GEOMETRIC_REPRESENTATION_CONTEXT(2) 
PARAMETRIC_REPRESENTATION_CONTEXT() REPRESENTATION_CONTEXT('2D SPACE',''
  ) );
#910 = PCURVE('',#911,#916);
#911 = CYLINDRICAL_SURFACE('',#912,89.);
#912 = AXIS2_PLACEMENT_3D('',#913,#914,#915);
#913 = CARTESIAN_POINT('',(0.,0.,2.0435E+03));
#914 = DIRECTION('',(0.,0.,1.));
#915 = DIRECTION('',(1.,0.,-0.));
#916 = DEFINITIONAL_REPRESENTATION('',(#917),#921);
#917 = LINE('',#918,#919);
#918 = CARTESIAN_POINT('',(0.,7.));
#919 = VECTOR('',#920,1.);
#920 = DIRECTION('',(1.,0.));
#921 = ( GEOMETRIC_REPRESENTATION_CONTEXT(2) 
PARAMETRIC_REPRESENTATION_CONTEXT() REPRESENTATION_CONTEXT('2D SPACE',''
  ) );
#922 = FACE_BOUND('',#923,.T.);
#923 = EDGE_LOOP('',(#924));
#924 = ORIENTED_EDGE('',*,*,#925,.F.);
#925 = EDGE_CURVE('',#926,#926,#928,.T.);
#926 = VERTEX_POINT('',#927);
#927 = CARTESIAN_POINT('',(12.,170.,2.0505E+03));
#928 = SURFACE_CURVE('',#929,(#934,#941),.PCURVE_S1.);
#929 = CIRCLE('',#930,12.);
#930 = AXIS2_PLACEMENT_3D('',#931,#932,#933);
#931 = CARTESIAN_POINT('',(0.,170.,2.0505E+03));
#932 = DIRECTION('',(0.,0.,1.));
#933 = DIRECTION('',(1.,0.,-0.));
#934 = PCURVE('',#825,#935);
#935 = DEFINITIONAL_REPRESENTATION('',(#936),#940);
#936 = CIRCLE('',#937,12.);
#937 = AXIS2_PLACEMENT_2D('',#938,#939);
#938 = CARTESIAN_POINT('',(0.,170.));
#939 = DIRECTION('',(1.,0.));
#940 = ( GEOMETRIC_REPRESENTATION_CONTEXT(2) 
PARAMETRIC_REPRESENTATION_CONTEXT() REPRESENTATION_CONTEXT('2D SPACE',''
  ) );
#941 = PCURVE('',#942,#947);
#942 = CYLINDRICAL_SURFACE('',#943,12.);
#943 = AXIS2_PLACEMENT_3D('',#944,#945,#946);
#944 = CARTESIAN_POINT('',(0.,170.,2.0455E+03));
#945 = DIRECTION('',(0.,0.,1.));
#946 = DIRECTION('',(1.,0.,-0.));
#947 = DEFINITIONAL_REPRESENTATION('',(#948),#952);
#948 = LINE('',#949,#950);
#949 = CARTESIAN_POINT('',(0.,5.));
#950 = VECTOR('',#951,1.);
#951 = DIRECTION('',(1.,0.));
#952 = ( GEOMETRIC_REPRESENTATION_CONTEXT(2) 
PARAMETRIC_REPRESENTATION_CONTEXT() REPRESENTATION_CONTEXT('2D SPACE',''
  ) );
#953 = ADVANCED_FACE('',(#954,#957,#983),#875,.F.);
#954 = FACE_BOUND('',#955,.F.);
#955 = EDGE_LOOP('',(#956));
#956 = ORIENTED_EDGE('',*,*,#860,.T.);
#957 = FACE_BOUND('',#958,.F.);
#958 = EDGE_LOOP('',(#959));
#959 = ORIENTED_EDGE('',*,*,#960,.F.);
#960 = EDGE_CURVE('',#961,#961,#963,.T.);
#961 = VERTEX_POINT('',#962);
#962 = CARTESIAN_POINT('',(89.,-2.179871302482E-14,2.0485E+03));
#963 = SURFACE_CURVE('',#964,(#969,#976),.PCURVE_S1.);
#964 = CIRCLE('',#965,89.);
#965 = AXIS2_PLACEMENT_3D('',#966,#967,#968);
#966 = CARTESIAN_POINT('',(0.,0.,2.0485E+03));
#967 = DIRECTION('',(0.,0.,1.));
#968 = DIRECTION('',(1.,0.,-0.));
#969 = PCURVE('',#875,#970);
#970 = DEFINITIONAL_REPRESENTATION('',(#971),#975);
#971 = CIRCLE('',#972,89.);
#972 = AXIS2_PLACEMENT_2D('',#973,#974);
#973 = CARTESIAN_POINT('',(0.,0.));
#974 = DIRECTION('',(1.,0.));
#975 = ( GEOMETRIC_REPRESENTATION_CONTEXT(2) 
PARAMETRIC_REPRESENTATION_CONTEXT() REPRESENTATION_CONTEXT('2D SPACE',''
  ) );
#976 = PCURVE('',#911,#977);
#977 = DEFINITIONAL_REPRESENTATION('',(#978),#982);
#978 = LINE('',#979,#980);
#979 = CARTESIAN_POINT('',(0.,5.));
#980 = VECTOR('',#981,1.);
#981 = DIRECTION('',(1.,0.));
#982 = ( GEOMETRIC_REPRESENTATION_CONTEXT(2) 
PARAMETRIC_REPRESENTATION_CONTEXT() REPRESENTATION_CONTEXT('2D SPACE',''
  ) );
#983 = FACE_BOUND('',#984,.F.);
#984 = EDGE_LOOP('',(#985));
#985 = ORIENTED_EDGE('',*,*,#986,.F.);
#986 = EDGE_CURVE('',#987,#987,#989,.T.);
#987 = VERTEX_POINT('',#988);
#988 = CARTESIAN_POINT('',(12.,170.,2.0485E+03));
#989 = SURFACE_CURVE('',#990,(#995,#1002),.PCURVE_S1.);
#990 = CIRCLE('',#991,12.);
#991 = AXIS2_PLACEMENT_3D('',#992,#993,#994);
#992 = CARTESIAN_POINT('',(0.,170.,2.0485E+03));
#993 = DIRECTION('',(0.,0.,1.));
#994 = DIRECTION('',(1.,0.,-0.));
#995 = PCURVE('',#875,#996);
#996 = DEFINITIONAL_REPRESENTATION('',(#997),#1001);
#997 = CIRCLE('',#998,12.);
#998 = AXIS2_PLACEMENT_2D('',#999,#1000);
#999 = CARTESIAN_POINT('',(0.,170.));
#1000 = DIRECTION('',(1.,0.));
#1001 = ( GEOMETRIC_REPRESENTATION_CONTEXT(2) 
PARAMETRIC_REPRESENTATION_CONTEXT() REPRESENTATION_CONTEXT('2D SPACE',''
  ) );
#1002 = PCURVE('',#1003,#1008);
#1003 = CYLINDRICAL_SURFACE('',#1004,12.);
#1004 = AXIS2_PLACEMENT_3D('',#1005,#1006,#1007);
#1005 = CARTESIAN_POINT('',(0.,170.,2.0455E+03));
#1006 = DIRECTION('',(0.,0.,1.));
#1007 = DIRECTION('',(1.,0.,-0.));
#1008 = DEFINITIONAL_REPRESENTATION('',(#1009),#1013);
#1009 = LINE('',#1010,#1011);
#1010 = CARTESIAN_POINT('',(0.,3.));
#1011 = VECTOR('',#1012,1.);
#1012 = DIRECTION('',(1.,0.));
#1013 = ( GEOMETRIC_REPRESENTATION_CONTEXT(2) 
PARAMETRIC_REPRESENTATION_CONTEXT() REPRESENTATION_CONTEXT('2D SPACE',''
  ) );
#1014 = ADVANCED_FACE('',(#1015),#911,.F.);
#1015 = FACE_BOUND('',#1016,.F.);
#1016 = EDGE_LOOP('',(#1017,#1018,#1039,#1040));
#1017 = ORIENTED_EDGE('',*,*,#894,.F.);
#1018 = ORIENTED_EDGE('',*,*,#1019,.F.);
#1019 = EDGE_CURVE('',#961,#895,#1020,.T.);
#1020 = SEAM_CURVE('',#1021,(#1025,#1032),.PCURVE_S1.);
#1021 = LINE('',#1022,#1023);
#1022 = CARTESIAN_POINT('',(89.,-2.179871302482E-14,2.0435E+03));
#1023 = VECTOR('',#1024,1.);
#1024 = DIRECTION('',(0.,0.,1.));
#1025 = PCURVE('',#911,#1026);
#1026 = DEFINITIONAL_REPRESENTATION('',(#1027),#1031);
#1027 = LINE('',#1028,#1029);
#1028 = CARTESIAN_POINT('',(6.28318530718,-0.));
#1029 = VECTOR('',#1030,1.);
#1030 = DIRECTION('',(0.,1.));
#1031 = ( GEOMETRIC_REPRESENTATION_CONTEXT(2) 
PARAMETRIC_REPRESENTATION_CONTEXT() REPRESENTATION_CONTEXT('2D SPACE',''
  ) );
#1032 = PCURVE('',#911,#1033);
#1033 = DEFINITIONAL_REPRESENTATION('',(#1034),#1038);
#1034 = LINE('',#1035,#1036);
#1035 = CARTESIAN_POINT('',(0.,-0.));
#1036 = VECTOR('',#1037,1.);
#1037 = DIRECTION('',(0.,1.));
#1038 = ( GEOMETRIC_REPRESENTATION_CONTEXT(2) 
PARAMETRIC_REPRESENTATION_CONTEXT() REPRESENTATION_CONTEXT('2D SPACE',''
  ) );
#1039 = ORIENTED_EDGE('',*,*,#960,.T.);
#1040 = ORIENTED_EDGE('',*,*,#1019,.T.);
#1041 = ADVANCED_FACE('',(#1042),#942,.T.);
#1042 = FACE_BOUND('',#1043,.T.);
#1043 = EDGE_LOOP('',(#1044,#1067,#1094,#1095));
#1044 = ORIENTED_EDGE('',*,*,#1045,.T.);
#1045 = EDGE_CURVE('',#926,#1046,#1048,.T.);
#1046 = VERTEX_POINT('',#1047);
#1047 = CARTESIAN_POINT('',(12.,170.,2.1355E+03));
#1048 = SEAM_CURVE('',#1049,(#1053,#1060),.PCURVE_S1.);
#1049 = LINE('',#1050,#1051);
#1050 = CARTESIAN_POINT('',(12.,170.,2.0455E+03));
#1051 = VECTOR('',#1052,1.);
#1052 = DIRECTION('',(0.,0.,1.));
#1053 = PCURVE('',#942,#1054);
#1054 = DEFINITIONAL_REPRESENTATION('',(#1055),#1059);
#1055 = LINE('',#1056,#1057);
#1056 = CARTESIAN_POINT('',(6.28318530718,-0.));
#1057 = VECTOR('',#1058,1.);
#1058 = DIRECTION('',(0.,1.));
#1059 = ( GEOMETRIC_REPRESENTATION_CONTEXT(2) 
PARAMETRIC_REPRESENTATION_CONTEXT() REPRESENTATION_CONTEXT('2D SPACE',''
  ) );
#1060 = PCURVE('',#942,#1061);
#1061 = DEFINITIONAL_REPRESENTATION('',(#1062),#1066);
#1062 = LINE('',#1063,#1064);
#1063 = CARTESIAN_POINT('',(0.,-0.));
#1064 = VECTOR('',#1065,1.);
#1065 = DIRECTION('',(0.,1.));
#1066 = ( GEOMETRIC_REPRESENTATION_CONTEXT(2) 
PARAMETRIC_REPRESENTATION_CONTEXT() REPRESENTATION_CONTEXT('2D SPACE',''
  ) );
#1067 = ORIENTED_EDGE('',*,*,#1068,.F.);
#1068 = EDGE_CURVE('',#1046,#1046,#1069,.T.);
#1069 = SURFACE_CURVE('',#1070,(#1075,#1082),.PCURVE_S1.);
#1070 = CIRCLE('',#1071,12.);
#1071 = AXIS2_PLACEMENT_3D('',#1072,#1073,#1074);
#1072 = CARTESIAN_POINT('',(0.,170.,2.1355E+03));
#1073 = DIRECTION('',(0.,0.,1.));
#1074 = DIRECTION('',(1.,0.,-0.));
#1075 = PCURVE('',#942,#1076);
#1076 = DEFINITIONAL_REPRESENTATION('',(#1077),#1081);
#1077 = LINE('',#1078,#1079);
#1078 = CARTESIAN_POINT('',(0.,90.));
#1079 = VECTOR('',#1080,1.);
#1080 = DIRECTION('',(1.,0.));
#1081 = ( GEOMETRIC_REPRESENTATION_CONTEXT(2) 
PARAMETRIC_REPRESENTATION_CONTEXT() REPRESENTATION_CONTEXT('2D SPACE',''
  ) );
#1082 = PCURVE('',#1083,#1088);
#1083 = PLANE('',#1084);
#1084 = AXIS2_PLACEMENT_3D('',#1085,#1086,#1087);
#1085 = CARTESIAN_POINT('',(0.,170.,2.1355E+03));
#1086 = DIRECTION('',(0.,0.,1.));
#1087 = DIRECTION('',(1.,0.,-0.));
#1088 = DEFINITIONAL_REPRESENTATION('',(#1089),#1093);
#1089 = CIRCLE('',#1090,12.);
#1090 = AXIS2_PLACEMENT_2D('',#1091,#1092);
#1091 = CARTESIAN_POINT('',(0.,0.));
#1092 = DIRECTION('',(1.,0.));
#1093 = ( GEOMETRIC_REPRESENTATION_CONTEXT(2) 
PARAMETRIC_REPRESENTATION_CONTEXT() REPRESENTATION_CONTEXT('2D SPACE',''
  ) );
#1094 = ORIENTED_EDGE('',*,*,#1045,.F.);
#1095 = ORIENTED_EDGE('',*,*,#925,.T.);
#1096 = ADVANCED_FACE('',(#1097),#1003,.T.);
#1097 = FACE_BOUND('',#1098,.T.);
#1098 = EDGE_LOOP('',(#1099,#1100,#1123,#1150));
#1099 = ORIENTED_EDGE('',*,*,#986,.F.);
#1100 = ORIENTED_EDGE('',*,*,#1101,.F.);
#1101 = EDGE_CURVE('',#1102,#987,#1104,.T.);
#1102 = VERTEX_POINT('',#1103);
#1103 = CARTESIAN_POINT('',(12.,170.,2.0455E+03));
#1104 = SEAM_CURVE('',#1105,(#1109,#1116),.PCURVE_S1.);
#1105 = LINE('',#1106,#1107);
#1106 = CARTESIAN_POINT('',(12.,170.,2.0455E+03));
#1107 = VECTOR('',#1108,1.);
#1108 = DIRECTION('',(0.,0.,1.));
#1109 = PCURVE('',#1003,#1110);
#1110 = DEFINITIONAL_REPRESENTATION('',(#1111),#1115);
#1111 = LINE('',#1112,#1113);
#1112 = CARTESIAN_POINT('',(6.28318530718,-0.));
#1113 = VECTOR('',#1114,1.);
#1114 = DIRECTION('',(0.,1.));
#1115 = ( GEOMETRIC_REPRESENTATION_CONTEXT(2) 
PARAMETRIC_REPRESENTATION_CONTEXT() REPRESENTATION_CONTEXT('2D SPACE',''
  ) );
#1116 = PCURVE('',#1003,#1117);
#1117 = DEFINITIONAL_REPRESENTATION('',(#1118),#1122);
#1118 = LINE('',#1119,#1120);
#1119 = CARTESIAN_POINT('',(0.,-0.));
#1120 = VECTOR('',#1121,1.);
#1121 = DIRECTION('',(0.,1.));
#1122 = ( GEOMETRIC_REPRESENTATION_CONTEXT(2) 
PARAMETRIC_REPRESENTATION_CONTEXT() REPRESENTATION_CONTEXT('2D SPACE',''
  ) );
#1123 = ORIENTED_EDGE('',*,*,#1124,.T.);
#1124 = EDGE_CURVE('',#1102,#1102,#1125,.T.);
#1125 = SURFACE_CURVE('',#1126,(#1131,#1138),.PCURVE_S1.);
#1126 = CIRCLE('',#1127,12.);
#1127 = AXIS2_PLACEMENT_3D('',#1128,#1129,#1130);
#1128 = CARTESIAN_POINT('',(0.,170.,2.0455E+03));
#1129 = DIRECTION('',(0.,0.,1.));
#1130 = DIRECTION('',(1.,0.,-0.));
#1131 = PCURVE('',#1003,#1132);
#1132 = DEFINITIONAL_REPRESENTATION('',(#1133),#1137);
#1133 = LINE('',#1134,#1135);
#1134 = CARTESIAN_POINT('',(0.,0.));
#1135 = VECTOR('',#1136,1.);
#1136 = DIRECTION('',(1.,0.));
#1137 = ( GEOMETRIC_REPRESENTATION_CONTEXT(2) 
PARAMETRIC_REPRESENTATION_CONTEXT() REPRESENTATION_CONTEXT('2D SPACE',''
  ) );
#1138 = PCURVE('',#1139,#1144);
#1139 = PLANE('',#1140);
#1140 = AXIS2_PLACEMENT_3D('',#1141,#1142,#1143);
#1141 = CARTESIAN_POINT('',(0.,170.,2.0455E+03));
#1142 = DIRECTION('',(0.,0.,1.));
#1143 = DIRECTION('',(1.,0.,-0.));
#1144 = DEFINITIONAL_REPRESENTATION('',(#1145),#1149);
#1145 = CIRCLE('',#1146,12.);
#1146 = AXIS2_PLACEMENT_2D('',#1147,#1148);
#1147 = CARTESIAN_POINT('',(0.,0.));
#1148 = DIRECTION('',(1.,0.));
#1149 = ( GEOMETRIC_REPRESENTATION_CONTEXT(2) 
PARAMETRIC_REPRESENTATION_CONTEXT() REPRESENTATION_CONTEXT('2D SPACE',''
  ) );
#1150 = ORIENTED_EDGE('',*,*,#1101,.T.);
#1151 = ADVANCED_FACE('',(#1152),#1083,.T.);
#1152 = FACE_BOUND('',#1153,.T.);
#1153 = EDGE_LOOP('',(#1154));
#1154 = ORIENTED_EDGE('',*,*,#1068,.T.);
#1155 = ADVANCED_FACE('',(#1156),#1139,.F.);
#1156 = FACE_BOUND('',#1157,.T.);
#1157 = EDGE_LOOP('',(#1158));
#1158 = ORIENTED_EDGE('',*,*,#1124,.F.);
#1159 = MANIFOLD_SOLID_BREP('',#1160);
#1160 = CLOSED_SHELL('',(#1161,#1249,#1284,#1319,#1374,#1429,#1464,#1499
    ,#1554,#1604));
#1161 = ADVANCED_FACE('',(#1162),#1176,.T.);
#1162 = FACE_BOUND('',#1163,.T.);
#1163 = EDGE_LOOP('',(#1164,#1194,#1221,#1222));
#1164 = ORIENTED_EDGE('',*,*,#1165,.T.);
#1165 = EDGE_CURVE('',#1166,#1168,#1170,.T.);
#1166 = VERTEX_POINT('',#1167);
#1167 = CARTESIAN_POINT('',(84.,-2.057406622568E-14,1.4475E+03));
#1168 = VERTEX_POINT('',#1169);
#1169 = CARTESIAN_POINT('',(84.,-2.057406622568E-14,2.0955E+03));
#1170 = SEAM_CURVE('',#1171,(#1175,#1187),.PCURVE_S1.);
#1171 = LINE('',#1172,#1173);
#1172 = CARTESIAN_POINT('',(84.,-2.057406622568E-14,1.3955E+03));
#1173 = VECTOR('',#1174,1.);
#1174 = DIRECTION('',(0.,0.,1.));
#1175 = PCURVE('',#1176,#1181);
#1176 = CYLINDRICAL_SURFACE('',#1177,84.);
#1177 = AXIS2_PLACEMENT_3D('',#1178,#1179,#1180);
#1178 = CARTESIAN_POINT('',(0.,0.,1.3955E+03));
#1179 = DIRECTION('',(0.,0.,1.));
#1180 = DIRECTION('',(1.,0.,-0.));
#1181 = DEFINITIONAL_REPRESENTATION('',(#1182),#1186);
#1182 = LINE('',#1183,#1184);
#1183 = CARTESIAN_POINT('',(6.28318530718,-0.));
#1184 = VECTOR('',#1185,1.);
#1185 = DIRECTION('',(0.,1.));
#1186 = ( GEOMETRIC_REPRESENTATION_CONTEXT(2) 
PARAMETRIC_REPRESENTATION_CONTEXT() REPRESENTATION_CONTEXT('2D SPACE',''
  ) );
#1187 = PCURVE('',#1176,#1188);
#1188 = DEFINITIONAL_REPRESENTATION('',(#1189),#1193);
#1189 = LINE('',#1190,#1191);
#1190 = CARTESIAN_POINT('',(0.,-0.));
#1191 = VECTOR('',#1192,1.);
#1192 = DIRECTION('',(0.,1.));
#1193 = ( GEOMETRIC_REPRESENTATION_CONTEXT(2) 
PARAMETRIC_REPRESENTATION_CONTEXT() REPRESENTATION_CONTEXT('2D SPACE',''
  ) );
#1194 = ORIENTED_EDGE('',*,*,#1195,.F.);
#1195 = EDGE_CURVE('',#1168,#1168,#1196,.T.);
#1196 = SURFACE_CURVE('',#1197,(#1202,#1209),.PCURVE_S1.);
#1197 = CIRCLE('',#1198,84.);
#1198 = AXIS2_PLACEMENT_3D('',#1199,#1200,#1201);
#1199 = CARTESIAN_POINT('',(0.,0.,2.0955E+03));
#1200 = DIRECTION('',(0.,0.,1.));
#1201 = DIRECTION('',(1.,0.,-0.));
#1202 = PCURVE('',#1176,#1203);
#1203 = DEFINITIONAL_REPRESENTATION('',(#1204),#1208);
#1204 = LINE('',#1205,#1206);
#1205 = CARTESIAN_POINT('',(0.,700.));
#1206 = VECTOR('',#1207,1.);
#1207 = DIRECTION('',(1.,0.));
#1208 = ( GEOMETRIC_REPRESENTATION_CONTEXT(2) 
PARAMETRIC_REPRESENTATION_CONTEXT() REPRESENTATION_CONTEXT('2D SPACE',''
  ) );
#1209 = PCURVE('',#1210,#1215);
#1210 = PLANE('',#1211);
#1211 = AXIS2_PLACEMENT_3D('',#1212,#1213,#1214);
#1212 = CARTESIAN_POINT('',(0.,0.,2.0955E+03));
#1213 = DIRECTION('',(0.,0.,1.));
#1214 = DIRECTION('',(1.,0.,-0.));
#1215 = DEFINITIONAL_REPRESENTATION('',(#1216),#1220);
#1216 = CIRCLE('',#1217,84.);
#1217 = AXIS2_PLACEMENT_2D('',#1218,#1219);
#1218 = CARTESIAN_POINT('',(0.,0.));
#1219 = DIRECTION('',(1.,0.));
#1220 = ( GEOMETRIC_REPRESENTATION_CONTEXT(2) 
PARAMETRIC_REPRESENTATION_CONTEXT() REPRESENTATION_CONTEXT('2D SPACE',''
  ) );
#1221 = ORIENTED_EDGE('',*,*,#1165,.F.);
#1222 = ORIENTED_EDGE('',*,*,#1223,.T.);
#1223 = EDGE_CURVE('',#1166,#1166,#1224,.T.);
#1224 = SURFACE_CURVE('',#1225,(#1230,#1237),.PCURVE_S1.);
#1225 = CIRCLE('',#1226,84.);
#1226 = AXIS2_PLACEMENT_3D('',#1227,#1228,#1229);
#1227 = CARTESIAN_POINT('',(0.,0.,1.4475E+03));
#1228 = DIRECTION('',(0.,0.,1.));
#1229 = DIRECTION('',(1.,0.,-0.));
#1230 = PCURVE('',#1176,#1231);
#1231 = DEFINITIONAL_REPRESENTATION('',(#1232),#1236);
#1232 = LINE('',#1233,#1234);
#1233 = CARTESIAN_POINT('',(0.,52.));
#1234 = VECTOR('',#1235,1.);
#1235 = DIRECTION('',(1.,0.));
#1236 = ( GEOMETRIC_REPRESENTATION_CONTEXT(2) 
PARAMETRIC_REPRESENTATION_CONTEXT() REPRESENTATION_CONTEXT('2D SPACE',''
  ) );
#1237 = PCURVE('',#1238,#1243);
#1238 = PLANE('',#1239);
#1239 = AXIS2_PLACEMENT_3D('',#1240,#1241,#1242);
#1240 = CARTESIAN_POINT('',(0.,0.,1.4475E+03));
#1241 = DIRECTION('',(0.,0.,1.));
#1242 = DIRECTION('',(1.,0.,-0.));
#1243 = DEFINITIONAL_REPRESENTATION('',(#1244),#1248);
#1244 = CIRCLE('',#1245,84.);
#1245 = AXIS2_PLACEMENT_2D('',#1246,#1247);
#1246 = CARTESIAN_POINT('',(0.,0.));
#1247 = DIRECTION('',(1.,0.));
#1248 = ( GEOMETRIC_REPRESENTATION_CONTEXT(2) 
PARAMETRIC_REPRESENTATION_CONTEXT() REPRESENTATION_CONTEXT('2D SPACE',''
  ) );
#1249 = ADVANCED_FACE('',(#1250,#1281),#1238,.T.);
#1250 = FACE_BOUND('',#1251,.T.);
#1251 = EDGE_LOOP('',(#1252));
#1252 = ORIENTED_EDGE('',*,*,#1253,.T.);
#1253 = EDGE_CURVE('',#1254,#1254,#1256,.T.);
#1254 = VERTEX_POINT('',#1255);
#1255 = CARTESIAN_POINT('',(208.,-5.094530684453E-14,1.4475E+03));
#1256 = SURFACE_CURVE('',#1257,(#1262,#1269),.PCURVE_S1.);
#1257 = CIRCLE('',#1258,208.);
#1258 = AXIS2_PLACEMENT_3D('',#1259,#1260,#1261);
#1259 = CARTESIAN_POINT('',(0.,0.,1.4475E+03));
#1260 = DIRECTION('',(0.,0.,1.));
#1261 = DIRECTION('',(1.,0.,-0.));
#1262 = PCURVE('',#1238,#1263);
#1263 = DEFINITIONAL_REPRESENTATION('',(#1264),#1268);
#1264 = CIRCLE('',#1265,208.);
#1265 = AXIS2_PLACEMENT_2D('',#1266,#1267);
#1266 = CARTESIAN_POINT('',(0.,0.));
#1267 = DIRECTION('',(1.,0.));
#1268 = ( GEOMETRIC_REPRESENTATION_CONTEXT(2) 
PARAMETRIC_REPRESENTATION_CONTEXT() REPRESENTATION_CONTEXT('2D SPACE',''
  ) );
#1269 = PCURVE('',#1270,#1275);
#1270 = CYLINDRICAL_SURFACE('',#1271,208.);
#1271 = AXIS2_PLACEMENT_3D('',#1272,#1273,#1274);
#1272 = CARTESIAN_POINT('',(0.,0.,1.4445E+03));
#1273 = DIRECTION('',(0.,0.,1.));
#1274 = DIRECTION('',(1.,0.,-0.));
#1275 = DEFINITIONAL_REPRESENTATION('',(#1276),#1280);
#1276 = LINE('',#1277,#1278);
#1277 = CARTESIAN_POINT('',(0.,3.));
#1278 = VECTOR('',#1279,1.);
#1279 = DIRECTION('',(1.,0.));
#1280 = ( GEOMETRIC_REPRESENTATION_CONTEXT(2) 
PARAMETRIC_REPRESENTATION_CONTEXT() REPRESENTATION_CONTEXT('2D SPACE',''
  ) );
#1281 = FACE_BOUND('',#1282,.T.);
#1282 = EDGE_LOOP('',(#1283));
#1283 = ORIENTED_EDGE('',*,*,#1223,.F.);
#1284 = ADVANCED_FACE('',(#1285,#1288),#1210,.T.);
#1285 = FACE_BOUND('',#1286,.T.);
#1286 = EDGE_LOOP('',(#1287));
#1287 = ORIENTED_EDGE('',*,*,#1195,.T.);
#1288 = FACE_BOUND('',#1289,.T.);
#1289 = EDGE_LOOP('',(#1290));
#1290 = ORIENTED_EDGE('',*,*,#1291,.F.);
#1291 = EDGE_CURVE('',#1292,#1292,#1294,.T.);
#1292 = VERTEX_POINT('',#1293);
#1293 = CARTESIAN_POINT('',(82.,-2.008420750602E-14,2.0955E+03));
#1294 = SURFACE_CURVE('',#1295,(#1300,#1307),.PCURVE_S1.);
#1295 = CIRCLE('',#1296,82.);
#1296 = AXIS2_PLACEMENT_3D('',#1297,#1298,#1299);
#1297 = CARTESIAN_POINT('',(0.,0.,2.0955E+03));
#1298 = DIRECTION('',(0.,0.,1.));
#1299 = DIRECTION('',(1.,0.,-0.));
#1300 = PCURVE('',#1210,#1301);
#1301 = DEFINITIONAL_REPRESENTATION('',(#1302),#1306);
#1302 = CIRCLE('',#1303,82.);
#1303 = AXIS2_PLACEMENT_2D('',#1304,#1305);
#1304 = CARTESIAN_POINT('',(0.,0.));
#1305 = DIRECTION('',(1.,0.));
#1306 = ( GEOMETRIC_REPRESENTATION_CONTEXT(2) 
PARAMETRIC_REPRESENTATION_CONTEXT() REPRESENTATION_CONTEXT('2D SPACE',''
  ) );
#1307 = PCURVE('',#1308,#1313);
#1308 = CYLINDRICAL_SURFACE('',#1309,82.);
#1309 = AXIS2_PLACEMENT_3D('',#1310,#1311,#1312);
#1310 = CARTESIAN_POINT('',(0.,0.,1.3945E+03));
#1311 = DIRECTION('',(0.,0.,1.));
#1312 = DIRECTION('',(1.,0.,-0.));
#1313 = DEFINITIONAL_REPRESENTATION('',(#1314),#1318);
#1314 = LINE('',#1315,#1316);
#1315 = CARTESIAN_POINT('',(0.,701.));
#1316 = VECTOR('',#1317,1.);
#1317 = DIRECTION('',(1.,0.));
#1318 = ( GEOMETRIC_REPRESENTATION_CONTEXT(2) 
PARAMETRIC_REPRESENTATION_CONTEXT() REPRESENTATION_CONTEXT('2D SPACE',''
  ) );
#1319 = ADVANCED_FACE('',(#1320),#1270,.F.);
#1320 = FACE_BOUND('',#1321,.F.);
#1321 = EDGE_LOOP('',(#1322,#1345,#1372,#1373));
#1322 = ORIENTED_EDGE('',*,*,#1323,.T.);
#1323 = EDGE_CURVE('',#1254,#1324,#1326,.T.);
#1324 = VERTEX_POINT('',#1325);
#1325 = CARTESIAN_POINT('',(208.,-5.094530684453E-14,2.0455E+03));
#1326 = SEAM_CURVE('',#1327,(#1331,#1338),.PCURVE_S1.);
#1327 = LINE('',#1328,#1329);
#1328 = CARTESIAN_POINT('',(208.,-5.094530684453E-14,1.4445E+03));
#1329 = VECTOR('',#1330,1.);
#1330 = DIRECTION('',(0.,0.,1.));
#1331 = PCURVE('',#1270,#1332);
#1332 = DEFINITIONAL_REPRESENTATION('',(#1333),#1337);
#1333 = LINE('',#1334,#1335);
#1334 = CARTESIAN_POINT('',(6.28318530718,-0.));
#1335 = VECTOR('',#1336,1.);
#1336 = DIRECTION('',(0.,1.));
#1337 = ( GEOMETRIC_REPRESENTATION_CONTEXT(2) 
PARAMETRIC_REPRESENTATION_CONTEXT() REPRESENTATION_CONTEXT('2D SPACE',''
  ) );
#1338 = PCURVE('',#1270,#1339);
#1339 = DEFINITIONAL_REPRESENTATION('',(#1340),#1344);
#1340 = LINE('',#1341,#1342);
#1341 = CARTESIAN_POINT('',(0.,-0.));
#1342 = VECTOR('',#1343,1.);
#1343 = DIRECTION('',(0.,1.));
#1344 = ( GEOMETRIC_REPRESENTATION_CONTEXT(2) 
PARAMETRIC_REPRESENTATION_CONTEXT() REPRESENTATION_CONTEXT('2D SPACE',''
  ) );
#1345 = ORIENTED_EDGE('',*,*,#1346,.F.);
#1346 = EDGE_CURVE('',#1324,#1324,#1347,.T.);
#1347 = SURFACE_CURVE('',#1348,(#1353,#1360),.PCURVE_S1.);
#1348 = CIRCLE('',#1349,208.);
#1349 = AXIS2_PLACEMENT_3D('',#1350,#1351,#1352);
#1350 = CARTESIAN_POINT('',(0.,0.,2.0455E+03));
#1351 = DIRECTION('',(0.,0.,1.));
#1352 = DIRECTION('',(1.,0.,-0.));
#1353 = PCURVE('',#1270,#1354);
#1354 = DEFINITIONAL_REPRESENTATION('',(#1355),#1359);
#1355 = LINE('',#1356,#1357);
#1356 = CARTESIAN_POINT('',(0.,601.));
#1357 = VECTOR('',#1358,1.);
#1358 = DIRECTION('',(1.,0.));
#1359 = ( GEOMETRIC_REPRESENTATION_CONTEXT(2) 
PARAMETRIC_REPRESENTATION_CONTEXT() REPRESENTATION_CONTEXT('2D SPACE',''
  ) );
#1360 = PCURVE('',#1361,#1366);
#1361 = PLANE('',#1362);
#1362 = AXIS2_PLACEMENT_3D('',#1363,#1364,#1365);
#1363 = CARTESIAN_POINT('',(0.,0.,2.0455E+03));
#1364 = DIRECTION('',(0.,0.,1.));
#1365 = DIRECTION('',(1.,0.,-0.));
#1366 = DEFINITIONAL_REPRESENTATION('',(#1367),#1371);
#1367 = CIRCLE('',#1368,208.);
#1368 = AXIS2_PLACEMENT_2D('',#1369,#1370);
#1369 = CARTESIAN_POINT('',(0.,0.));
#1370 = DIRECTION('',(1.,0.));
#1371 = ( GEOMETRIC_REPRESENTATION_CONTEXT(2) 
PARAMETRIC_REPRESENTATION_CONTEXT() REPRESENTATION_CONTEXT('2D SPACE',''
  ) );
#1372 = ORIENTED_EDGE('',*,*,#1323,.F.);
#1373 = ORIENTED_EDGE('',*,*,#1253,.T.);
#1374 = ADVANCED_FACE('',(#1375),#1308,.F.);
#1375 = FACE_BOUND('',#1376,.F.);
#1376 = EDGE_LOOP('',(#1377,#1378,#1401,#1428));
#1377 = ORIENTED_EDGE('',*,*,#1291,.F.);
#1378 = ORIENTED_EDGE('',*,*,#1379,.F.);
#1379 = EDGE_CURVE('',#1380,#1292,#1382,.T.);
#1380 = VERTEX_POINT('',#1381);
#1381 = CARTESIAN_POINT('',(82.,-2.008420750602E-14,1.3955E+03));
#1382 = SEAM_CURVE('',#1383,(#1387,#1394),.PCURVE_S1.);
#1383 = LINE('',#1384,#1385);
#1384 = CARTESIAN_POINT('',(82.,-2.008420750602E-14,1.3945E+03));
#1385 = VECTOR('',#1386,1.);
#1386 = DIRECTION('',(0.,0.,1.));
#1387 = PCURVE('',#1308,#1388);
#1388 = DEFINITIONAL_REPRESENTATION('',(#1389),#1393);
#1389 = LINE('',#1390,#1391);
#1390 = CARTESIAN_POINT('',(6.28318530718,-0.));
#1391 = VECTOR('',#1392,1.);
#1392 = DIRECTION('',(0.,1.));
#1393 = ( GEOMETRIC_REPRESENTATION_CONTEXT(2) 
PARAMETRIC_REPRESENTATION_CONTEXT() REPRESENTATION_CONTEXT('2D SPACE',''
  ) );
#1394 = PCURVE('',#1308,#1395);
#1395 = DEFINITIONAL_REPRESENTATION('',(#1396),#1400);
#1396 = LINE('',#1397,#1398);
#1397 = CARTESIAN_POINT('',(0.,-0.));
#1398 = VECTOR('',#1399,1.);
#1399 = DIRECTION('',(0.,1.));
#1400 = ( GEOMETRIC_REPRESENTATION_CONTEXT(2) 
PARAMETRIC_REPRESENTATION_CONTEXT() REPRESENTATION_CONTEXT('2D SPACE',''
  ) );
#1401 = ORIENTED_EDGE('',*,*,#1402,.T.);
#1402 = EDGE_CURVE('',#1380,#1380,#1403,.T.);
#1403 = SURFACE_CURVE('',#1404,(#1409,#1416),.PCURVE_S1.);
#1404 = CIRCLE('',#1405,82.);
#1405 = AXIS2_PLACEMENT_3D('',#1406,#1407,#1408);
#1406 = CARTESIAN_POINT('',(0.,0.,1.3955E+03));
#1407 = DIRECTION('',(0.,0.,1.));
#1408 = DIRECTION('',(1.,0.,-0.));
#1409 = PCURVE('',#1308,#1410);
#1410 = DEFINITIONAL_REPRESENTATION('',(#1411),#1415);
#1411 = LINE('',#1412,#1413);
#1412 = CARTESIAN_POINT('',(0.,1.));
#1413 = VECTOR('',#1414,1.);
#1414 = DIRECTION('',(1.,0.));
#1415 = ( GEOMETRIC_REPRESENTATION_CONTEXT(2) 
PARAMETRIC_REPRESENTATION_CONTEXT() REPRESENTATION_CONTEXT('2D SPACE',''
  ) );
#1416 = PCURVE('',#1417,#1422);
#1417 = PLANE('',#1418);
#1418 = AXIS2_PLACEMENT_3D('',#1419,#1420,#1421);
#1419 = CARTESIAN_POINT('',(0.,0.,1.3955E+03));
#1420 = DIRECTION('',(0.,0.,1.));
#1421 = DIRECTION('',(1.,0.,-0.));
#1422 = DEFINITIONAL_REPRESENTATION('',(#1423),#1427);
#1423 = CIRCLE('',#1424,82.);
#1424 = AXIS2_PLACEMENT_2D('',#1425,#1426);
#1425 = CARTESIAN_POINT('',(0.,0.));
#1426 = DIRECTION('',(1.,0.));
#1427 = ( GEOMETRIC_REPRESENTATION_CONTEXT(2) 
PARAMETRIC_REPRESENTATION_CONTEXT() REPRESENTATION_CONTEXT('2D SPACE',''
  ) );
#1428 = ORIENTED_EDGE('',*,*,#1379,.T.);
#1429 = ADVANCED_FACE('',(#1430,#1461),#1361,.T.);
#1430 = FACE_BOUND('',#1431,.T.);
#1431 = EDGE_LOOP('',(#1432));
#1432 = ORIENTED_EDGE('',*,*,#1433,.T.);
#1433 = EDGE_CURVE('',#1434,#1434,#1436,.T.);
#1434 = VERTEX_POINT('',#1435);
#1435 = CARTESIAN_POINT('',(210.,-5.143516556419E-14,2.0455E+03));
#1436 = SURFACE_CURVE('',#1437,(#1442,#1449),.PCURVE_S1.);
#1437 = CIRCLE('',#1438,210.);
#1438 = AXIS2_PLACEMENT_3D('',#1439,#1440,#1441);
#1439 = CARTESIAN_POINT('',(0.,0.,2.0455E+03));
#1440 = DIRECTION('',(0.,0.,1.));
#1441 = DIRECTION('',(1.,0.,-0.));
#1442 = PCURVE('',#1361,#1443);
#1443 = DEFINITIONAL_REPRESENTATION('',(#1444),#1448);
#1444 = CIRCLE('',#1445,210.);
#1445 = AXIS2_PLACEMENT_2D('',#1446,#1447);
#1446 = CARTESIAN_POINT('',(0.,0.));
#1447 = DIRECTION('',(1.,0.));
#1448 = ( GEOMETRIC_REPRESENTATION_CONTEXT(2) 
PARAMETRIC_REPRESENTATION_CONTEXT() REPRESENTATION_CONTEXT('2D SPACE',''
  ) );
#1449 = PCURVE('',#1450,#1455);
#1450 = CYLINDRICAL_SURFACE('',#1451,210.);
#1451 = AXIS2_PLACEMENT_3D('',#1452,#1453,#1454);
#1452 = CARTESIAN_POINT('',(0.,0.,1.4455E+03));
#1453 = DIRECTION('',(0.,0.,1.));
#1454 = DIRECTION('',(1.,0.,-0.));
#1455 = DEFINITIONAL_REPRESENTATION('',(#1456),#1460);
#1456 = LINE('',#1457,#1458);
#1457 = CARTESIAN_POINT('',(0.,600.));
#1458 = VECTOR('',#1459,1.);
#1459 = DIRECTION('',(1.,0.));
#1460 = ( GEOMETRIC_REPRESENTATION_CONTEXT(2) 
PARAMETRIC_REPRESENTATION_CONTEXT() REPRESENTATION_CONTEXT('2D SPACE',''
  ) );
#1461 = FACE_BOUND('',#1462,.T.);
#1462 = EDGE_LOOP('',(#1463));
#1463 = ORIENTED_EDGE('',*,*,#1346,.F.);
#1464 = ADVANCED_FACE('',(#1465,#1496),#1417,.F.);
#1465 = FACE_BOUND('',#1466,.F.);
#1466 = EDGE_LOOP('',(#1467));
#1467 = ORIENTED_EDGE('',*,*,#1468,.T.);
#1468 = EDGE_CURVE('',#1469,#1469,#1471,.T.);
#1469 = VERTEX_POINT('',#1470);
#1470 = CARTESIAN_POINT('',(84.,-2.057406622568E-14,1.3955E+03));
#1471 = SURFACE_CURVE('',#1472,(#1477,#1484),.PCURVE_S1.);
#1472 = CIRCLE('',#1473,84.);
#1473 = AXIS2_PLACEMENT_3D('',#1474,#1475,#1476);
#1474 = CARTESIAN_POINT('',(0.,0.,1.3955E+03));
#1475 = DIRECTION('',(0.,0.,1.));
#1476 = DIRECTION('',(1.,0.,-0.));
#1477 = PCURVE('',#1417,#1478);
#1478 = DEFINITIONAL_REPRESENTATION('',(#1479),#1483);
#1479 = CIRCLE('',#1480,84.);
#1480 = AXIS2_PLACEMENT_2D('',#1481,#1482);
#1481 = CARTESIAN_POINT('',(0.,0.));
#1482 = DIRECTION('',(1.,0.));
#1483 = ( GEOMETRIC_REPRESENTATION_CONTEXT(2) 
PARAMETRIC_REPRESENTATION_CONTEXT() REPRESENTATION_CONTEXT('2D SPACE',''
  ) );
#1484 = PCURVE('',#1485,#1490);
#1485 = CYLINDRICAL_SURFACE('',#1486,84.);
#1486 = AXIS2_PLACEMENT_3D('',#1487,#1488,#1489);
#1487 = CARTESIAN_POINT('',(0.,0.,1.3955E+03));
#1488 = DIRECTION('',(0.,0.,1.));
#1489 = DIRECTION('',(1.,0.,-0.));
#1490 = DEFINITIONAL_REPRESENTATION('',(#1491),#1495);
#1491 = LINE('',#1492,#1493);
#1492 = CARTESIAN_POINT('',(0.,0.));
#1493 = VECTOR('',#1494,1.);
#1494 = DIRECTION('',(1.,0.));
#1495 = ( GEOMETRIC_REPRESENTATION_CONTEXT(2) 
PARAMETRIC_REPRESENTATION_CONTEXT() REPRESENTATION_CONTEXT('2D SPACE',''
  ) );
#1496 = FACE_BOUND('',#1497,.F.);
#1497 = EDGE_LOOP('',(#1498));
#1498 = ORIENTED_EDGE('',*,*,#1402,.F.);
#1499 = ADVANCED_FACE('',(#1500),#1450,.T.);
#1500 = FACE_BOUND('',#1501,.T.);
#1501 = EDGE_LOOP('',(#1502,#1503,#1526,#1553));
#1502 = ORIENTED_EDGE('',*,*,#1433,.F.);
#1503 = ORIENTED_EDGE('',*,*,#1504,.T.);
#1504 = EDGE_CURVE('',#1434,#1505,#1507,.T.);
#1505 = VERTEX_POINT('',#1506);
#1506 = CARTESIAN_POINT('',(210.,-5.143516556419E-14,1.4455E+03));
#1507 = SEAM_CURVE('',#1508,(#1512,#1519),.PCURVE_S1.);
#1508 = LINE('',#1509,#1510);
#1509 = CARTESIAN_POINT('',(210.,-5.143516556419E-14,2.0455E+03));
#1510 = VECTOR('',#1511,1.);
#1511 = DIRECTION('',(0.,0.,-1.));
#1512 = PCURVE('',#1450,#1513);
#1513 = DEFINITIONAL_REPRESENTATION('',(#1514),#1518);
#1514 = LINE('',#1515,#1516);
#1515 = CARTESIAN_POINT('',(0.,600.));
#1516 = VECTOR('',#1517,1.);
#1517 = DIRECTION('',(-0.,-1.));
#1518 = ( GEOMETRIC_REPRESENTATION_CONTEXT(2) 
PARAMETRIC_REPRESENTATION_CONTEXT() REPRESENTATION_CONTEXT('2D SPACE',''
  ) );
#1519 = PCURVE('',#1450,#1520);
#1520 = DEFINITIONAL_REPRESENTATION('',(#1521),#1525);
#1521 = LINE('',#1522,#1523);
#1522 = CARTESIAN_POINT('',(6.28318530718,600.));
#1523 = VECTOR('',#1524,1.);
#1524 = DIRECTION('',(-0.,-1.));
#1525 = ( GEOMETRIC_REPRESENTATION_CONTEXT(2) 
PARAMETRIC_REPRESENTATION_CONTEXT() REPRESENTATION_CONTEXT('2D SPACE',''
  ) );
#1526 = ORIENTED_EDGE('',*,*,#1527,.T.);
#1527 = EDGE_CURVE('',#1505,#1505,#1528,.T.);
#1528 = SURFACE_CURVE('',#1529,(#1534,#1541),.PCURVE_S1.);
#1529 = CIRCLE('',#1530,210.);
#1530 = AXIS2_PLACEMENT_3D('',#1531,#1532,#1533);
#1531 = CARTESIAN_POINT('',(0.,0.,1.4455E+03));
#1532 = DIRECTION('',(0.,0.,1.));
#1533 = DIRECTION('',(1.,0.,-0.));
#1534 = PCURVE('',#1450,#1535);
#1535 = DEFINITIONAL_REPRESENTATION('',(#1536),#1540);
#1536 = LINE('',#1537,#1538);
#1537 = CARTESIAN_POINT('',(0.,0.));
#1538 = VECTOR('',#1539,1.);
#1539 = DIRECTION('',(1.,0.));
#1540 = ( GEOMETRIC_REPRESENTATION_CONTEXT(2) 
PARAMETRIC_REPRESENTATION_CONTEXT() REPRESENTATION_CONTEXT('2D SPACE',''
  ) );
#1541 = PCURVE('',#1542,#1547);
#1542 = PLANE('',#1543);
#1543 = AXIS2_PLACEMENT_3D('',#1544,#1545,#1546);
#1544 = CARTESIAN_POINT('',(0.,0.,1.4455E+03));
#1545 = DIRECTION('',(0.,0.,1.));
#1546 = DIRECTION('',(1.,0.,-0.));
#1547 = DEFINITIONAL_REPRESENTATION('',(#1548),#1552);
#1548 = CIRCLE('',#1549,210.);
#1549 = AXIS2_PLACEMENT_2D('',#1550,#1551);
#1550 = CARTESIAN_POINT('',(0.,0.));
#1551 = DIRECTION('',(1.,0.));
#1552 = ( GEOMETRIC_REPRESENTATION_CONTEXT(2) 
PARAMETRIC_REPRESENTATION_CONTEXT() REPRESENTATION_CONTEXT('2D SPACE',''
  ) );
#1553 = ORIENTED_EDGE('',*,*,#1504,.F.);
#1554 = ADVANCED_FACE('',(#1555),#1485,.T.);
#1555 = FACE_BOUND('',#1556,.T.);
#1556 = EDGE_LOOP('',(#1557,#1581,#1602,#1603));
#1557 = ORIENTED_EDGE('',*,*,#1558,.F.);
#1558 = EDGE_CURVE('',#1559,#1559,#1561,.T.);
#1559 = VERTEX_POINT('',#1560);
#1560 = CARTESIAN_POINT('',(84.,-2.057406622568E-14,1.4455E+03));
#1561 = SURFACE_CURVE('',#1562,(#1567,#1574),.PCURVE_S1.);
#1562 = CIRCLE('',#1563,84.);
#1563 = AXIS2_PLACEMENT_3D('',#1564,#1565,#1566);
#1564 = CARTESIAN_POINT('',(0.,0.,1.4455E+03));
#1565 = DIRECTION('',(0.,0.,1.));
#1566 = DIRECTION('',(1.,0.,-0.));
#1567 = PCURVE('',#1485,#1568);
#1568 = DEFINITIONAL_REPRESENTATION('',(#1569),#1573);
#1569 = LINE('',#1570,#1571);
#1570 = CARTESIAN_POINT('',(0.,50.));
#1571 = VECTOR('',#1572,1.);
#1572 = DIRECTION('',(1.,0.));
#1573 = ( GEOMETRIC_REPRESENTATION_CONTEXT(2) 
PARAMETRIC_REPRESENTATION_CONTEXT() REPRESENTATION_CONTEXT('2D SPACE',''
  ) );
#1574 = PCURVE('',#1542,#1575);
#1575 = DEFINITIONAL_REPRESENTATION('',(#1576),#1580);
#1576 = CIRCLE('',#1577,84.);
#1577 = AXIS2_PLACEMENT_2D('',#1578,#1579);
#1578 = CARTESIAN_POINT('',(0.,0.));
#1579 = DIRECTION('',(1.,0.));
#1580 = ( GEOMETRIC_REPRESENTATION_CONTEXT(2) 
PARAMETRIC_REPRESENTATION_CONTEXT() REPRESENTATION_CONTEXT('2D SPACE',''
  ) );
#1581 = ORIENTED_EDGE('',*,*,#1582,.F.);
#1582 = EDGE_CURVE('',#1469,#1559,#1583,.T.);
#1583 = SEAM_CURVE('',#1584,(#1588,#1595),.PCURVE_S1.);
#1584 = LINE('',#1585,#1586);
#1585 = CARTESIAN_POINT('',(84.,-2.057406622568E-14,1.3955E+03));
#1586 = VECTOR('',#1587,1.);
#1587 = DIRECTION('',(0.,0.,1.));
#1588 = PCURVE('',#1485,#1589);
#1589 = DEFINITIONAL_REPRESENTATION('',(#1590),#1594);
#1590 = LINE('',#1591,#1592);
#1591 = CARTESIAN_POINT('',(6.28318530718,-0.));
#1592 = VECTOR('',#1593,1.);
#1593 = DIRECTION('',(0.,1.));
#1594 = ( GEOMETRIC_REPRESENTATION_CONTEXT(2) 
PARAMETRIC_REPRESENTATION_CONTEXT() REPRESENTATION_CONTEXT('2D SPACE',''
  ) );
#1595 = PCURVE('',#1485,#1596);
#1596 = DEFINITIONAL_REPRESENTATION('',(#1597),#1601);
#1597 = LINE('',#1598,#1599);
#1598 = CARTESIAN_POINT('',(0.,-0.));
#1599 = VECTOR('',#1600,1.);
#1600 = DIRECTION('',(0.,1.));
#1601 = ( GEOMETRIC_REPRESENTATION_CONTEXT(2) 
PARAMETRIC_REPRESENTATION_CONTEXT() REPRESENTATION_CONTEXT('2D SPACE',''
  ) );
#1602 = ORIENTED_EDGE('',*,*,#1468,.T.);
#1603 = ORIENTED_EDGE('',*,*,#1582,.T.);
#1604 = ADVANCED_FACE('',(#1605,#1608),#1542,.F.);
#1605 = FACE_BOUND('',#1606,.F.);
#1606 = EDGE_LOOP('',(#1607));
#1607 = ORIENTED_EDGE('',*,*,#1527,.T.);
#1608 = FACE_BOUND('',#1609,.F.);
#1609 = EDGE_LOOP('',(#1610));
#1610 = ORIENTED_EDGE('',*,*,#1558,.F.);
#1611 = MANIFOLD_SOLID_BREP('',#1612);
#1612 = CLOSED_SHELL('',(#1613,#1701,#1819,#1823,#1899,#1979,#2028,#2055
    ,#2062,#2117,#2235,#2311,#2360,#2409,#2436));
#1613 = ADVANCED_FACE('',(#1614),#1627,.T.);
#1614 = FACE_BOUND('',#1615,.T.);
#1615 = EDGE_LOOP('',(#1616,#1650,#1673,#1700));
#1616 = ORIENTED_EDGE('',*,*,#1617,.F.);
#1617 = EDGE_CURVE('',#1618,#1618,#1620,.T.);
#1618 = VERTEX_POINT('',#1619);
#1619 = CARTESIAN_POINT('',(315.,2.694222958124E-15,1.4965E+03));
#1620 = SURFACE_CURVE('',#1621,(#1626,#1638),.PCURVE_S1.);
#1621 = CIRCLE('',#1622,11.);
#1622 = AXIS2_PLACEMENT_3D('',#1623,#1624,#1625);
#1623 = CARTESIAN_POINT('',(315.,0.,1.4855E+03));
#1624 = DIRECTION('',(1.,0.,0.));
#1625 = DIRECTION('',(-0.,0.,1.));
#1626 = PCURVE('',#1627,#1632);
#1627 = CYLINDRICAL_SURFACE('',#1628,11.);
#1628 = AXIS2_PLACEMENT_3D('',#1629,#1630,#1631);
#1629 = CARTESIAN_POINT('',(210.,0.,1.4855E+03));
#1630 = DIRECTION('',(1.,0.,0.));
#1631 = DIRECTION('',(-0.,0.,1.));
#1632 = DEFINITIONAL_REPRESENTATION('',(#1633),#1637);
#1633 = LINE('',#1634,#1635);
#1634 = CARTESIAN_POINT('',(0.,105.));
#1635 = VECTOR('',#1636,1.);
#1636 = DIRECTION('',(1.,0.));
#1637 = ( GEOMETRIC_REPRESENTATION_CONTEXT(2) 
PARAMETRIC_REPRESENTATION_CONTEXT() REPRESENTATION_CONTEXT('2D SPACE',''
  ) );
#1638 = PCURVE('',#1639,#1644);
#1639 = PLANE('',#1640);
#1640 = AXIS2_PLACEMENT_3D('',#1641,#1642,#1643);
#1641 = CARTESIAN_POINT('',(315.,-18.,1.4675E+03));
#1642 = DIRECTION('',(1.,0.,-0.));
#1643 = DIRECTION('',(0.,0.,1.));
#1644 = DEFINITIONAL_REPRESENTATION('',(#1645),#1649);
#1645 = CIRCLE('',#1646,11.);
#1646 = AXIS2_PLACEMENT_2D('',#1647,#1648);
#1647 = CARTESIAN_POINT('',(18.,-18.));
#1648 = DIRECTION('',(1.,0.));
#1649 = ( GEOMETRIC_REPRESENTATION_CONTEXT(2) 
PARAMETRIC_REPRESENTATION_CONTEXT() REPRESENTATION_CONTEXT('2D SPACE',''
  ) );
#1650 = ORIENTED_EDGE('',*,*,#1651,.F.);
#1651 = EDGE_CURVE('',#1652,#1618,#1654,.T.);
#1652 = VERTEX_POINT('',#1653);
#1653 = CARTESIAN_POINT('',(210.,2.694222958124E-15,1.4965E+03));
#1654 = SEAM_CURVE('',#1655,(#1659,#1666),.PCURVE_S1.);
#1655 = LINE('',#1656,#1657);
#1656 = CARTESIAN_POINT('',(210.,2.694222958124E-15,1.4965E+03));
#1657 = VECTOR('',#1658,1.);
#1658 = DIRECTION('',(1.,0.,0.));
#1659 = PCURVE('',#1627,#1660);
#1660 = DEFINITIONAL_REPRESENTATION('',(#1661),#1665);
#1661 = LINE('',#1662,#1663);
#1662 = CARTESIAN_POINT('',(6.28318530718,-0.));
#1663 = VECTOR('',#1664,1.);
#1664 = DIRECTION('',(0.,1.));
#1665 = ( GEOMETRIC_REPRESENTATION_CONTEXT(2) 
PARAMETRIC_REPRESENTATION_CONTEXT() REPRESENTATION_CONTEXT('2D SPACE',''
  ) );
#1666 = PCURVE('',#1627,#1667);
#1667 = DEFINITIONAL_REPRESENTATION('',(#1668),#1672);
#1668 = LINE('',#1669,#1670);
#1669 = CARTESIAN_POINT('',(0.,-0.));
#1670 = VECTOR('',#1671,1.);
#1671 = DIRECTION('',(0.,1.));
#1672 = ( GEOMETRIC_REPRESENTATION_CONTEXT(2) 
PARAMETRIC_REPRESENTATION_CONTEXT() REPRESENTATION_CONTEXT('2D SPACE',''
  ) );
#1673 = ORIENTED_EDGE('',*,*,#1674,.T.);
#1674 = EDGE_CURVE('',#1652,#1652,#1675,.T.);
#1675 = SURFACE_CURVE('',#1676,(#1681,#1688),.PCURVE_S1.);
#1676 = CIRCLE('',#1677,11.);
#1677 = AXIS2_PLACEMENT_3D('',#1678,#1679,#1680);
#1678 = CARTESIAN_POINT('',(210.,0.,1.4855E+03));
#1679 = DIRECTION('',(1.,0.,0.));
#1680 = DIRECTION('',(-0.,0.,1.));
#1681 = PCURVE('',#1627,#1682);
#1682 = DEFINITIONAL_REPRESENTATION('',(#1683),#1687);
#1683 = LINE('',#1684,#1685);
#1684 = CARTESIAN_POINT('',(0.,0.));
#1685 = VECTOR('',#1686,1.);
#1686 = DIRECTION('',(1.,0.));
#1687 = ( GEOMETRIC_REPRESENTATION_CONTEXT(2) 
PARAMETRIC_REPRESENTATION_CONTEXT() REPRESENTATION_CONTEXT('2D SPACE',''
  ) );
#1688 = PCURVE('',#1689,#1694);
#1689 = PLANE('',#1690);
#1690 = AXIS2_PLACEMENT_3D('',#1691,#1692,#1693);
#1691 = CARTESIAN_POINT('',(210.,0.,1.4855E+03));
#1692 = DIRECTION('',(1.,0.,0.));
#1693 = DIRECTION('',(-0.,0.,1.));
#1694 = DEFINITIONAL_REPRESENTATION('',(#1695),#1699);
#1695 = CIRCLE('',#1696,11.);
#1696 = AXIS2_PLACEMENT_2D('',#1697,#1698);
#1697 = CARTESIAN_POINT('',(0.,0.));
#1698 = DIRECTION('',(1.,0.));
#1699 = ( GEOMETRIC_REPRESENTATION_CONTEXT(2) 
PARAMETRIC_REPRESENTATION_CONTEXT() REPRESENTATION_CONTEXT('2D SPACE',''
  ) );
#1700 = ORIENTED_EDGE('',*,*,#1651,.T.);
#1701 = ADVANCED_FACE('',(#1702,#1816),#1639,.F.);
#1702 = FACE_BOUND('',#1703,.F.);
#1703 = EDGE_LOOP('',(#1704,#1734,#1762,#1790));
#1704 = ORIENTED_EDGE('',*,*,#1705,.F.);
#1705 = EDGE_CURVE('',#1706,#1708,#1710,.T.);
#1706 = VERTEX_POINT('',#1707);
#1707 = CARTESIAN_POINT('',(315.,-18.,1.4675E+03));
#1708 = VERTEX_POINT('',#1709);
#1709 = CARTESIAN_POINT('',(315.,-18.,1.5035E+03));
#1710 = SURFACE_CURVE('',#1711,(#1715,#1722),.PCURVE_S1.);
#1711 = LINE('',#1712,#1713);
#1712 = CARTESIAN_POINT('',(315.,-18.,1.4675E+03));
#1713 = VECTOR('',#1714,1.);
#1714 = DIRECTION('',(0.,0.,1.));
#1715 = PCURVE('',#1639,#1716);
#1716 = DEFINITIONAL_REPRESENTATION('',(#1717),#1721);
#1717 = LINE('',#1718,#1719);
#1718 = CARTESIAN_POINT('',(0.,0.));
#1719 = VECTOR('',#1720,1.);
#1720 = DIRECTION('',(1.,0.));
#1721 = ( GEOMETRIC_REPRESENTATION_CONTEXT(2) 
PARAMETRIC_REPRESENTATION_CONTEXT() REPRESENTATION_CONTEXT('2D SPACE',''
  ) );
#1722 = PCURVE('',#1723,#1728);
#1723 = PLANE('',#1724);
#1724 = AXIS2_PLACEMENT_3D('',#1725,#1726,#1727);
#1725 = CARTESIAN_POINT('',(315.,-18.,1.4675E+03));
#1726 = DIRECTION('',(-0.,1.,0.));
#1727 = DIRECTION('',(0.,0.,1.));
#1728 = DEFINITIONAL_REPRESENTATION('',(#1729),#1733);
#1729 = LINE('',#1730,#1731);
#1730 = CARTESIAN_POINT('',(0.,0.));
#1731 = VECTOR('',#1732,1.);
#1732 = DIRECTION('',(1.,0.));
#1733 = ( GEOMETRIC_REPRESENTATION_CONTEXT(2) 
PARAMETRIC_REPRESENTATION_CONTEXT() REPRESENTATION_CONTEXT('2D SPACE',''
  ) );
#1734 = ORIENTED_EDGE('',*,*,#1735,.T.);
#1735 = EDGE_CURVE('',#1706,#1736,#1738,.T.);
#1736 = VERTEX_POINT('',#1737);
#1737 = CARTESIAN_POINT('',(315.,18.,1.4675E+03));
#1738 = SURFACE_CURVE('',#1739,(#1743,#1750),.PCURVE_S1.);
#1739 = LINE('',#1740,#1741);
#1740 = CARTESIAN_POINT('',(315.,-18.,1.4675E+03));
#1741 = VECTOR('',#1742,1.);
#1742 = DIRECTION('',(-0.,1.,0.));
#1743 = PCURVE('',#1639,#1744);
#1744 = DEFINITIONAL_REPRESENTATION('',(#1745),#1749);
#1745 = LINE('',#1746,#1747);
#1746 = CARTESIAN_POINT('',(0.,0.));
#1747 = VECTOR('',#1748,1.);
#1748 = DIRECTION('',(0.,-1.));
#1749 = ( GEOMETRIC_REPRESENTATION_CONTEXT(2) 
PARAMETRIC_REPRESENTATION_CONTEXT() REPRESENTATION_CONTEXT('2D SPACE',''
  ) );
#1750 = PCURVE('',#1751,#1756);
#1751 = PLANE('',#1752);
#1752 = AXIS2_PLACEMENT_3D('',#1753,#1754,#1755);
#1753 = CARTESIAN_POINT('',(315.,-18.,1.4675E+03));
#1754 = DIRECTION('',(0.,0.,1.));
#1755 = DIRECTION('',(1.,0.,-0.));
#1756 = DEFINITIONAL_REPRESENTATION('',(#1757),#1761);
#1757 = LINE('',#1758,#1759);
#1758 = CARTESIAN_POINT('',(0.,0.));
#1759 = VECTOR('',#1760,1.);
#1760 = DIRECTION('',(0.,1.));
#1761 = ( GEOMETRIC_REPRESENTATION_CONTEXT(2) 
PARAMETRIC_REPRESENTATION_CONTEXT() REPRESENTATION_CONTEXT('2D SPACE',''
  ) );
#1762 = ORIENTED_EDGE('',*,*,#1763,.T.);
#1763 = EDGE_CURVE('',#1736,#1764,#1766,.T.);
#1764 = VERTEX_POINT('',#1765);
#1765 = CARTESIAN_POINT('',(315.,18.,1.5035E+03));
#1766 = SURFACE_CURVE('',#1767,(#1771,#1778),.PCURVE_S1.);
#1767 = LINE('',#1768,#1769);
#1768 = CARTESIAN_POINT('',(315.,18.,1.4675E+03));
#1769 = VECTOR('',#1770,1.);
#1770 = DIRECTION('',(0.,0.,1.));
#1771 = PCURVE('',#1639,#1772);
#1772 = DEFINITIONAL_REPRESENTATION('',(#1773),#1777);
#1773 = LINE('',#1774,#1775);
#1774 = CARTESIAN_POINT('',(0.,-36.));
#1775 = VECTOR('',#1776,1.);
#1776 = DIRECTION('',(1.,0.));
#1777 = ( GEOMETRIC_REPRESENTATION_CONTEXT(2) 
PARAMETRIC_REPRESENTATION_CONTEXT() REPRESENTATION_CONTEXT('2D SPACE',''
  ) );
#1778 = PCURVE('',#1779,#1784);
#1779 = PLANE('',#1780);
#1780 = AXIS2_PLACEMENT_3D('',#1781,#1782,#1783);
#1781 = CARTESIAN_POINT('',(315.,18.,1.4675E+03));
#1782 = DIRECTION('',(-0.,1.,0.));
#1783 = DIRECTION('',(0.,0.,1.));
#1784 = DEFINITIONAL_REPRESENTATION('',(#1785),#1789);
#1785 = LINE('',#1786,#1787);
#1786 = CARTESIAN_POINT('',(0.,0.));
#1787 = VECTOR('',#1788,1.);
#1788 = DIRECTION('',(1.,0.));
#1789 = ( GEOMETRIC_REPRESENTATION_CONTEXT(2) 
PARAMETRIC_REPRESENTATION_CONTEXT() REPRESENTATION_CONTEXT('2D SPACE',''
  ) );
#1790 = ORIENTED_EDGE('',*,*,#1791,.F.);
#1791 = EDGE_CURVE('',#1708,#1764,#1792,.T.);
#1792 = SURFACE_CURVE('',#1793,(#1797,#1804),.PCURVE_S1.);
#1793 = LINE('',#1794,#1795);
#1794 = CARTESIAN_POINT('',(315.,-18.,1.5035E+03));
#1795 = VECTOR('',#1796,1.);
#1796 = DIRECTION('',(-0.,1.,0.));
#1797 = PCURVE('',#1639,#1798);
#1798 = DEFINITIONAL_REPRESENTATION('',(#1799),#1803);
#1799 = LINE('',#1800,#1801);
#1800 = CARTESIAN_POINT('',(36.,0.));
#1801 = VECTOR('',#1802,1.);
#1802 = DIRECTION('',(0.,-1.));
#1803 = ( GEOMETRIC_REPRESENTATION_CONTEXT(2) 
PARAMETRIC_REPRESENTATION_CONTEXT() REPRESENTATION_CONTEXT('2D SPACE',''
  ) );
#1804 = PCURVE('',#1805,#1810);
#1805 = PLANE('',#1806);
#1806 = AXIS2_PLACEMENT_3D('',#1807,#1808,#1809);
#1807 = CARTESIAN_POINT('',(315.,-18.,1.5035E+03));
#1808 = DIRECTION('',(0.,0.,1.));
#1809 = DIRECTION('',(1.,0.,-0.));
#1810 = DEFINITIONAL_REPRESENTATION('',(#1811),#1815);
#1811 = LINE('',#1812,#1813);
#1812 = CARTESIAN_POINT('',(0.,0.));
#1813 = VECTOR('',#1814,1.);
#1814 = DIRECTION('',(0.,1.));
#1815 = ( GEOMETRIC_REPRESENTATION_CONTEXT(2) 
PARAMETRIC_REPRESENTATION_CONTEXT() REPRESENTATION_CONTEXT('2D SPACE',''
  ) );
#1816 = FACE_BOUND('',#1817,.F.);
#1817 = EDGE_LOOP('',(#1818));
#1818 = ORIENTED_EDGE('',*,*,#1617,.F.);
#1819 = ADVANCED_FACE('',(#1820),#1689,.F.);
#1820 = FACE_BOUND('',#1821,.T.);
#1821 = EDGE_LOOP('',(#1822));
#1822 = ORIENTED_EDGE('',*,*,#1674,.F.);
#1823 = ADVANCED_FACE('',(#1824),#1723,.F.);
#1824 = FACE_BOUND('',#1825,.F.);
#1825 = EDGE_LOOP('',(#1826,#1849,#1850,#1873));
#1826 = ORIENTED_EDGE('',*,*,#1827,.F.);
#1827 = EDGE_CURVE('',#1706,#1828,#1830,.T.);
#1828 = VERTEX_POINT('',#1829);
#1829 = CARTESIAN_POINT('',(355.,-18.,1.4675E+03));
#1830 = SURFACE_CURVE('',#1831,(#1835,#1842),.PCURVE_S1.);
#1831 = LINE('',#1832,#1833);
#1832 = CARTESIAN_POINT('',(315.,-18.,1.4675E+03));
#1833 = VECTOR('',#1834,1.);
#1834 = DIRECTION('',(1.,0.,-0.));
#1835 = PCURVE('',#1723,#1836);
#1836 = DEFINITIONAL_REPRESENTATION('',(#1837),#1841);
#1837 = LINE('',#1838,#1839);
#1838 = CARTESIAN_POINT('',(0.,0.));
#1839 = VECTOR('',#1840,1.);
#1840 = DIRECTION('',(0.,1.));
#1841 = ( GEOMETRIC_REPRESENTATION_CONTEXT(2) 
PARAMETRIC_REPRESENTATION_CONTEXT() REPRESENTATION_CONTEXT('2D SPACE',''
  ) );
#1842 = PCURVE('',#1751,#1843);
#1843 = DEFINITIONAL_REPRESENTATION('',(#1844),#1848);
#1844 = LINE('',#1845,#1846);
#1845 = CARTESIAN_POINT('',(0.,0.));
#1846 = VECTOR('',#1847,1.);
#1847 = DIRECTION('',(1.,0.));
#1848 = ( GEOMETRIC_REPRESENTATION_CONTEXT(2) 
PARAMETRIC_REPRESENTATION_CONTEXT() REPRESENTATION_CONTEXT('2D SPACE',''
  ) );
#1849 = ORIENTED_EDGE('',*,*,#1705,.T.);
#1850 = ORIENTED_EDGE('',*,*,#1851,.T.);
#1851 = EDGE_CURVE('',#1708,#1852,#1854,.T.);
#1852 = VERTEX_POINT('',#1853);
#1853 = CARTESIAN_POINT('',(355.,-18.,1.5035E+03));
#1854 = SURFACE_CURVE('',#1855,(#1859,#1866),.PCURVE_S1.);
#1855 = LINE('',#1856,#1857);
#1856 = CARTESIAN_POINT('',(315.,-18.,1.5035E+03));
#1857 = VECTOR('',#1858,1.);
#1858 = DIRECTION('',(1.,0.,-0.));
#1859 = PCURVE('',#1723,#1860);
#1860 = DEFINITIONAL_REPRESENTATION('',(#1861),#1865);
#1861 = LINE('',#1862,#1863);
#1862 = CARTESIAN_POINT('',(36.,0.));
#1863 = VECTOR('',#1864,1.);
#1864 = DIRECTION('',(0.,1.));
#1865 = ( GEOMETRIC_REPRESENTATION_CONTEXT(2) 
PARAMETRIC_REPRESENTATION_CONTEXT() REPRESENTATION_CONTEXT('2D SPACE',''
  ) );
#1866 = PCURVE('',#1805,#1867);
#1867 = DEFINITIONAL_REPRESENTATION('',(#1868),#1872);
#1868 = LINE('',#1869,#1870);
#1869 = CARTESIAN_POINT('',(0.,0.));
#1870 = VECTOR('',#1871,1.);
#1871 = DIRECTION('',(1.,0.));
#1872 = ( GEOMETRIC_REPRESENTATION_CONTEXT(2) 
PARAMETRIC_REPRESENTATION_CONTEXT() REPRESENTATION_CONTEXT('2D SPACE',''
  ) );
#1873 = ORIENTED_EDGE('',*,*,#1874,.F.);
#1874 = EDGE_CURVE('',#1828,#1852,#1875,.T.);
#1875 = SURFACE_CURVE('',#1876,(#1880,#1887),.PCURVE_S1.);
#1876 = LINE('',#1877,#1878);
#1877 = CARTESIAN_POINT('',(355.,-18.,1.4675E+03));
#1878 = VECTOR('',#1879,1.);
#1879 = DIRECTION('',(0.,0.,1.));
#1880 = PCURVE('',#1723,#1881);
#1881 = DEFINITIONAL_REPRESENTATION('',(#1882),#1886);
#1882 = LINE('',#1883,#1884);
#1883 = CARTESIAN_POINT('',(0.,40.));
#1884 = VECTOR('',#1885,1.);
#1885 = DIRECTION('',(1.,0.));
#1886 = ( GEOMETRIC_REPRESENTATION_CONTEXT(2) 
PARAMETRIC_REPRESENTATION_CONTEXT() REPRESENTATION_CONTEXT('2D SPACE',''
  ) );
#1887 = PCURVE('',#1888,#1893);
#1888 = PLANE('',#1889);
#1889 = AXIS2_PLACEMENT_3D('',#1890,#1891,#1892);
#1890 = CARTESIAN_POINT('',(355.,-18.,1.4675E+03));
#1891 = DIRECTION('',(1.,0.,-0.));
#1892 = DIRECTION('',(0.,0.,1.));
#1893 = DEFINITIONAL_REPRESENTATION('',(#1894),#1898);
#1894 = LINE('',#1895,#1896);
#1895 = CARTESIAN_POINT('',(0.,0.));
#1896 = VECTOR('',#1897,1.);
#1897 = DIRECTION('',(1.,0.));
#1898 = ( GEOMETRIC_REPRESENTATION_CONTEXT(2) 
PARAMETRIC_REPRESENTATION_CONTEXT() REPRESENTATION_CONTEXT('2D SPACE',''
  ) );
#1899 = ADVANCED_FACE('',(#1900,#1948),#1805,.T.);
#1900 = FACE_BOUND('',#1901,.T.);
#1901 = EDGE_LOOP('',(#1902,#1903,#1904,#1927));
#1902 = ORIENTED_EDGE('',*,*,#1791,.F.);
#1903 = ORIENTED_EDGE('',*,*,#1851,.T.);
#1904 = ORIENTED_EDGE('',*,*,#1905,.T.);
#1905 = EDGE_CURVE('',#1852,#1906,#1908,.T.);
#1906 = VERTEX_POINT('',#1907);
#1907 = CARTESIAN_POINT('',(355.,18.,1.5035E+03));
#1908 = SURFACE_CURVE('',#1909,(#1913,#1920),.PCURVE_S1.);
#1909 = LINE('',#1910,#1911);
#1910 = CARTESIAN_POINT('',(355.,-18.,1.5035E+03));
#1911 = VECTOR('',#1912,1.);
#1912 = DIRECTION('',(-0.,1.,0.));
#1913 = PCURVE('',#1805,#1914);
#1914 = DEFINITIONAL_REPRESENTATION('',(#1915),#1919);
#1915 = LINE('',#1916,#1917);
#1916 = CARTESIAN_POINT('',(40.,0.));
#1917 = VECTOR('',#1918,1.);
#1918 = DIRECTION('',(0.,1.));
#1919 = ( GEOMETRIC_REPRESENTATION_CONTEXT(2) 
PARAMETRIC_REPRESENTATION_CONTEXT() REPRESENTATION_CONTEXT('2D SPACE',''
  ) );
#1920 = PCURVE('',#1888,#1921);
#1921 = DEFINITIONAL_REPRESENTATION('',(#1922),#1926);
#1922 = LINE('',#1923,#1924);
#1923 = CARTESIAN_POINT('',(36.,0.));
#1924 = VECTOR('',#1925,1.);
#1925 = DIRECTION('',(0.,-1.));
#1926 = ( GEOMETRIC_REPRESENTATION_CONTEXT(2) 
PARAMETRIC_REPRESENTATION_CONTEXT() REPRESENTATION_CONTEXT('2D SPACE',''
  ) );
#1927 = ORIENTED_EDGE('',*,*,#1928,.F.);
#1928 = EDGE_CURVE('',#1764,#1906,#1929,.T.);
#1929 = SURFACE_CURVE('',#1930,(#1934,#1941),.PCURVE_S1.);
#1930 = LINE('',#1931,#1932);
#1931 = CARTESIAN_POINT('',(315.,18.,1.5035E+03));
#1932 = VECTOR('',#1933,1.);
#1933 = DIRECTION('',(1.,0.,-0.));
#1934 = PCURVE('',#1805,#1935);
#1935 = DEFINITIONAL_REPRESENTATION('',(#1936),#1940);
#1936 = LINE('',#1937,#1938);
#1937 = CARTESIAN_POINT('',(0.,36.));
#1938 = VECTOR('',#1939,1.);
#1939 = DIRECTION('',(1.,0.));
#1940 = ( GEOMETRIC_REPRESENTATION_CONTEXT(2) 
PARAMETRIC_REPRESENTATION_CONTEXT() REPRESENTATION_CONTEXT('2D SPACE',''
  ) );
#1941 = PCURVE('',#1779,#1942);
#1942 = DEFINITIONAL_REPRESENTATION('',(#1943),#1947);
#1943 = LINE('',#1944,#1945);
#1944 = CARTESIAN_POINT('',(36.,0.));
#1945 = VECTOR('',#1946,1.);
#1946 = DIRECTION('',(0.,1.));
#1947 = ( GEOMETRIC_REPRESENTATION_CONTEXT(2) 
PARAMETRIC_REPRESENTATION_CONTEXT() REPRESENTATION_CONTEXT('2D SPACE',''
  ) );
#1948 = FACE_BOUND('',#1949,.T.);
#1949 = EDGE_LOOP('',(#1950));
#1950 = ORIENTED_EDGE('',*,*,#1951,.F.);
#1951 = EDGE_CURVE('',#1952,#1952,#1954,.T.);
#1952 = VERTEX_POINT('',#1953);
#1953 = CARTESIAN_POINT('',(340.,-1.224646799147E-15,1.5035E+03));
#1954 = SURFACE_CURVE('',#1955,(#1960,#1967),.PCURVE_S1.);
#1955 = CIRCLE('',#1956,5.);
#1956 = AXIS2_PLACEMENT_3D('',#1957,#1958,#1959);
#1957 = CARTESIAN_POINT('',(335.,0.,1.5035E+03));
#1958 = DIRECTION('',(0.,0.,1.));
#1959 = DIRECTION('',(1.,0.,-0.));
#1960 = PCURVE('',#1805,#1961);
#1961 = DEFINITIONAL_REPRESENTATION('',(#1962),#1966);
#1962 = CIRCLE('',#1963,5.);
#1963 = AXIS2_PLACEMENT_2D('',#1964,#1965);
#1964 = CARTESIAN_POINT('',(20.,18.));
#1965 = DIRECTION('',(1.,0.));
#1966 = ( GEOMETRIC_REPRESENTATION_CONTEXT(2) 
PARAMETRIC_REPRESENTATION_CONTEXT() REPRESENTATION_CONTEXT('2D SPACE',''
  ) );
#1967 = PCURVE('',#1968,#1973);
#1968 = CYLINDRICAL_SURFACE('',#1969,5.);
#1969 = AXIS2_PLACEMENT_3D('',#1970,#1971,#1972);
#1970 = CARTESIAN_POINT('',(335.,0.,1.5035E+03));
#1971 = DIRECTION('',(0.,0.,1.));
#1972 = DIRECTION('',(1.,0.,-0.));
#1973 = DEFINITIONAL_REPRESENTATION('',(#1974),#1978);
#1974 = LINE('',#1975,#1976);
#1975 = CARTESIAN_POINT('',(0.,0.));
#1976 = VECTOR('',#1977,1.);
#1977 = DIRECTION('',(1.,0.));
#1978 = ( GEOMETRIC_REPRESENTATION_CONTEXT(2) 
PARAMETRIC_REPRESENTATION_CONTEXT() REPRESENTATION_CONTEXT('2D SPACE',''
  ) );
#1979 = ADVANCED_FACE('',(#1980),#1751,.F.);
#1980 = FACE_BOUND('',#1981,.F.);
#1981 = EDGE_LOOP('',(#1982,#1983,#1984,#2007));
#1982 = ORIENTED_EDGE('',*,*,#1735,.F.);
#1983 = ORIENTED_EDGE('',*,*,#1827,.T.);
#1984 = ORIENTED_EDGE('',*,*,#1985,.T.);
#1985 = EDGE_CURVE('',#1828,#1986,#1988,.T.);
#1986 = VERTEX_POINT('',#1987);
#1987 = CARTESIAN_POINT('',(355.,18.,1.4675E+03));
#1988 = SURFACE_CURVE('',#1989,(#1993,#2000),.PCURVE_S1.);
#1989 = LINE('',#1990,#1991);
#1990 = CARTESIAN_POINT('',(355.,-18.,1.4675E+03));
#1991 = VECTOR('',#1992,1.);
#1992 = DIRECTION('',(-0.,1.,0.));
#1993 = PCURVE('',#1751,#1994);
#1994 = DEFINITIONAL_REPRESENTATION('',(#1995),#1999);
#1995 = LINE('',#1996,#1997);
#1996 = CARTESIAN_POINT('',(40.,0.));
#1997 = VECTOR('',#1998,1.);
#1998 = DIRECTION('',(0.,1.));
#1999 = ( GEOMETRIC_REPRESENTATION_CONTEXT(2) 
PARAMETRIC_REPRESENTATION_CONTEXT() REPRESENTATION_CONTEXT('2D SPACE',''
  ) );
#2000 = PCURVE('',#1888,#2001);
#2001 = DEFINITIONAL_REPRESENTATION('',(#2002),#2006);
#2002 = LINE('',#2003,#2004);
#2003 = CARTESIAN_POINT('',(0.,0.));
#2004 = VECTOR('',#2005,1.);
#2005 = DIRECTION('',(0.,-1.));
#2006 = ( GEOMETRIC_REPRESENTATION_CONTEXT(2) 
PARAMETRIC_REPRESENTATION_CONTEXT() REPRESENTATION_CONTEXT('2D SPACE',''
  ) );
#2007 = ORIENTED_EDGE('',*,*,#2008,.F.);
#2008 = EDGE_CURVE('',#1736,#1986,#2009,.T.);
#2009 = SURFACE_CURVE('',#2010,(#2014,#2021),.PCURVE_S1.);
#2010 = LINE('',#2011,#2012);
#2011 = CARTESIAN_POINT('',(315.,18.,1.4675E+03));
#2012 = VECTOR('',#2013,1.);
#2013 = DIRECTION('',(1.,0.,-0.));
#2014 = PCURVE('',#1751,#2015);
#2015 = DEFINITIONAL_REPRESENTATION('',(#2016),#2020);
#2016 = LINE('',#2017,#2018);
#2017 = CARTESIAN_POINT('',(0.,36.));
#2018 = VECTOR('',#2019,1.);
#2019 = DIRECTION('',(1.,0.));
#2020 = ( GEOMETRIC_REPRESENTATION_CONTEXT(2) 
PARAMETRIC_REPRESENTATION_CONTEXT() REPRESENTATION_CONTEXT('2D SPACE',''
  ) );
#2021 = PCURVE('',#1779,#2022);
#2022 = DEFINITIONAL_REPRESENTATION('',(#2023),#2027);
#2023 = LINE('',#2024,#2025);
#2024 = CARTESIAN_POINT('',(0.,0.));
#2025 = VECTOR('',#2026,1.);
#2026 = DIRECTION('',(0.,1.));
#2027 = ( GEOMETRIC_REPRESENTATION_CONTEXT(2) 
PARAMETRIC_REPRESENTATION_CONTEXT() REPRESENTATION_CONTEXT('2D SPACE',''
  ) );
#2028 = ADVANCED_FACE('',(#2029),#1779,.T.);
#2029 = FACE_BOUND('',#2030,.T.);
#2030 = EDGE_LOOP('',(#2031,#2032,#2033,#2034));
#2031 = ORIENTED_EDGE('',*,*,#2008,.F.);
#2032 = ORIENTED_EDGE('',*,*,#1763,.T.);
#2033 = ORIENTED_EDGE('',*,*,#1928,.T.);
#2034 = ORIENTED_EDGE('',*,*,#2035,.F.);
#2035 = EDGE_CURVE('',#1986,#1906,#2036,.T.);
#2036 = SURFACE_CURVE('',#2037,(#2041,#2048),.PCURVE_S1.);
#2037 = LINE('',#2038,#2039);
#2038 = CARTESIAN_POINT('',(355.,18.,1.4675E+03));
#2039 = VECTOR('',#2040,1.);
#2040 = DIRECTION('',(0.,0.,1.));
#2041 = PCURVE('',#1779,#2042);
#2042 = DEFINITIONAL_REPRESENTATION('',(#2043),#2047);
#2043 = LINE('',#2044,#2045);
#2044 = CARTESIAN_POINT('',(0.,40.));
#2045 = VECTOR('',#2046,1.);
#2046 = DIRECTION('',(1.,0.));
#2047 = ( GEOMETRIC_REPRESENTATION_CONTEXT(2) 
PARAMETRIC_REPRESENTATION_CONTEXT() REPRESENTATION_CONTEXT('2D SPACE',''
  ) );
#2048 = PCURVE('',#1888,#2049);
#2049 = DEFINITIONAL_REPRESENTATION('',(#2050),#2054);
#2050 = LINE('',#2051,#2052);
#2051 = CARTESIAN_POINT('',(0.,-36.));
#2052 = VECTOR('',#2053,1.);
#2053 = DIRECTION('',(1.,0.));
#2054 = ( GEOMETRIC_REPRESENTATION_CONTEXT(2) 
PARAMETRIC_REPRESENTATION_CONTEXT() REPRESENTATION_CONTEXT('2D SPACE',''
  ) );
#2055 = ADVANCED_FACE('',(#2056),#1888,.T.);
#2056 = FACE_BOUND('',#2057,.T.);
#2057 = EDGE_LOOP('',(#2058,#2059,#2060,#2061));
#2058 = ORIENTED_EDGE('',*,*,#1874,.F.);
#2059 = ORIENTED_EDGE('',*,*,#1985,.T.);
#2060 = ORIENTED_EDGE('',*,*,#2035,.T.);
#2061 = ORIENTED_EDGE('',*,*,#1905,.F.);
#2062 = ADVANCED_FACE('',(#2063),#1968,.T.);
#2063 = FACE_BOUND('',#2064,.T.);
#2064 = EDGE_LOOP('',(#2065,#2094,#2115,#2116));
#2065 = ORIENTED_EDGE('',*,*,#2066,.F.);
#2066 = EDGE_CURVE('',#2067,#2067,#2069,.T.);
#2067 = VERTEX_POINT('',#2068);
#2068 = CARTESIAN_POINT('',(340.,-1.224646799147E-15,1.5415E+03));
#2069 = SURFACE_CURVE('',#2070,(#2075,#2082),.PCURVE_S1.);
#2070 = CIRCLE('',#2071,5.);
#2071 = AXIS2_PLACEMENT_3D('',#2072,#2073,#2074);
#2072 = CARTESIAN_POINT('',(335.,0.,1.5415E+03));
#2073 = DIRECTION('',(0.,0.,1.));
#2074 = DIRECTION('',(1.,0.,-0.));
#2075 = PCURVE('',#1968,#2076);
#2076 = DEFINITIONAL_REPRESENTATION('',(#2077),#2081);
#2077 = LINE('',#2078,#2079);
#2078 = CARTESIAN_POINT('',(0.,38.));
#2079 = VECTOR('',#2080,1.);
#2080 = DIRECTION('',(1.,0.));
#2081 = ( GEOMETRIC_REPRESENTATION_CONTEXT(2) 
PARAMETRIC_REPRESENTATION_CONTEXT() REPRESENTATION_CONTEXT('2D SPACE',''
  ) );
#2082 = PCURVE('',#2083,#2088);
#2083 = PLANE('',#2084);
#2084 = AXIS2_PLACEMENT_3D('',#2085,#2086,#2087);
#2085 = CARTESIAN_POINT('',(326.,-45.,1.5415E+03));
#2086 = DIRECTION('',(0.,0.,1.));
#2087 = DIRECTION('',(1.,0.,-0.));
#2088 = DEFINITIONAL_REPRESENTATION('',(#2089),#2093);
#2089 = CIRCLE('',#2090,5.);
#2090 = AXIS2_PLACEMENT_2D('',#2091,#2092);
#2091 = CARTESIAN_POINT('',(9.,45.));
#2092 = DIRECTION('',(1.,0.));
#2093 = ( GEOMETRIC_REPRESENTATION_CONTEXT(2) 
PARAMETRIC_REPRESENTATION_CONTEXT() REPRESENTATION_CONTEXT('2D SPACE',''
  ) );
#2094 = ORIENTED_EDGE('',*,*,#2095,.F.);
#2095 = EDGE_CURVE('',#1952,#2067,#2096,.T.);
#2096 = SEAM_CURVE('',#2097,(#2101,#2108),.PCURVE_S1.);
#2097 = LINE('',#2098,#2099);
#2098 = CARTESIAN_POINT('',(340.,-1.224646799147E-15,1.5035E+03));
#2099 = VECTOR('',#2100,1.);
#2100 = DIRECTION('',(0.,0.,1.));
#2101 = PCURVE('',#1968,#2102);
#2102 = DEFINITIONAL_REPRESENTATION('',(#2103),#2107);
#2103 = LINE('',#2104,#2105);
#2104 = CARTESIAN_POINT('',(6.28318530718,-0.));
#2105 = VECTOR('',#2106,1.);
#2106 = DIRECTION('',(0.,1.));
#2107 = ( GEOMETRIC_REPRESENTATION_CONTEXT(2) 
PARAMETRIC_REPRESENTATION_CONTEXT() REPRESENTATION_CONTEXT('2D SPACE',''
  ) );
#2108 = PCURVE('',#1968,#2109);
#2109 = DEFINITIONAL_REPRESENTATION('',(#2110),#2114);
#2110 = LINE('',#2111,#2112);
#2111 = CARTESIAN_POINT('',(0.,-0.));
#2112 = VECTOR('',#2113,1.);
#2113 = DIRECTION('',(0.,1.));
#2114 = ( GEOMETRIC_REPRESENTATION_CONTEXT(2) 
PARAMETRIC_REPRESENTATION_CONTEXT() REPRESENTATION_CONTEXT('2D SPACE',''
  ) );
#2115 = ORIENTED_EDGE('',*,*,#1951,.T.);
#2116 = ORIENTED_EDGE('',*,*,#2095,.T.);
#2117 = ADVANCED_FACE('',(#2118,#2232),#2083,.F.);
#2118 = FACE_BOUND('',#2119,.F.);
#2119 = EDGE_LOOP('',(#2120,#2150,#2178,#2206));
#2120 = ORIENTED_EDGE('',*,*,#2121,.F.);
#2121 = EDGE_CURVE('',#2122,#2124,#2126,.T.);
#2122 = VERTEX_POINT('',#2123);
#2123 = CARTESIAN_POINT('',(326.,-45.,1.5415E+03));
#2124 = VERTEX_POINT('',#2125);
#2125 = CARTESIAN_POINT('',(326.,45.,1.5415E+03));
#2126 = SURFACE_CURVE('',#2127,(#2131,#2138),.PCURVE_S1.);
#2127 = LINE('',#2128,#2129);
#2128 = CARTESIAN_POINT('',(326.,-45.,1.5415E+03));
#2129 = VECTOR('',#2130,1.);
#2130 = DIRECTION('',(-0.,1.,0.));
#2131 = PCURVE('',#2083,#2132);
#2132 = DEFINITIONAL_REPRESENTATION('',(#2133),#2137);
#2133 = LINE('',#2134,#2135);
#2134 = CARTESIAN_POINT('',(0.,0.));
#2135 = VECTOR('',#2136,1.);
#2136 = DIRECTION('',(0.,1.));
#2137 = ( GEOMETRIC_REPRESENTATION_CONTEXT(2) 
PARAMETRIC_REPRESENTATION_CONTEXT() REPRESENTATION_CONTEXT('2D SPACE',''
  ) );
#2138 = PCURVE('',#2139,#2144);
#2139 = PLANE('',#2140);
#2140 = AXIS2_PLACEMENT_3D('',#2141,#2142,#2143);
#2141 = CARTESIAN_POINT('',(326.,-45.,1.5415E+03));
#2142 = DIRECTION('',(1.,0.,-0.));
#2143 = DIRECTION('',(0.,0.,1.));
#2144 = DEFINITIONAL_REPRESENTATION('',(#2145),#2149);
#2145 = LINE('',#2146,#2147);
#2146 = CARTESIAN_POINT('',(0.,0.));
#2147 = VECTOR('',#2148,1.);
#2148 = DIRECTION('',(0.,-1.));
#2149 = ( GEOMETRIC_REPRESENTATION_CONTEXT(2) 
PARAMETRIC_REPRESENTATION_CONTEXT() REPRESENTATION_CONTEXT('2D SPACE',''
  ) );
#2150 = ORIENTED_EDGE('',*,*,#2151,.T.);
#2151 = EDGE_CURVE('',#2122,#2152,#2154,.T.);
#2152 = VERTEX_POINT('',#2153);
#2153 = CARTESIAN_POINT('',(344.,-45.,1.5415E+03));
#2154 = SURFACE_CURVE('',#2155,(#2159,#2166),.PCURVE_S1.);
#2155 = LINE('',#2156,#2157);
#2156 = CARTESIAN_POINT('',(326.,-45.,1.5415E+03));
#2157 = VECTOR('',#2158,1.);
#2158 = DIRECTION('',(1.,0.,-0.));
#2159 = PCURVE('',#2083,#2160);
#2160 = DEFINITIONAL_REPRESENTATION('',(#2161),#2165);
#2161 = LINE('',#2162,#2163);
#2162 = CARTESIAN_POINT('',(0.,0.));
#2163 = VECTOR('',#2164,1.);
#2164 = DIRECTION('',(1.,0.));
#2165 = ( GEOMETRIC_REPRESENTATION_CONTEXT(2) 
PARAMETRIC_REPRESENTATION_CONTEXT() REPRESENTATION_CONTEXT('2D SPACE',''
  ) );
#2166 = PCURVE('',#2167,#2172);
#2167 = PLANE('',#2168);
#2168 = AXIS2_PLACEMENT_3D('',#2169,#2170,#2171);
#2169 = CARTESIAN_POINT('',(326.,-45.,1.5415E+03));
#2170 = DIRECTION('',(-0.,1.,0.));
#2171 = DIRECTION('',(0.,0.,1.));
#2172 = DEFINITIONAL_REPRESENTATION('',(#2173),#2177);
#2173 = LINE('',#2174,#2175);
#2174 = CARTESIAN_POINT('',(0.,0.));
#2175 = VECTOR('',#2176,1.);
#2176 = DIRECTION('',(0.,1.));
#2177 = ( GEOMETRIC_REPRESENTATION_CONTEXT(2) 
PARAMETRIC_REPRESENTATION_CONTEXT() REPRESENTATION_CONTEXT('2D SPACE',''
  ) );
#2178 = ORIENTED_EDGE('',*,*,#2179,.T.);
#2179 = EDGE_CURVE('',#2152,#2180,#2182,.T.);
#2180 = VERTEX_POINT('',#2181);
#2181 = CARTESIAN_POINT('',(344.,45.,1.5415E+03));
#2182 = SURFACE_CURVE('',#2183,(#2187,#2194),.PCURVE_S1.);
#2183 = LINE('',#2184,#2185);
#2184 = CARTESIAN_POINT('',(344.,-45.,1.5415E+03));
#2185 = VECTOR('',#2186,1.);
#2186 = DIRECTION('',(-0.,1.,0.));
#2187 = PCURVE('',#2083,#2188);
#2188 = DEFINITIONAL_REPRESENTATION('',(#2189),#2193);
#2189 = LINE('',#2190,#2191);
#2190 = CARTESIAN_POINT('',(18.,0.));
#2191 = VECTOR('',#2192,1.);
#2192 = DIRECTION('',(0.,1.));
#2193 = ( GEOMETRIC_REPRESENTATION_CONTEXT(2) 
PARAMETRIC_REPRESENTATION_CONTEXT() REPRESENTATION_CONTEXT('2D SPACE',''
  ) );
#2194 = PCURVE('',#2195,#2200);
#2195 = PLANE('',#2196);
#2196 = AXIS2_PLACEMENT_3D('',#2197,#2198,#2199);
#2197 = CARTESIAN_POINT('',(344.,-45.,1.5415E+03));
#2198 = DIRECTION('',(1.,0.,-0.));
#2199 = DIRECTION('',(0.,0.,1.));
#2200 = DEFINITIONAL_REPRESENTATION('',(#2201),#2205);
#2201 = LINE('',#2202,#2203);
#2202 = CARTESIAN_POINT('',(0.,0.));
#2203 = VECTOR('',#2204,1.);
#2204 = DIRECTION('',(0.,-1.));
#2205 = ( GEOMETRIC_REPRESENTATION_CONTEXT(2) 
PARAMETRIC_REPRESENTATION_CONTEXT() REPRESENTATION_CONTEXT('2D SPACE',''
  ) );
#2206 = ORIENTED_EDGE('',*,*,#2207,.F.);
#2207 = EDGE_CURVE('',#2124,#2180,#2208,.T.);
#2208 = SURFACE_CURVE('',#2209,(#2213,#2220),.PCURVE_S1.);
#2209 = LINE('',#2210,#2211);
#2210 = CARTESIAN_POINT('',(326.,45.,1.5415E+03));
#2211 = VECTOR('',#2212,1.);
#2212 = DIRECTION('',(1.,0.,-0.));
#2213 = PCURVE('',#2083,#2214);
#2214 = DEFINITIONAL_REPRESENTATION('',(#2215),#2219);
#2215 = LINE('',#2216,#2217);
#2216 = CARTESIAN_POINT('',(0.,90.));
#2217 = VECTOR('',#2218,1.);
#2218 = DIRECTION('',(1.,0.));
#2219 = ( GEOMETRIC_REPRESENTATION_CONTEXT(2) 
PARAMETRIC_REPRESENTATION_CONTEXT() REPRESENTATION_CONTEXT('2D SPACE',''
  ) );
#2220 = PCURVE('',#2221,#2226);
#2221 = PLANE('',#2222);
#2222 = AXIS2_PLACEMENT_3D('',#2223,#2224,#2225);
#2223 = CARTESIAN_POINT('',(326.,45.,1.5415E+03));
#2224 = DIRECTION('',(-0.,1.,0.));
#2225 = DIRECTION('',(0.,0.,1.));
#2226 = DEFINITIONAL_REPRESENTATION('',(#2227),#2231);
#2227 = LINE('',#2228,#2229);
#2228 = CARTESIAN_POINT('',(0.,0.));
#2229 = VECTOR('',#2230,1.);
#2230 = DIRECTION('',(0.,1.));
#2231 = ( GEOMETRIC_REPRESENTATION_CONTEXT(2) 
PARAMETRIC_REPRESENTATION_CONTEXT() REPRESENTATION_CONTEXT('2D SPACE',''
  ) );
#2232 = FACE_BOUND('',#2233,.F.);
#2233 = EDGE_LOOP('',(#2234));
#2234 = ORIENTED_EDGE('',*,*,#2066,.F.);
#2235 = ADVANCED_FACE('',(#2236),#2139,.F.);
#2236 = FACE_BOUND('',#2237,.F.);
#2237 = EDGE_LOOP('',(#2238,#2261,#2262,#2285));
#2238 = ORIENTED_EDGE('',*,*,#2239,.F.);
#2239 = EDGE_CURVE('',#2122,#2240,#2242,.T.);
#2240 = VERTEX_POINT('',#2241);
#2241 = CARTESIAN_POINT('',(326.,-45.,1.5495E+03));
#2242 = SURFACE_CURVE('',#2243,(#2247,#2254),.PCURVE_S1.);
#2243 = LINE('',#2244,#2245);
#2244 = CARTESIAN_POINT('',(326.,-45.,1.5415E+03));
#2245 = VECTOR('',#2246,1.);
#2246 = DIRECTION('',(0.,0.,1.));
#2247 = PCURVE('',#2139,#2248);
#2248 = DEFINITIONAL_REPRESENTATION('',(#2249),#2253);
#2249 = LINE('',#2250,#2251);
#2250 = CARTESIAN_POINT('',(0.,0.));
#2251 = VECTOR('',#2252,1.);
#2252 = DIRECTION('',(1.,0.));
#2253 = ( GEOMETRIC_REPRESENTATION_CONTEXT(2) 
PARAMETRIC_REPRESENTATION_CONTEXT() REPRESENTATION_CONTEXT('2D SPACE',''
  ) );
#2254 = PCURVE('',#2167,#2255);
#2255 = DEFINITIONAL_REPRESENTATION('',(#2256),#2260);
#2256 = LINE('',#2257,#2258);
#2257 = CARTESIAN_POINT('',(0.,0.));
#2258 = VECTOR('',#2259,1.);
#2259 = DIRECTION('',(1.,0.));
#2260 = ( GEOMETRIC_REPRESENTATION_CONTEXT(2) 
PARAMETRIC_REPRESENTATION_CONTEXT() REPRESENTATION_CONTEXT('2D SPACE',''
  ) );
#2261 = ORIENTED_EDGE('',*,*,#2121,.T.);
#2262 = ORIENTED_EDGE('',*,*,#2263,.T.);
#2263 = EDGE_CURVE('',#2124,#2264,#2266,.T.);
#2264 = VERTEX_POINT('',#2265);
#2265 = CARTESIAN_POINT('',(326.,45.,1.5495E+03));
#2266 = SURFACE_CURVE('',#2267,(#2271,#2278),.PCURVE_S1.);
#2267 = LINE('',#2268,#2269);
#2268 = CARTESIAN_POINT('',(326.,45.,1.5415E+03));
#2269 = VECTOR('',#2270,1.);
#2270 = DIRECTION('',(0.,0.,1.));
#2271 = PCURVE('',#2139,#2272);
#2272 = DEFINITIONAL_REPRESENTATION('',(#2273),#2277);
#2273 = LINE('',#2274,#2275);
#2274 = CARTESIAN_POINT('',(0.,-90.));
#2275 = VECTOR('',#2276,1.);
#2276 = DIRECTION('',(1.,0.));
#2277 = ( GEOMETRIC_REPRESENTATION_CONTEXT(2) 
PARAMETRIC_REPRESENTATION_CONTEXT() REPRESENTATION_CONTEXT('2D SPACE',''
  ) );
#2278 = PCURVE('',#2221,#2279);
#2279 = DEFINITIONAL_REPRESENTATION('',(#2280),#2284);
#2280 = LINE('',#2281,#2282);
#2281 = CARTESIAN_POINT('',(0.,0.));
#2282 = VECTOR('',#2283,1.);
#2283 = DIRECTION('',(1.,0.));
#2284 = ( GEOMETRIC_REPRESENTATION_CONTEXT(2) 
PARAMETRIC_REPRESENTATION_CONTEXT() REPRESENTATION_CONTEXT('2D SPACE',''
  ) );
#2285 = ORIENTED_EDGE('',*,*,#2286,.F.);
#2286 = EDGE_CURVE('',#2240,#2264,#2287,.T.);
#2287 = SURFACE_CURVE('',#2288,(#2292,#2299),.PCURVE_S1.);
#2288 = LINE('',#2289,#2290);
#2289 = CARTESIAN_POINT('',(326.,-45.,1.5495E+03));
#2290 = VECTOR('',#2291,1.);
#2291 = DIRECTION('',(-0.,1.,0.));
#2292 = PCURVE('',#2139,#2293);
#2293 = DEFINITIONAL_REPRESENTATION('',(#2294),#2298);
#2294 = LINE('',#2295,#2296);
#2295 = CARTESIAN_POINT('',(8.,0.));
#2296 = VECTOR('',#2297,1.);
#2297 = DIRECTION('',(0.,-1.));
#2298 = ( GEOMETRIC_REPRESENTATION_CONTEXT(2) 
PARAMETRIC_REPRESENTATION_CONTEXT() REPRESENTATION_CONTEXT('2D SPACE',''
  ) );
#2299 = PCURVE('',#2300,#2305);
#2300 = PLANE('',#2301);
#2301 = AXIS2_PLACEMENT_3D('',#2302,#2303,#2304);
#2302 = CARTESIAN_POINT('',(326.,-45.,1.5495E+03));
#2303 = DIRECTION('',(0.,0.,1.));
#2304 = DIRECTION('',(1.,0.,-0.));
#2305 = DEFINITIONAL_REPRESENTATION('',(#2306),#2310);
#2306 = LINE('',#2307,#2308);
#2307 = CARTESIAN_POINT('',(0.,0.));
#2308 = VECTOR('',#2309,1.);
#2309 = DIRECTION('',(0.,1.));
#2310 = ( GEOMETRIC_REPRESENTATION_CONTEXT(2) 
PARAMETRIC_REPRESENTATION_CONTEXT() REPRESENTATION_CONTEXT('2D SPACE',''
  ) );
#2311 = ADVANCED_FACE('',(#2312),#2221,.T.);
#2312 = FACE_BOUND('',#2313,.T.);
#2313 = EDGE_LOOP('',(#2314,#2315,#2316,#2339));
#2314 = ORIENTED_EDGE('',*,*,#2207,.F.);
#2315 = ORIENTED_EDGE('',*,*,#2263,.T.);
#2316 = ORIENTED_EDGE('',*,*,#2317,.T.);
#2317 = EDGE_CURVE('',#2264,#2318,#2320,.T.);
#2318 = VERTEX_POINT('',#2319);
#2319 = CARTESIAN_POINT('',(344.,45.,1.5495E+03));
#2320 = SURFACE_CURVE('',#2321,(#2325,#2332),.PCURVE_S1.);
#2321 = LINE('',#2322,#2323);
#2322 = CARTESIAN_POINT('',(326.,45.,1.5495E+03));
#2323 = VECTOR('',#2324,1.);
#2324 = DIRECTION('',(1.,0.,-0.));
#2325 = PCURVE('',#2221,#2326);
#2326 = DEFINITIONAL_REPRESENTATION('',(#2327),#2331);
#2327 = LINE('',#2328,#2329);
#2328 = CARTESIAN_POINT('',(8.,0.));
#2329 = VECTOR('',#2330,1.);
#2330 = DIRECTION('',(0.,1.));
#2331 = ( GEOMETRIC_REPRESENTATION_CONTEXT(2) 
PARAMETRIC_REPRESENTATION_CONTEXT() REPRESENTATION_CONTEXT('2D SPACE',''
  ) );
#2332 = PCURVE('',#2300,#2333);
#2333 = DEFINITIONAL_REPRESENTATION('',(#2334),#2338);
#2334 = LINE('',#2335,#2336);
#2335 = CARTESIAN_POINT('',(0.,90.));
#2336 = VECTOR('',#2337,1.);
#2337 = DIRECTION('',(1.,0.));
#2338 = ( GEOMETRIC_REPRESENTATION_CONTEXT(2) 
PARAMETRIC_REPRESENTATION_CONTEXT() REPRESENTATION_CONTEXT('2D SPACE',''
  ) );
#2339 = ORIENTED_EDGE('',*,*,#2340,.F.);
#2340 = EDGE_CURVE('',#2180,#2318,#2341,.T.);
#2341 = SURFACE_CURVE('',#2342,(#2346,#2353),.PCURVE_S1.);
#2342 = LINE('',#2343,#2344);
#2343 = CARTESIAN_POINT('',(344.,45.,1.5415E+03));
#2344 = VECTOR('',#2345,1.);
#2345 = DIRECTION('',(0.,0.,1.));
#2346 = PCURVE('',#2221,#2347);
#2347 = DEFINITIONAL_REPRESENTATION('',(#2348),#2352);
#2348 = LINE('',#2349,#2350);
#2349 = CARTESIAN_POINT('',(0.,18.));
#2350 = VECTOR('',#2351,1.);
#2351 = DIRECTION('',(1.,0.));
#2352 = ( GEOMETRIC_REPRESENTATION_CONTEXT(2) 
PARAMETRIC_REPRESENTATION_CONTEXT() REPRESENTATION_CONTEXT('2D SPACE',''
  ) );
#2353 = PCURVE('',#2195,#2354);
#2354 = DEFINITIONAL_REPRESENTATION('',(#2355),#2359);
#2355 = LINE('',#2356,#2357);
#2356 = CARTESIAN_POINT('',(0.,-90.));
#2357 = VECTOR('',#2358,1.);
#2358 = DIRECTION('',(1.,0.));
#2359 = ( GEOMETRIC_REPRESENTATION_CONTEXT(2) 
PARAMETRIC_REPRESENTATION_CONTEXT() REPRESENTATION_CONTEXT('2D SPACE',''
  ) );
#2360 = ADVANCED_FACE('',(#2361),#2167,.F.);
#2361 = FACE_BOUND('',#2362,.F.);
#2362 = EDGE_LOOP('',(#2363,#2364,#2365,#2388));
#2363 = ORIENTED_EDGE('',*,*,#2151,.F.);
#2364 = ORIENTED_EDGE('',*,*,#2239,.T.);
#2365 = ORIENTED_EDGE('',*,*,#2366,.T.);
#2366 = EDGE_CURVE('',#2240,#2367,#2369,.T.);
#2367 = VERTEX_POINT('',#2368);
#2368 = CARTESIAN_POINT('',(344.,-45.,1.5495E+03));
#2369 = SURFACE_CURVE('',#2370,(#2374,#2381),.PCURVE_S1.);
#2370 = LINE('',#2371,#2372);
#2371 = CARTESIAN_POINT('',(326.,-45.,1.5495E+03));
#2372 = VECTOR('',#2373,1.);
#2373 = DIRECTION('',(1.,0.,-0.));
#2374 = PCURVE('',#2167,#2375);
#2375 = DEFINITIONAL_REPRESENTATION('',(#2376),#2380);
#2376 = LINE('',#2377,#2378);
#2377 = CARTESIAN_POINT('',(8.,0.));
#2378 = VECTOR('',#2379,1.);
#2379 = DIRECTION('',(0.,1.));
#2380 = ( GEOMETRIC_REPRESENTATION_CONTEXT(2) 
PARAMETRIC_REPRESENTATION_CONTEXT() REPRESENTATION_CONTEXT('2D SPACE',''
  ) );
#2381 = PCURVE('',#2300,#2382);
#2382 = DEFINITIONAL_REPRESENTATION('',(#2383),#2387);
#2383 = LINE('',#2384,#2385);
#2384 = CARTESIAN_POINT('',(0.,0.));
#2385 = VECTOR('',#2386,1.);
#2386 = DIRECTION('',(1.,0.));
#2387 = ( GEOMETRIC_REPRESENTATION_CONTEXT(2) 
PARAMETRIC_REPRESENTATION_CONTEXT() REPRESENTATION_CONTEXT('2D SPACE',''
  ) );
#2388 = ORIENTED_EDGE('',*,*,#2389,.F.);
#2389 = EDGE_CURVE('',#2152,#2367,#2390,.T.);
#2390 = SURFACE_CURVE('',#2391,(#2395,#2402),.PCURVE_S1.);
#2391 = LINE('',#2392,#2393);
#2392 = CARTESIAN_POINT('',(344.,-45.,1.5415E+03));
#2393 = VECTOR('',#2394,1.);
#2394 = DIRECTION('',(0.,0.,1.));
#2395 = PCURVE('',#2167,#2396);
#2396 = DEFINITIONAL_REPRESENTATION('',(#2397),#2401);
#2397 = LINE('',#2398,#2399);
#2398 = CARTESIAN_POINT('',(0.,18.));
#2399 = VECTOR('',#2400,1.);
#2400 = DIRECTION('',(1.,0.));
#2401 = ( GEOMETRIC_REPRESENTATION_CONTEXT(2) 
PARAMETRIC_REPRESENTATION_CONTEXT() REPRESENTATION_CONTEXT('2D SPACE',''
  ) );
#2402 = PCURVE('',#2195,#2403);
#2403 = DEFINITIONAL_REPRESENTATION('',(#2404),#2408);
#2404 = LINE('',#2405,#2406);
#2405 = CARTESIAN_POINT('',(0.,0.));
#2406 = VECTOR('',#2407,1.);
#2407 = DIRECTION('',(1.,0.));
#2408 = ( GEOMETRIC_REPRESENTATION_CONTEXT(2) 
PARAMETRIC_REPRESENTATION_CONTEXT() REPRESENTATION_CONTEXT('2D SPACE',''
  ) );
#2409 = ADVANCED_FACE('',(#2410),#2195,.T.);
#2410 = FACE_BOUND('',#2411,.T.);
#2411 = EDGE_LOOP('',(#2412,#2413,#2414,#2415));
#2412 = ORIENTED_EDGE('',*,*,#2389,.F.);
#2413 = ORIENTED_EDGE('',*,*,#2179,.T.);
#2414 = ORIENTED_EDGE('',*,*,#2340,.T.);
#2415 = ORIENTED_EDGE('',*,*,#2416,.F.);
#2416 = EDGE_CURVE('',#2367,#2318,#2417,.T.);
#2417 = SURFACE_CURVE('',#2418,(#2422,#2429),.PCURVE_S1.);
#2418 = LINE('',#2419,#2420);
#2419 = CARTESIAN_POINT('',(344.,-45.,1.5495E+03));
#2420 = VECTOR('',#2421,1.);
#2421 = DIRECTION('',(-0.,1.,0.));
#2422 = PCURVE('',#2195,#2423);
#2423 = DEFINITIONAL_REPRESENTATION('',(#2424),#2428);
#2424 = LINE('',#2425,#2426);
#2425 = CARTESIAN_POINT('',(8.,0.));
#2426 = VECTOR('',#2427,1.);
#2427 = DIRECTION('',(0.,-1.));
#2428 = ( GEOMETRIC_REPRESENTATION_CONTEXT(2) 
PARAMETRIC_REPRESENTATION_CONTEXT() REPRESENTATION_CONTEXT('2D SPACE',''
  ) );
#2429 = PCURVE('',#2300,#2430);
#2430 = DEFINITIONAL_REPRESENTATION('',(#2431),#2435);
#2431 = LINE('',#2432,#2433);
#2432 = CARTESIAN_POINT('',(18.,0.));
#2433 = VECTOR('',#2434,1.);
#2434 = DIRECTION('',(0.,1.));
#2435 = ( GEOMETRIC_REPRESENTATION_CONTEXT(2) 
PARAMETRIC_REPRESENTATION_CONTEXT() REPRESENTATION_CONTEXT('2D SPACE',''
  ) );
#2436 = ADVANCED_FACE('',(#2437),#2300,.T.);
#2437 = FACE_BOUND('',#2438,.T.);
#2438 = EDGE_LOOP('',(#2439,#2440,#2441,#2442));
#2439 = ORIENTED_EDGE('',*,*,#2286,.F.);
#2440 = ORIENTED_EDGE('',*,*,#2366,.T.);
#2441 = ORIENTED_EDGE('',*,*,#2416,.T.);
#2442 = ORIENTED_EDGE('',*,*,#2317,.F.);
#2443 = MANIFOLD_SOLID_BREP('',#2444);
#2444 = CLOSED_SHELL('',(#2445,#4559,#4585,#4635,#4723,#4841,#4917,#5081
    ,#5107,#5113,#5140,#5167,#5174,#5224,#5250,#5300,#5388,#5506,#5582,
    #5723,#5749,#5754,#5781,#5808,#5815,#5841,#5929,#6047,#6123,#6291,
    #6317,#6323,#6350,#6377));
#2445 = ADVANCED_FACE('',(#2446),#2465,.T.);
#2446 = FACE_BOUND('',#2447,.T.);
#2447 = EDGE_LOOP('',(#2448,#2498,#2522,#2565,#2605,#2643,#2667,#2689,
    #2690,#2941,#2981,#3230,#3231,#3482,#3522,#3773,#3797,#4053,#4093,
    #4344,#4366,#4367,#4368,#4406,#4446,#4482,#4483,#4521));
#2448 = ORIENTED_EDGE('',*,*,#2449,.F.);
#2449 = EDGE_CURVE('',#2450,#2452,#2454,.T.);
#2450 = VERTEX_POINT('',#2451);
#2451 = CARTESIAN_POINT('',(-205.9781987788,106.75664676184,1.4335E+03)
  );
#2452 = VERTEX_POINT('',#2453);
#2453 = CARTESIAN_POINT('',(-205.272210875,106.96418611731,
    1.436714520474E+03));
#2454 = SURFACE_CURVE('',#2455,(#2464,#2481),.PCURVE_S1.);
#2455 = B_SPLINE_CURVE_WITH_KNOTS('',7,(#2456,#2457,#2458,#2459,#2460,
    #2461,#2462,#2463),.UNSPECIFIED.,.F.,.F.,(8,8),(0.,1.),
  .PIECEWISE_BEZIER_KNOTS.);
#2456 = CARTESIAN_POINT('',(-205.9781987788,106.75664676184,1.4335E+03)
  );
#2457 = CARTESIAN_POINT('',(-205.9136702288,106.88114930945,
    1.43396943391E+03));
#2458 = CARTESIAN_POINT('',(-205.8347651534,106.97730403621,
    1.434437609043E+03));
#2459 = CARTESIAN_POINT('',(-205.7430210814,107.04278570454,
    1.434903408847E+03));
#2460 = CARTESIAN_POINT('',(-205.6398364387,107.0754344731,
    1.435365545643E+03));
#2461 = CARTESIAN_POINT('',(-205.5264299354,107.0735484435,
    1.435822564336E+03));
#2462 = CARTESIAN_POINT('',(-205.4036851302,107.03635031771,
    1.436272824803E+03));
#2463 = CARTESIAN_POINT('',(-205.2722101985,106.964185746,
    1.436714522746E+03));
#2464 = PCURVE('',#2465,#2470);
#2465 = TOROIDAL_SURFACE('',#2466,222.,10.);
#2466 = AXIS2_PLACEMENT_3D('',#2467,#2468,#2469);
#2467 = CARTESIAN_POINT('',(0.,0.,1.4335E+03));
#2468 = DIRECTION('',(0.,0.,1.));
#2469 = DIRECTION('',(1.,0.,-0.));
#2470 = DEFINITIONAL_REPRESENTATION('',(#2471),#2480);
#2471 = B_SPLINE_CURVE_WITH_KNOTS('',7,(#2472,#2473,#2474,#2475,#2476,
    #2477,#2478,#2479),.UNSPECIFIED.,.F.,.F.,(8,8),(0.,1.),
  .PIECEWISE_BEZIER_KNOTS.);
#2472 = CARTESIAN_POINT('',(2.663419547541,0.));
#2473 = CARTESIAN_POINT('',(2.662815102273,4.694339098696E-02));
#2474 = CARTESIAN_POINT('',(2.662290625843,9.37609070102E-02));
#2475 = CARTESIAN_POINT('',(2.661857784656,0.140509837717));
#2476 = CARTESIAN_POINT('',(2.661527452539,0.187226382323));
#2477 = CARTESIAN_POINT('',(2.661308552256,0.233929308124));
#2478 = CARTESIAN_POINT('',(2.66120599733,0.280617295962));
#2479 = CARTESIAN_POINT('',(2.661220000687,0.327262761999));
#2480 = ( GEOMETRIC_REPRESENTATION_CONTEXT(2) 
PARAMETRIC_REPRESENTATION_CONTEXT() REPRESENTATION_CONTEXT('2D SPACE',''
  ) );
#2481 = PCURVE('',#2482,#2487);
#2482 = CYLINDRICAL_SURFACE('',#2483,14.);
#2483 = AXIS2_PLACEMENT_3D('',#2484,#2485,#2486);
#2484 = CARTESIAN_POINT('',(-623.5382907247,360.,0.));
#2485 = DIRECTION('',(0.2841973077,-0.164081392104,0.94462118707));
#2486 = DIRECTION('',(0.957599723992,-6.938893903907E-18,-0.288102010772
    ));
#2487 = DEFINITIONAL_REPRESENTATION('',(#2488),#2497);
#2488 = B_SPLINE_CURVE_WITH_KNOTS('',7,(#2489,#2490,#2491,#2492,#2493,
    #2494,#2495,#2496),.UNSPECIFIED.,.F.,.F.,(8,8),(0.,1.),
  .PIECEWISE_BEZIER_KNOTS.);
#2489 = CARTESIAN_POINT('',(3.494169573772,1.514336447539E+03));
#2490 = CARTESIAN_POINT('',(3.478976027751,1.514777795045E+03));
#2491 = CARTESIAN_POINT('',(3.465973228605,1.515226690603E+03));
#2492 = CARTESIAN_POINT('',(3.455297470108,1.515682024062E+03));
#2493 = CARTESIAN_POINT('',(3.447087340945,1.516142536014E+03));
#2494 = CARTESIAN_POINT('',(3.441461371377,1.516606784839E+03));
#2495 = CARTESIAN_POINT('',(3.438484581211,1.517073097679E+03));
#2496 = CARTESIAN_POINT('',(3.438153703612,1.5175395406E+03));
#2497 = ( GEOMETRIC_REPRESENTATION_CONTEXT(2) 
PARAMETRIC_REPRESENTATION_CONTEXT() REPRESENTATION_CONTEXT('2D SPACE',''
  ) );
#2498 = ORIENTED_EDGE('',*,*,#2499,.T.);
#2499 = EDGE_CURVE('',#2450,#2500,#2502,.T.);
#2500 = VERTEX_POINT('',#2501);
#2501 = CARTESIAN_POINT('',(-10.53513127081,-231.7606761491,1.4335E+03)
  );
#2502 = SEAM_CURVE('',#2503,(#2508,#2515),.PCURVE_S1.);
#2503 = CIRCLE('',#2504,232.);
#2504 = AXIS2_PLACEMENT_3D('',#2505,#2506,#2507);
#2505 = CARTESIAN_POINT('',(0.,0.,1.4335E+03));
#2506 = DIRECTION('',(0.,0.,1.));
#2507 = DIRECTION('',(1.,0.,-0.));
#2508 = PCURVE('',#2465,#2509);
#2509 = DEFINITIONAL_REPRESENTATION('',(#2510),#2514);
#2510 = LINE('',#2511,#2512);
#2511 = CARTESIAN_POINT('',(0.,6.28318530718));
#2512 = VECTOR('',#2513,1.);
#2513 = DIRECTION('',(1.,0.));
#2514 = ( GEOMETRIC_REPRESENTATION_CONTEXT(2) 
PARAMETRIC_REPRESENTATION_CONTEXT() REPRESENTATION_CONTEXT('2D SPACE',''
  ) );
#2515 = PCURVE('',#2465,#2516);
#2516 = DEFINITIONAL_REPRESENTATION('',(#2517),#2521);
#2517 = LINE('',#2518,#2519);
#2518 = CARTESIAN_POINT('',(0.,0.));
#2519 = VECTOR('',#2520,1.);
#2520 = DIRECTION('',(1.,0.));
#2521 = ( GEOMETRIC_REPRESENTATION_CONTEXT(2) 
PARAMETRIC_REPRESENTATION_CONTEXT() REPRESENTATION_CONTEXT('2D SPACE',''
  ) );
#2522 = ORIENTED_EDGE('',*,*,#2523,.T.);
#2523 = EDGE_CURVE('',#2500,#2524,#2526,.T.);
#2524 = VERTEX_POINT('',#2525);
#2525 = CARTESIAN_POINT('',(-10.00240296481,-231.2530423674,
    1.436714520474E+03));
#2526 = SURFACE_CURVE('',#2527,(#2536,#2548),.PCURVE_S1.);
#2527 = B_SPLINE_CURVE_WITH_KNOTS('',7,(#2528,#2529,#2530,#2531,#2532,
    #2533,#2534,#2535),.UNSPECIFIED.,.F.,.F.,(8,8),(0.,1.),
  .PIECEWISE_BEZIER_KNOTS.);
#2528 = CARTESIAN_POINT('',(-10.53513127081,-231.7606761491,1.4335E+03)
  );
#2529 = CARTESIAN_POINT('',(-10.39504462675,-231.7670440593,
    1.43396943391E+03));
#2530 = CARTESIAN_POINT('',(-10.27231965298,-231.7467876229,
    1.434437609043E+03));
#2531 = CARTESIAN_POINT('',(-10.16973882871,-231.7000757601,
    1.434903408847E+03));
#2532 = CARTESIAN_POINT('',(-10.08987184443,-231.6270396225,
    1.435365545643E+03));
#2533 = CARTESIAN_POINT('',(-10.03480194231,-231.5278836949,
    1.435822564336E+03));
#2534 = CARTESIAN_POINT('',(-10.0056440616,-231.4029845125,
    1.436272824803E+03));
#2535 = CARTESIAN_POINT('',(-10.00240294813,-231.2530415959,
    1.436714522746E+03));
#2536 = PCURVE('',#2465,#2537);
#2537 = DEFINITIONAL_REPRESENTATION('',(#2538),#2547);
#2538 = B_SPLINE_CURVE_WITH_KNOTS('',7,(#2539,#2540,#2541,#2542,#2543,
    #2544,#2545,#2546),.UNSPECIFIED.,.F.,.F.,(8,8),(0.,1.),
  .PIECEWISE_BEZIER_KNOTS.);
#2539 = CARTESIAN_POINT('',(4.666963310835,0.));
#2540 = CARTESIAN_POINT('',(4.667567756103,4.694339098685E-02));
#2541 = CARTESIAN_POINT('',(4.668092232533,9.376090701063E-02));
#2542 = CARTESIAN_POINT('',(4.668525073721,0.140509837716));
#2543 = CARTESIAN_POINT('',(4.668855405837,0.187226382324));
#2544 = CARTESIAN_POINT('',(4.66907430612,0.233929308124));
#2545 = CARTESIAN_POINT('',(4.669176861047,0.280617295962));
#2546 = CARTESIAN_POINT('',(4.669162857689,0.327262761999));
#2547 = ( GEOMETRIC_REPRESENTATION_CONTEXT(2) 
PARAMETRIC_REPRESENTATION_CONTEXT() REPRESENTATION_CONTEXT('2D SPACE',''
  ) );
#2548 = PCURVE('',#2549,#2554);
#2549 = CYLINDRICAL_SURFACE('',#2550,14.);
#2550 = AXIS2_PLACEMENT_3D('',#2551,#2552,#2553);
#2551 = CARTESIAN_POINT('',(-1.322618543079E-13,-720.,0.));
#2552 = DIRECTION('',(6.028252549177E-17,0.328162784207,0.94462118707));
#2553 = DIRECTION('',(6.162975822039E-33,0.94462118707,-0.328162784207)
  );
#2554 = DEFINITIONAL_REPRESENTATION('',(#2555),#2564);
#2555 = B_SPLINE_CURVE_WITH_KNOTS('',7,(#2556,#2557,#2558,#2559,#2560,
    #2561,#2562,#2563),.UNSPECIFIED.,.F.,.F.,(8,8),(0.,1.),
  .PIECEWISE_BEZIER_KNOTS.);
#2556 = CARTESIAN_POINT('',(2.289728549374,1.514336447539E+03));
#2557 = CARTESIAN_POINT('',(2.304922095395,1.514777795045E+03));
#2558 = CARTESIAN_POINT('',(2.31792489454,1.515226690603E+03));
#2559 = CARTESIAN_POINT('',(2.328600653038,1.515682024062E+03));
#2560 = CARTESIAN_POINT('',(2.3368107822,1.516142536014E+03));
#2561 = CARTESIAN_POINT('',(2.342436751769,1.516606784839E+03));
#2562 = CARTESIAN_POINT('',(2.345413541935,1.517073097679E+03));
#2563 = CARTESIAN_POINT('',(2.345744419534,1.5175395406E+03));
#2564 = ( GEOMETRIC_REPRESENTATION_CONTEXT(2) 
PARAMETRIC_REPRESENTATION_CONTEXT() REPRESENTATION_CONTEXT('2D SPACE',''
  ) );
#2565 = ORIENTED_EDGE('',*,*,#2566,.T.);
#2566 = EDGE_CURVE('',#2524,#2567,#2569,.T.);
#2567 = VERTEX_POINT('',#2568);
#2568 = CARTESIAN_POINT('',(10.002402964814,-231.2530423674,
    1.436714520474E+03));
#2569 = SURFACE_CURVE('',#2570,(#2578,#2589),.PCURVE_S1.);
#2570 = B_SPLINE_CURVE_WITH_KNOTS('',6,(#2571,#2572,#2573,#2574,#2575,
    #2576,#2577),.UNSPECIFIED.,.F.,.F.,(7,7),(0.,1.),
  .PIECEWISE_BEZIER_KNOTS.);
#2571 = CARTESIAN_POINT('',(-16.8,-230.8996799868,1.436591761865E+03));
#2572 = CARTESIAN_POINT('',(-11.20889836435,-231.2651017162,
    1.436718709909E+03));
#2573 = CARTESIAN_POINT('',(-5.607117987145,-231.4826445825,
    1.43679428462E+03));
#2574 = CARTESIAN_POINT('',(4.183216778175E-07,-231.5548821215,
    1.436819380046E+03));
#2575 = CARTESIAN_POINT('',(5.607118267458,-231.4826445282,
    1.436794284601E+03));
#2576 = CARTESIAN_POINT('',(11.208897687587,-231.2651017605,
    1.436718709924E+03));
#2577 = CARTESIAN_POINT('',(16.8,-230.8996799868,1.436591761865E+03));
#2578 = PCURVE('',#2465,#2579);
#2579 = DEFINITIONAL_REPRESENTATION('',(#2580),#2588);
#2580 = B_SPLINE_CURVE_WITH_KNOTS('',6,(#2581,#2582,#2583,#2584,#2585,
    #2586,#2587),.UNSPECIFIED.,.F.,.F.,(7,7),(0.,1.),
  .PIECEWISE_BEZIER_KNOTS.);
#2581 = CARTESIAN_POINT('',(4.639758094835,0.314326654417));
#2582 = CARTESIAN_POINT('',(4.663959543236,0.327675487903));
#2583 = CARTESIAN_POINT('',(4.688170998357,0.335691826426));
#2584 = CARTESIAN_POINT('',(4.712388982184,0.338369880961));
#2585 = CARTESIAN_POINT('',(4.736606963635,0.33569182446));
#2586 = CARTESIAN_POINT('',(4.760818414604,0.327675489519));
#2587 = CARTESIAN_POINT('',(4.785019865934,0.314326654417));
#2588 = ( GEOMETRIC_REPRESENTATION_CONTEXT(2) 
PARAMETRIC_REPRESENTATION_CONTEXT() REPRESENTATION_CONTEXT('2D SPACE',''
  ) );
#2589 = PCURVE('',#2590,#2595);
#2590 = PLANE('',#2591);
#2591 = AXIS2_PLACEMENT_3D('',#2592,#2593,#2594);
#2592 = CARTESIAN_POINT('',(-4.078073841161E-14,-222.,1.4335E+03));
#2593 = DIRECTION('',(6.028252549177E-17,0.328162784207,0.94462118707));
#2594 = DIRECTION('',(6.162975822039E-33,0.94462118707,-0.328162784207)
  );
#2595 = DEFINITIONAL_REPRESENTATION('',(#2596),#2604);
#2596 = B_SPLINE_CURVE_WITH_KNOTS('',6,(#2597,#2598,#2599,#2600,#2601,
    #2602,#2603),.UNSPECIFIED.,.F.,.F.,(7,7),(0.,1.),
  .PIECEWISE_BEZIER_KNOTS.);
#2597 = CARTESIAN_POINT('',(-9.421427455466,16.8));
#2598 = CARTESIAN_POINT('',(-9.808272186882,11.208898364356));
#2599 = CARTESIAN_POINT('',(-10.03856859481,5.607117987144));
#2600 = CARTESIAN_POINT('',(-10.11504108983,-4.183217185982E-07));
#2601 = CARTESIAN_POINT('',(-10.03856853739,-5.607118267458));
#2602 = CARTESIAN_POINT('',(-9.808272233708,-11.20889768758));
#2603 = CARTESIAN_POINT('',(-9.421427455466,-16.8));
#2604 = ( GEOMETRIC_REPRESENTATION_CONTEXT(2) 
PARAMETRIC_REPRESENTATION_CONTEXT() REPRESENTATION_CONTEXT('2D SPACE',''
  ) );
#2605 = ORIENTED_EDGE('',*,*,#2606,.F.);
#2606 = EDGE_CURVE('',#2607,#2567,#2609,.T.);
#2607 = VERTEX_POINT('',#2608);
#2608 = CARTESIAN_POINT('',(10.53513127081,-231.7606761491,1.4335E+03));
#2609 = SURFACE_CURVE('',#2610,(#2619,#2631),.PCURVE_S1.);
#2610 = B_SPLINE_CURVE_WITH_KNOTS('',7,(#2611,#2612,#2613,#2614,#2615,
    #2616,#2617,#2618),.UNSPECIFIED.,.F.,.F.,(8,8),(0.,1.),
  .PIECEWISE_BEZIER_KNOTS.);
#2611 = CARTESIAN_POINT('',(10.53513127081,-231.7606761491,1.4335E+03));
#2612 = CARTESIAN_POINT('',(10.395044626753,-231.7670440593,
    1.43396943391E+03));
#2613 = CARTESIAN_POINT('',(10.272319652983,-231.7467876229,
    1.434437609043E+03));
#2614 = CARTESIAN_POINT('',(10.16973882872,-231.7000757601,
    1.434903408847E+03));
#2615 = CARTESIAN_POINT('',(10.089871844435,-231.6270396225,
    1.435365545643E+03));
#2616 = CARTESIAN_POINT('',(10.034801942317,-231.5278836949,
    1.435822564336E+03));
#2617 = CARTESIAN_POINT('',(10.005644061601,-231.4029845125,
    1.436272824803E+03));
#2618 = CARTESIAN_POINT('',(10.002402948137,-231.2530415959,
    1.436714522746E+03));
#2619 = PCURVE('',#2465,#2620);
#2620 = DEFINITIONAL_REPRESENTATION('',(#2621),#2630);
#2621 = B_SPLINE_CURVE_WITH_KNOTS('',7,(#2622,#2623,#2624,#2625,#2626,
    #2627,#2628,#2629),.UNSPECIFIED.,.F.,.F.,(8,8),(0.,1.),
  .PIECEWISE_BEZIER_KNOTS.);
#2622 = CARTESIAN_POINT('',(4.757814649934,0.));
#2623 = CARTESIAN_POINT('',(4.757210204666,4.694339098684E-02));
#2624 = CARTESIAN_POINT('',(4.756685728236,9.376090701067E-02));
#2625 = CARTESIAN_POINT('',(4.756252887049,0.140509837716));
#2626 = CARTESIAN_POINT('',(4.755922554932,0.187226382324));
#2627 = CARTESIAN_POINT('',(4.755703654649,0.233929308124));
#2628 = CARTESIAN_POINT('',(4.755601099723,0.280617295962));
#2629 = CARTESIAN_POINT('',(4.75561510308,0.327262761999));
#2630 = ( GEOMETRIC_REPRESENTATION_CONTEXT(2) 
PARAMETRIC_REPRESENTATION_CONTEXT() REPRESENTATION_CONTEXT('2D SPACE',''
  ) );
#2631 = PCURVE('',#2549,#2632);
#2632 = DEFINITIONAL_REPRESENTATION('',(#2633),#2642);
#2633 = B_SPLINE_CURVE_WITH_KNOTS('',7,(#2634,#2635,#2636,#2637,#2638,
    #2639,#2640,#2641),.UNSPECIFIED.,.F.,.F.,(8,8),(0.,1.),
  .PIECEWISE_BEZIER_KNOTS.);
#2634 = CARTESIAN_POINT('',(3.993456757806,1.514336447539E+03));
#2635 = CARTESIAN_POINT('',(3.978263211785,1.514777795045E+03));
#2636 = CARTESIAN_POINT('',(3.965260412639,1.515226690603E+03));
#2637 = CARTESIAN_POINT('',(3.954584654142,1.515682024062E+03));
#2638 = CARTESIAN_POINT('',(3.94637452498,1.516142536014E+03));
#2639 = CARTESIAN_POINT('',(3.940748555411,1.516606784839E+03));
#2640 = CARTESIAN_POINT('',(3.937771765245,1.517073097679E+03));
#2641 = CARTESIAN_POINT('',(3.937440887646,1.5175395406E+03));
#2642 = ( GEOMETRIC_REPRESENTATION_CONTEXT(2) 
PARAMETRIC_REPRESENTATION_CONTEXT() REPRESENTATION_CONTEXT('2D SPACE',''
  ) );
#2643 = ORIENTED_EDGE('',*,*,#2644,.T.);
#2644 = EDGE_CURVE('',#2607,#2645,#2647,.T.);
#2645 = VERTEX_POINT('',#2646);
#2646 = CARTESIAN_POINT('',(232.,-5.682361148044E-14,1.4335E+03));
#2647 = SEAM_CURVE('',#2648,(#2653,#2660),.PCURVE_S1.);
#2648 = CIRCLE('',#2649,232.);
#2649 = AXIS2_PLACEMENT_3D('',#2650,#2651,#2652);
#2650 = CARTESIAN_POINT('',(0.,0.,1.4335E+03));
#2651 = DIRECTION('',(0.,0.,1.));
#2652 = DIRECTION('',(1.,0.,-0.));
#2653 = PCURVE('',#2465,#2654);
#2654 = DEFINITIONAL_REPRESENTATION('',(#2655),#2659);
#2655 = LINE('',#2656,#2657);
#2656 = CARTESIAN_POINT('',(0.,6.28318530718));
#2657 = VECTOR('',#2658,1.);
#2658 = DIRECTION('',(1.,0.));
#2659 = ( GEOMETRIC_REPRESENTATION_CONTEXT(2) 
PARAMETRIC_REPRESENTATION_CONTEXT() REPRESENTATION_CONTEXT('2D SPACE',''
  ) );
#2660 = PCURVE('',#2465,#2661);
#2661 = DEFINITIONAL_REPRESENTATION('',(#2662),#2666);
#2662 = LINE('',#2663,#2664);
#2663 = CARTESIAN_POINT('',(0.,0.));
#2664 = VECTOR('',#2665,1.);
#2665 = DIRECTION('',(1.,0.));
#2666 = ( GEOMETRIC_REPRESENTATION_CONTEXT(2) 
PARAMETRIC_REPRESENTATION_CONTEXT() REPRESENTATION_CONTEXT('2D SPACE',''
  ) );
#2667 = ORIENTED_EDGE('',*,*,#2668,.T.);
#2668 = EDGE_CURVE('',#2645,#2645,#2669,.T.);
#2669 = SEAM_CURVE('',#2670,(#2675,#2682),.PCURVE_S1.);
#2670 = CIRCLE('',#2671,10.);
#2671 = AXIS2_PLACEMENT_3D('',#2672,#2673,#2674);
#2672 = CARTESIAN_POINT('',(222.,-5.437431788214E-14,1.4335E+03));
#2673 = DIRECTION('',(-2.449293598295E-16,-1.,0.));
#2674 = DIRECTION('',(1.,-2.449293598295E-16,0.));
#2675 = PCURVE('',#2465,#2676);
#2676 = DEFINITIONAL_REPRESENTATION('',(#2677),#2681);
#2677 = LINE('',#2678,#2679);
#2678 = CARTESIAN_POINT('',(0.,-0.));
#2679 = VECTOR('',#2680,1.);
#2680 = DIRECTION('',(0.,1.));
#2681 = ( GEOMETRIC_REPRESENTATION_CONTEXT(2) 
PARAMETRIC_REPRESENTATION_CONTEXT() REPRESENTATION_CONTEXT('2D SPACE',''
  ) );
#2682 = PCURVE('',#2465,#2683);
#2683 = DEFINITIONAL_REPRESENTATION('',(#2684),#2688);
#2684 = LINE('',#2685,#2686);
#2685 = CARTESIAN_POINT('',(6.28318530718,-0.));
#2686 = VECTOR('',#2687,1.);
#2687 = DIRECTION('',(0.,1.));
#2688 = ( GEOMETRIC_REPRESENTATION_CONTEXT(2) 
PARAMETRIC_REPRESENTATION_CONTEXT() REPRESENTATION_CONTEXT('2D SPACE',''
  ) );
#2689 = ORIENTED_EDGE('',*,*,#2644,.F.);
#2690 = ORIENTED_EDGE('',*,*,#2691,.F.);
#2691 = EDGE_CURVE('',#2692,#2607,#2694,.T.);
#2692 = VERTEX_POINT('',#2693);
#2693 = CARTESIAN_POINT('',(9.585331187351,-212.3610942003,
    1.430151430005E+03));
#2694 = SURFACE_CURVE('',#2695,(#2775,#2858),.PCURVE_S1.);
#2695 = B_SPLINE_CURVE_WITH_KNOTS('',8,(#2696,#2697,#2698,#2699,#2700,
    #2701,#2702,#2703,#2704,#2705,#2706,#2707,#2708,#2709,#2710,#2711,
    #2712,#2713,#2714,#2715,#2716,#2717,#2718,#2719,#2720,#2721,#2722,
    #2723,#2724,#2725,#2726,#2727,#2728,#2729,#2730,#2731,#2732,#2733,
    #2734,#2735,#2736,#2737,#2738,#2739,#2740,#2741,#2742,#2743,#2744,
    #2745,#2746,#2747,#2748,#2749,#2750,#2751,#2752,#2753,#2754,#2755,
    #2756,#2757,#2758,#2759,#2760,#2761,#2762,#2763,#2764,#2765,#2766,
    #2767,#2768,#2769,#2770,#2771,#2772,#2773,#2774),.UNSPECIFIED.,.F.,
  .F.,(9,7,7,7,7,7,7,7,7,7,7,9),(0.,0.199437456892,0.287706262436,
    0.365875905892,0.4276261508,0.479270595472,0.561459773868,
    0.618865530443,0.695393970943,0.757318507937,0.924413049186,1.),
  .UNSPECIFIED.);
#2696 = CARTESIAN_POINT('',(9.585331169223,-212.3610933966,
    1.430151432266E+03));
#2697 = CARTESIAN_POINT('',(9.589915686693,-212.5643413945,
    1.429579503296E+03));
#2698 = CARTESIAN_POINT('',(9.637413428946,-212.8055475775,
    1.429021163725E+03));
#2699 = CARTESIAN_POINT('',(9.72778428284,-213.0836406807,
    1.428479830742E+03));
#2700 = CARTESIAN_POINT('',(9.858619400801,-213.3974219514,
    1.427958273389E+03));
#2701 = CARTESIAN_POINT('',(10.025435552517,-213.7458398221,
    1.427458800423E+03));
#2702 = CARTESIAN_POINT('',(10.222914854527,-214.1281334791,
    1.426983504388E+03));
#2703 = CARTESIAN_POINT('',(10.445572755884,-214.5439096168,
    1.426534376316E+03));
#2704 = CARTESIAN_POINT('',(10.795402281357,-215.1925462151,
    1.425927301907E+03));
#2705 = CARTESIAN_POINT('',(10.906629533429,-215.3982034037,
    1.425746574329E+03));
#2706 = CARTESIAN_POINT('',(11.021302390932,-215.6105640333,
    1.425571544768E+03));
#2707 = CARTESIAN_POINT('',(11.138963599377,-215.8296898487,
    1.42540241455E+03));
#2708 = CARTESIAN_POINT('',(11.259152888024,-216.0556547198,
    1.425239412195E+03));
#2709 = CARTESIAN_POINT('',(11.381406863032,-216.2885466444,
    1.425082795056E+03));
#2710 = CARTESIAN_POINT('',(11.505257866306,-216.5284722323,
    1.424932852648E+03));
#2711 = CARTESIAN_POINT('',(11.740907001587,-216.9943844552,
    1.424663325138E+03));
#2712 = CARTESIAN_POINT('',(11.852452322587,-217.2188043796,
    1.424542241657E+03));
#2713 = CARTESIAN_POINT('',(11.964540219851,-217.4489173784,
    1.424426884127E+03));
#2714 = CARTESIAN_POINT('',(12.076826307308,-217.6848085002,
    1.424317514027E+03));
#2715 = CARTESIAN_POINT('',(12.188947345293,-217.9265523054,
    1.424214428933E+03));
#2716 = CARTESIAN_POINT('',(12.300519467103,-218.1742123722,
    1.424117961369E+03));
#2717 = CARTESIAN_POINT('',(12.411136642846,-218.4278419078,
    1.424028479017E+03));
#2718 = CARTESIAN_POINT('',(12.606657970477,-218.8925913442,
    1.423881536985E+03));
#2719 = CARTESIAN_POINT('',(12.69207579979,-219.1014343108,
    1.423821304095E+03));
#2720 = CARTESIAN_POINT('',(12.776411011264,-219.3140332471,
    1.423765886133E+03));
#2721 = CARTESIAN_POINT('',(12.859434287241,-219.5303858116,
    1.423715501755E+03));
#2722 = CARTESIAN_POINT('',(12.940900039242,-219.750466063,
    1.423670386396E+03));
#2723 = CARTESIAN_POINT('',(13.020547597543,-219.974222081,
    1.423630788937E+03));
#2724 = CARTESIAN_POINT('',(13.098102400759,-220.2015735881,
    1.423596968346E+03));
#2725 = CARTESIAN_POINT('',(13.2361491629,-220.6254678523,
    1.423545958384E+03));
#2726 = CARTESIAN_POINT('',(13.297353989426,-220.8209562584,
    1.423526954023E+03));
#2727 = CARTESIAN_POINT('',(13.356722852007,-221.0188037004,
    1.423512332058E+03));
#2728 = CARTESIAN_POINT('',(13.414077673609,-221.2189148752,
    1.423502251618E+03));
#2729 = CARTESIAN_POINT('',(13.469233940716,-221.4211681358,
    1.423496871574E+03));
#2730 = CARTESIAN_POINT('',(13.522003530887,-221.6254133628,
    1.423496345947E+03));
#2731 = CARTESIAN_POINT('',(13.572197540327,-221.831469835,
    1.423500819316E+03));
#2732 = CARTESIAN_POINT('',(13.695113742651,-222.369593981,
    1.423525704708E+03));
#2733 = CARTESIAN_POINT('',(13.763633568052,-222.7042464755,
    1.423553984266E+03));
#2734 = CARTESIAN_POINT('',(13.824386697337,-223.0420482693,
    1.423595795894E+03));
#2735 = CARTESIAN_POINT('',(13.876633020631,-223.3818372388,
    1.42365154091E+03));
#2736 = CARTESIAN_POINT('',(13.919726164093,-223.7223198212,
    1.423721456435E+03));
#2737 = CARTESIAN_POINT('',(13.953153587582,-224.0620691178,
    1.423805570125E+03));
#2738 = CARTESIAN_POINT('',(13.976584824404,-224.3995237315,
    1.423903640151E+03));
#2739 = CARTESIAN_POINT('',(13.999247426219,-224.9658979346,
    1.424092916876E+03));
#2740 = CARTESIAN_POINT('',(14.003648160859,-225.1969269035,
    1.424177297666E+03));
#2741 = CARTESIAN_POINT('',(14.00309493451,-225.4255180444,
    1.424268036972E+03));
#2742 = CARTESIAN_POINT('',(13.997610258226,-225.6511705635,
    1.424364899772E+03));
#2743 = CARTESIAN_POINT('',(13.987267584932,-225.8734344693,
    1.424467610406E+03));
#2744 = CARTESIAN_POINT('',(13.97218513796,-226.0919067149,
    1.424575859674E+03));
#2745 = CARTESIAN_POINT('',(13.952520269852,-226.3062280843,
    1.424689310481E+03));
#2746 = CARTESIAN_POINT('',(13.896395060294,-226.7958385345,
    1.424965298244E+03));
#2747 = CARTESIAN_POINT('',(13.856518693754,-227.067682311,
    1.425131613327E+03));
#2748 = CARTESIAN_POINT('',(13.809277635792,-227.3309346401,
    1.4253057384E+03));
#2749 = CARTESIAN_POINT('',(13.755196463328,-227.5851361508,
    1.425486863106E+03));
#2750 = CARTESIAN_POINT('',(13.694842417244,-227.8300006987,
    1.425674206807E+03));
#2751 = CARTESIAN_POINT('',(13.628794256,-228.0653793928,
    1.425867043123E+03));
#2752 = CARTESIAN_POINT('',(13.557619491842,-228.2912335631,
    1.426064717846E+03));
#2753 = CARTESIAN_POINT('',(13.420557690746,-228.6827074446,
    1.426430065999E+03));
#2754 = CARTESIAN_POINT('',(13.35625317992,-228.8515970062,
    1.426596266409E+03));
#2755 = CARTESIAN_POINT('',(13.289230000289,-229.0143244645,
    1.426764969493E+03));
#2756 = CARTESIAN_POINT('',(13.21976290828,-229.1709511408,
    1.426935908354E+03));
#2757 = CARTESIAN_POINT('',(13.148116108572,-229.3215567805,
    1.427108842359E+03));
#2758 = CARTESIAN_POINT('',(13.074541469083,-229.4662357646,
    1.427283558345E+03));
#2759 = CARTESIAN_POINT('',(12.999276735963,-229.6050933202,
    1.427459871819E+03));
#2760 = CARTESIAN_POINT('',(12.715490713574,-230.0975237536,
    1.428117278312E+03));
#2761 = CARTESIAN_POINT('',(12.497946602146,-230.4148935037,
    1.428606974642E+03));
#2762 = CARTESIAN_POINT('',(12.274089589004,-230.6930902399,
    1.4291041644E+03));
#2763 = CARTESIAN_POINT('',(12.047717490314,-230.934095136,
    1.429606769115E+03));
#2764 = CARTESIAN_POINT('',(11.822413309035,-231.1396382725,
    1.430113141133E+03));
#2765 = CARTESIAN_POINT('',(11.60156256236,-231.3111583624,
    1.430622069944E+03));
#2766 = CARTESIAN_POINT('',(11.388413067395,-231.4498269716,
    1.431132782048E+03));
#2767 = CARTESIAN_POINT('',(11.094661194162,-231.604611678,
    1.431876668176E+03));
#2768 = CARTESIAN_POINT('',(11.005430802169,-231.6462364944,
    1.43210857911E+03));
#2769 = CARTESIAN_POINT('',(10.918773241555,-231.6813449098,
    1.432340631414E+03));
#2770 = CARTESIAN_POINT('',(10.835003908902,-231.709991283,
    1.432572745063E+03));
#2771 = CARTESIAN_POINT('',(10.754440632116,-231.7322179583,
    1.43280483419E+03));
#2772 = CARTESIAN_POINT('',(10.677400307804,-231.7480577952,
    1.433036806701E+03));
#2773 = CARTESIAN_POINT('',(10.604195538653,-231.7575366988,
    1.433268563881E+03));
#2774 = CARTESIAN_POINT('',(10.53513127081,-231.7606761491,1.4335E+03));
#2775 = PCURVE('',#2465,#2776);
#2776 = DEFINITIONAL_REPRESENTATION('',(#2777),#2857);
#2777 = B_SPLINE_CURVE_WITH_KNOTS('',8,(#2778,#2779,#2780,#2781,#2782,
    #2783,#2784,#2785,#2786,#2787,#2788,#2789,#2790,#2791,#2792,#2793,
    #2794,#2795,#2796,#2797,#2798,#2799,#2800,#2801,#2802,#2803,#2804,
    #2805,#2806,#2807,#2808,#2809,#2810,#2811,#2812,#2813,#2814,#2815,
    #2816,#2817,#2818,#2819,#2820,#2821,#2822,#2823,#2824,#2825,#2826,
    #2827,#2828,#2829,#2830,#2831,#2832,#2833,#2834,#2835,#2836,#2837,
    #2838,#2839,#2840,#2841,#2842,#2843,#2844,#2845,#2846,#2847,#2848,
    #2849,#2850,#2851,#2852,#2853,#2854,#2855,#2856),.UNSPECIFIED.,.F.,
  .F.,(9,7,7,7,7,7,7,7,7,7,7,9),(0.,0.199437456892,0.287706262436,
    0.365875905892,0.4276261508,0.479270595472,0.561459773868,
    0.618865530443,0.695393970943,0.757318507937,0.924413049186,1.),
  .UNSPECIFIED.);
#2778 = CARTESIAN_POINT('',(4.757495310472,3.483045877752));
#2779 = CARTESIAN_POINT('',(4.757473742749,3.543742870475));
#2780 = CARTESIAN_POINT('',(4.757645836439,3.604493945761));
#2781 = CARTESIAN_POINT('',(4.758010905796,3.665281781416));
#2782 = CARTESIAN_POINT('',(4.758556757513,3.726146631739));
#2783 = CARTESIAN_POINT('',(4.759261155006,3.787171094686));
#2784 = CARTESIAN_POINT('',(4.760097905762,3.848475995882));
#2785 = CARTESIAN_POINT('',(4.761040099295,3.910222348975));
#2786 = CARTESIAN_POINT('',(4.762513634722,4.000280042233));
#2787 = CARTESIAN_POINT('',(4.762981293811,4.028046467197));
#2788 = CARTESIAN_POINT('',(4.763462297196,4.055972265303));
#2789 = CARTESIAN_POINT('',(4.763954399808,4.084080637022));
#2790 = CARTESIAN_POINT('',(4.764455349144,4.112395536459));
#2791 = CARTESIAN_POINT('',(4.764962886068,4.140942281773));
#2792 = CARTESIAN_POINT('',(4.765474740211,4.169748410289));
#2793 = CARTESIAN_POINT('',(4.766443704856,4.22461212271));
#2794 = CARTESIAN_POINT('',(4.766900334935,4.250604647049));
#2795 = CARTESIAN_POINT('',(4.767356926459,4.276844173224));
#2796 = CARTESIAN_POINT('',(4.767811829343,4.303351635418));
#2797 = CARTESIAN_POINT('',(4.768263320449,4.330147468622));
#2798 = CARTESIAN_POINT('',(4.768709597925,4.357252103454));
#2799 = CARTESIAN_POINT('',(4.769148776618,4.384686567232));
#2800 = CARTESIAN_POINT('',(4.769918649097,4.434423283049));
#2801 = CARTESIAN_POINT('',(4.770252726242,4.456591447301));
#2802 = CARTESIAN_POINT('',(4.770580144228,4.478988394717));
#2803 = CARTESIAN_POINT('',(4.77089986432,4.501623481428));
#2804 = CARTESIAN_POINT('',(4.771210788217,4.524504723135));
#2805 = CARTESIAN_POINT('',(4.771511765452,4.547638809182));
#2806 = CARTESIAN_POINT('',(4.771801600775,4.571031116631));
#2807 = CARTESIAN_POINT('',(4.772311114201,4.614469112728));
#2808 = CARTESIAN_POINT('',(4.772534502366,4.634435246813));
#2809 = CARTESIAN_POINT('',(4.772748502941,4.654585836342));
#2810 = CARTESIAN_POINT('',(4.772952363573,4.674921074353));
#2811 = CARTESIAN_POINT('',(4.773145316234,4.695439447604));
#2812 = CARTESIAN_POINT('',(4.773326590789,4.716137546996));
#2813 = CARTESIAN_POINT('',(4.77349542857,4.737009878015));
#2814 = CARTESIAN_POINT('',(4.773898831651,4.791530706511));
#2815 = CARTESIAN_POINT('',(4.774113314963,4.825448043407));
#2816 = CARTESIAN_POINT('',(4.77429141555,4.859751778033));
#2817 = CARTESIAN_POINT('',(4.774430359862,4.894385896533));
#2818 = CARTESIAN_POINT('',(4.774527868375,4.929286107585));
#2819 = CARTESIAN_POINT('',(4.774582321767,4.964376973387));
#2820 = CARTESIAN_POINT('',(4.774592956009,4.999567339022));
#2821 = CARTESIAN_POINT('',(4.774537128304,5.059313551428));
#2822 = CARTESIAN_POINT('',(4.774492940789,5.083883266537));
#2823 = CARTESIAN_POINT('',(4.774427608598,5.108417107085));
#2824 = CARTESIAN_POINT('',(4.774341453438,5.132883038566));
#2825 = CARTESIAN_POINT('',(4.774235001761,5.157252179563));
#2826 = CARTESIAN_POINT('',(4.774108955726,5.181498052245));
#2827 = CARTESIAN_POINT('',(4.773964167348,5.205595994238));
#2828 = CARTESIAN_POINT('',(4.773584916031,5.261419810234));
#2829 = CARTESIAN_POINT('',(4.773336625462,5.293015778964));
#2830 = CARTESIAN_POINT('',(4.773058995791,5.324264292988));
#2831 = CARTESIAN_POINT('',(4.772754545467,5.355134232439));
#2832 = CARTESIAN_POINT('',(4.772425898994,5.385605999295));
#2833 = CARTESIAN_POINT('',(4.772075663005,5.415669078831));
#2834 = CARTESIAN_POINT('',(4.771706339118,5.445320865857));
#2835 = CARTESIAN_POINT('',(4.771007880842,5.498231659673));
#2836 = CARTESIAN_POINT('',(4.770684524987,5.521630803476));
#2837 = CARTESIAN_POINT('',(4.770351430423,5.544768519424));
#2838 = CARTESIAN_POINT('',(4.770009769046,5.567650442271));
#2839 = CARTESIAN_POINT('',(4.769660654939,5.590283517862));
#2840 = CARTESIAN_POINT('',(4.769305139062,5.612676011743));
#2841 = CARTESIAN_POINT('',(4.768944203952,5.634837517755));
#2842 = CARTESIAN_POINT('',(4.767592655684,5.715984840649));
#2843 = CARTESIAN_POINT('',(4.766574660929,5.773531882338));
#2844 = CARTESIAN_POINT('',(4.765541702777,5.829705305422));
#2845 = CARTESIAN_POINT('',(4.76450909769,5.884707839334));
#2846 = CARTESIAN_POINT('',(4.763491232368,5.93872171914));
#2847 = CARTESIAN_POINT('',(4.762501707645,5.991918670487));
#2848 = CARTESIAN_POINT('',(4.761553628595,6.044478122483));
#2849 = CARTESIAN_POINT('',(4.760255767903,6.120180646654));
#2850 = CARTESIAN_POINT('',(4.759862825063,6.143661427208));
#2851 = CARTESIAN_POINT('',(4.759482444655,6.167058336085));
#2852 = CARTESIAN_POINT('',(4.759115923644,6.190384020179));
#2853 = CARTESIAN_POINT('',(4.758764575463,6.213649834859));
#2854 = CARTESIAN_POINT('',(4.758429715762,6.236865989869));
#2855 = CARTESIAN_POINT('',(4.758112648149,6.260041695236));
#2856 = CARTESIAN_POINT('',(4.757814649934,6.28318530718));
#2857 = ( GEOMETRIC_REPRESENTATION_CONTEXT(2) 
PARAMETRIC_REPRESENTATION_CONTEXT() REPRESENTATION_CONTEXT('2D SPACE',''
  ) );
#2858 = PCURVE('',#2549,#2859);
#2859 = DEFINITIONAL_REPRESENTATION('',(#2860),#2940);
#2860 = B_SPLINE_CURVE_WITH_KNOTS('',8,(#2861,#2862,#2863,#2864,#2865,
    #2866,#2867,#2868,#2869,#2870,#2871,#2872,#2873,#2874,#2875,#2876,
    #2877,#2878,#2879,#2880,#2881,#2882,#2883,#2884,#2885,#2886,#2887,
    #2888,#2889,#2890,#2891,#2892,#2893,#2894,#2895,#2896,#2897,#2898,
    #2899,#2900,#2901,#2902,#2903,#2904,#2905,#2906,#2907,#2908,#2909,
    #2910,#2911,#2912,#2913,#2914,#2915,#2916,#2917,#2918,#2919,#2920,
    #2921,#2922,#2923,#2924,#2925,#2926,#2927,#2928,#2929,#2930,#2931,
    #2932,#2933,#2934,#2935,#2936,#2937,#2938,#2939),.UNSPECIFIED.,.F.,
  .F.,(9,7,7,7,7,7,7,7,7,7,7,9),(0.,0.199437456892,0.287706262436,
    0.365875905892,0.4276261508,0.479270595472,0.561459773868,
    0.618865530443,0.695393970943,0.757318507937,0.924413049186,1.),
  .UNSPECIFIED.);
#2861 = CARTESIAN_POINT('',(5.529039256212,1.5175395406E+03));
#2862 = CARTESIAN_POINT('',(5.528589969496,1.516932585949E+03));
#2863 = CARTESIAN_POINT('',(5.52393493486,1.516326011667E+03));
#2864 = CARTESIAN_POINT('',(5.515070958388,1.515723397255E+03));
#2865 = CARTESIAN_POINT('',(5.502134081312,1.515127751794E+03));
#2866 = CARTESIAN_POINT('',(5.485369626593,1.514541601269E+03));
#2867 = CARTESIAN_POINT('',(5.465042686009,1.513967172014E+03));
#2868 = CARTESIAN_POINT('',(5.441390487841,1.513406473867E+03));
#2869 = CARTESIAN_POINT('',(5.402702820903,1.512620160125E+03));
#2870 = CARTESIAN_POINT('',(5.390211875433,1.51238195199E+03));
#2871 = CARTESIAN_POINT('',(5.377112156984,1.512146926504E+03));
#2872 = CARTESIAN_POINT('',(5.363414298022,1.511915253578E+03));
#2873 = CARTESIAN_POINT('',(5.349126654428,1.511687124839E+03));
#2874 = CARTESIAN_POINT('',(5.334254959922,1.511462754509E+03));
#2875 = CARTESIAN_POINT('',(5.318801818179,1.511242381084E+03));
#2876 = CARTESIAN_POINT('',(5.288564960916,1.510834884636E+03));
#2877 = CARTESIAN_POINT('',(5.27390828996,1.510646860347E+03));
#2878 = CARTESIAN_POINT('',(5.258795076759,1.510462376658E+03));
#2879 = CARTESIAN_POINT('',(5.243223612148,1.510281652657E+03));
#2880 = CARTESIAN_POINT('',(5.227191482121,1.510104944973E+03));
#2881 = CARTESIAN_POINT('',(5.210695493545,1.509932546851E+03));
#2882 = CARTESIAN_POINT('',(5.193731464266,1.50976478815E+03));
#2883 = CARTESIAN_POINT('',(5.162519025872,1.509473470125E+03));
#2884 = CARTESIAN_POINT('',(5.148449724358,1.509348038371E+03));
#2885 = CARTESIAN_POINT('',(5.13408347111,1.509225922332E+03));
#2886 = CARTESIAN_POINT('',(5.119418448176,1.509107329321E+03));
#2887 = CARTESIAN_POINT('',(5.104453634242,1.508992490249E+03));
#2888 = CARTESIAN_POINT('',(5.089188917275,1.508881657252E+03));
#2889 = CARTESIAN_POINT('',(5.07362520717,1.508775101302E+03));
#2890 = CARTESIAN_POINT('',(5.044499582142,1.508587809889E+03));
#2891 = CARTESIAN_POINT('',(5.031027394726,1.508505705947E+03));
#2892 = CARTESIAN_POINT('',(5.017349633543,1.508426967562E+03));
#2893 = CARTESIAN_POINT('',(5.00346910671,1.508351776324E+03));
#2894 = CARTESIAN_POINT('',(4.989389970687,1.508280322228E+03));
#2895 = CARTESIAN_POINT('',(4.975117917891,1.508212800027E+03));
#2896 = CARTESIAN_POINT('',(4.960660364315,1.5081494056E+03));
#2897 = CARTESIAN_POINT('',(4.922737897769,1.507996320551E+03));
#2898 = CARTESIAN_POINT('',(4.898993419592,1.507913213526E+03));
#2899 = CARTESIAN_POINT('',(4.874842812096,1.507841855699E+03));
#2900 = CARTESIAN_POINT('',(4.850343085337,1.507783007527E+03));
#2901 = CARTESIAN_POINT('',(4.825559453198,1.507737317502E+03));
#2902 = CARTESIAN_POINT('',(4.800567086426,1.507705280001E+03));
#2903 = CARTESIAN_POINT('',(4.775453815474,1.50768717898E+03));
#2904 = CARTESIAN_POINT('',(4.732771490383,1.507680110848E+03));
#2905 = CARTESIAN_POINT('',(4.715206100013,1.507684003621E+03));
#2906 = CARTESIAN_POINT('',(4.697661320819,1.507694702786E+03));
#2907 = CARTESIAN_POINT('',(4.680168071462,1.507712150681E+03));
#2908 = CARTESIAN_POINT('',(4.662754947069,1.50773623458E+03));
#2909 = CARTESIAN_POINT('',(4.645448604542,1.507766794671E+03));
#2910 = CARTESIAN_POINT('',(4.628274066593,1.50780363041E+03));
#2911 = CARTESIAN_POINT('',(4.588566507785,1.50790366237E+03));
#2912 = CARTESIAN_POINT('',(4.566152028598,1.50797155811E+03));
#2913 = CARTESIAN_POINT('',(4.544061211954,1.508049650726E+03));
#2914 = CARTESIAN_POINT('',(4.522331641518,1.508137325486E+03));
#2915 = CARTESIAN_POINT('',(4.500991349151,1.508233938883E+03));
#2916 = CARTESIAN_POINT('',(4.480060652648,1.508338853625E+03));
#2917 = CARTESIAN_POINT('',(4.459553261658,1.508451464424E+03));
#2918 = CARTESIAN_POINT('',(4.423231256429,1.508668112871E+03));
#2919 = CARTESIAN_POINT('',(4.407267910702,1.50876968603E+03));
#2920 = CARTESIAN_POINT('',(4.391589576555,1.508875645442E+03));
#2921 = CARTESIAN_POINT('',(4.376198015516,1.508985718865E+03));
#2922 = CARTESIAN_POINT('',(4.361093898264,1.509099652824E+03));
#2923 = CARTESIAN_POINT('',(4.3462769142,1.509217214989E+03));
#2924 = CARTESIAN_POINT('',(4.331745881028,1.50933819655E+03));
#2925 = CARTESIAN_POINT('',(4.279055282416,1.509797599309E+03));
#2926 = CARTESIAN_POINT('',(4.242716363038,1.510156027897E+03));
#2927 = CARTESIAN_POINT('',(4.208394994075,1.510534390061E+03));
#2928 = CARTESIAN_POINT('',(4.176070217322,1.510930072286E+03));
#2929 = CARTESIAN_POINT('',(4.145748631692,1.511340950415E+03));
#2930 = CARTESIAN_POINT('',(4.11746308603,1.511765408842E+03));
#2931 = CARTESIAN_POINT('',(4.091267095586,1.512202332438E+03));
#2932 = CARTESIAN_POINT('',(4.056373187657,1.512854228456E+03));
#2933 = CARTESIAN_POINT('',(4.045953123169,1.513059636722E+03));
#2934 = CARTESIAN_POINT('',(4.035990268261,1.51326731697E+03));
#2935 = CARTESIAN_POINT('',(4.026495460633,1.513477175766E+03));
#2936 = CARTESIAN_POINT('',(4.017480992834,1.513689118106E+03));
#2937 = CARTESIAN_POINT('',(4.00896024946,1.51390304621E+03));
#2938 = CARTESIAN_POINT('',(4.000947344356,1.514118858328E+03));
#2939 = CARTESIAN_POINT('',(3.993456757806,1.514336447539E+03));
#2940 = ( GEOMETRIC_REPRESENTATION_CONTEXT(2) 
PARAMETRIC_REPRESENTATION_CONTEXT() REPRESENTATION_CONTEXT('2D SPACE',''
  ) );
#2941 = ORIENTED_EDGE('',*,*,#2942,.F.);
#2942 = EDGE_CURVE('',#2943,#2692,#2945,.T.);
#2943 = VERTEX_POINT('',#2944);
#2944 = CARTESIAN_POINT('',(-9.585331187351,-212.3610942003,
    1.430151430005E+03));
#2945 = SURFACE_CURVE('',#2946,(#2954,#2965),.PCURVE_S1.);
#2946 = B_SPLINE_CURVE_WITH_KNOTS('',6,(#2947,#2948,#2949,#2950,#2951,
    #2952,#2953),.UNSPECIFIED.,.F.,.F.,(7,7),(0.,1.),
  .PIECEWISE_BEZIER_KNOTS.);
#2947 = CARTESIAN_POINT('',(-16.8,-211.9628871271,1.430013092284E+03));
#2948 = CARTESIAN_POINT('',(-11.21031222369,-212.3550730438,
    1.430149338246E+03));
#2949 = CARTESIAN_POINT('',(-5.608246772145,-212.5931864849,
    1.430232059204E+03));
#2950 = CARTESIAN_POINT('',(4.371872078654E-06,-212.6730100469,
    1.430259790027E+03));
#2951 = CARTESIAN_POINT('',(5.608251436245,-212.593185988,
    1.430232059032E+03));
#2952 = CARTESIAN_POINT('',(11.210309182133,-212.3550732572,
    1.43014933832E+03));
#2953 = CARTESIAN_POINT('',(16.8,-211.9628871271,1.430013092284E+03));
#2954 = PCURVE('',#2465,#2955);
#2955 = DEFINITIONAL_REPRESENTATION('',(#2956),#2964);
#2956 = B_SPLINE_CURVE_WITH_KNOTS('',6,(#2957,#2958,#2959,#2960,#2961,
    #2962,#2963),.UNSPECIFIED.,.F.,.F.,(7,7),(0.,1.),
  .PIECEWISE_BEZIER_KNOTS.);
#2957 = CARTESIAN_POINT('',(4.633295168473,3.497766492652));
#2958 = CARTESIAN_POINT('',(4.65964734191,3.48322952477));
#2959 = CARTESIAN_POINT('',(4.686015370791,3.474497828967));
#2960 = CARTESIAN_POINT('',(4.712389000901,3.471580950453));
#2961 = CARTESIAN_POINT('',(4.738762612007,3.474497847353));
#2962 = CARTESIAN_POINT('',(4.76513060452,3.48322951686));
#2963 = CARTESIAN_POINT('',(4.791482792296,3.497766492653));
#2964 = ( GEOMETRIC_REPRESENTATION_CONTEXT(2) 
PARAMETRIC_REPRESENTATION_CONTEXT() REPRESENTATION_CONTEXT('2D SPACE',''
  ) );
#2965 = PCURVE('',#2966,#2971);
#2966 = PLANE('',#2967);
#2967 = AXIS2_PLACEMENT_3D('',#2968,#2969,#2970);
#2968 = CARTESIAN_POINT('',(-4.078073841161E-14,-222.,1.4335E+03));
#2969 = DIRECTION('',(6.028252549177E-17,0.328162784207,0.94462118707));
#2970 = DIRECTION('',(6.162975822039E-33,0.94462118707,-0.328162784207)
  );
#2971 = DEFINITIONAL_REPRESENTATION('',(#2972),#2980);
#2972 = B_SPLINE_CURVE_WITH_KNOTS('',6,(#2973,#2974,#2975,#2976,#2977,
    #2978,#2979),.UNSPECIFIED.,.F.,.F.,(7,7),(0.,1.),
  .PIECEWISE_BEZIER_KNOTS.);
#2973 = CARTESIAN_POINT('',(10.625542821045,16.8));
#2974 = CARTESIAN_POINT('',(10.210364840594,11.210312223691));
#2975 = CARTESIAN_POINT('',(9.958291899192,5.608246772145));
#2976 = CARTESIAN_POINT('',(9.873788647418,-4.371872119435E-06));
#2977 = CARTESIAN_POINT('',(9.958292425263,-5.608251436245));
#2978 = CARTESIAN_POINT('',(10.21036461468,-11.21030918213));
#2979 = CARTESIAN_POINT('',(10.625542821045,-16.8));
#2980 = ( GEOMETRIC_REPRESENTATION_CONTEXT(2) 
PARAMETRIC_REPRESENTATION_CONTEXT() REPRESENTATION_CONTEXT('2D SPACE',''
  ) );
#2981 = ORIENTED_EDGE('',*,*,#2982,.T.);
#2982 = EDGE_CURVE('',#2943,#2500,#2983,.T.);
#2983 = SURFACE_CURVE('',#2984,(#3064,#3147),.PCURVE_S1.);
#2984 = B_SPLINE_CURVE_WITH_KNOTS('',8,(#2985,#2986,#2987,#2988,#2989,
    #2990,#2991,#2992,#2993,#2994,#2995,#2996,#2997,#2998,#2999,#3000,
    #3001,#3002,#3003,#3004,#3005,#3006,#3007,#3008,#3009,#3010,#3011,
    #3012,#3013,#3014,#3015,#3016,#3017,#3018,#3019,#3020,#3021,#3022,
    #3023,#3024,#3025,#3026,#3027,#3028,#3029,#3030,#3031,#3032,#3033,
    #3034,#3035,#3036,#3037,#3038,#3039,#3040,#3041,#3042,#3043,#3044,
    #3045,#3046,#3047,#3048,#3049,#3050,#3051,#3052,#3053,#3054,#3055,
    #3056,#3057,#3058,#3059,#3060,#3061,#3062,#3063),.UNSPECIFIED.,.F.,
  .F.,(9,7,7,7,7,7,7,7,7,7,7,9),(0.,0.199437456892,0.287706262436,
    0.365875905892,0.4276261508,0.479270595472,0.561459773868,
    0.618865530443,0.695393970943,0.757318507937,0.924413049186,1.),
  .UNSPECIFIED.);
#2985 = CARTESIAN_POINT('',(-9.585331169223,-212.3610933966,
    1.430151432266E+03));
#2986 = CARTESIAN_POINT('',(-9.589915686693,-212.5643413945,
    1.429579503296E+03));
#2987 = CARTESIAN_POINT('',(-9.637413428945,-212.8055475775,
    1.429021163725E+03));
#2988 = CARTESIAN_POINT('',(-9.727784282845,-213.0836406807,
    1.428479830742E+03));
#2989 = CARTESIAN_POINT('',(-9.858619400794,-213.3974219514,
    1.427958273389E+03));
#2990 = CARTESIAN_POINT('',(-10.02543555252,-213.7458398221,
    1.427458800423E+03));
#2991 = CARTESIAN_POINT('',(-10.22291485452,-214.1281334791,
    1.426983504388E+03));
#2992 = CARTESIAN_POINT('',(-10.44557275588,-214.5439096168,
    1.426534376316E+03));
#2993 = CARTESIAN_POINT('',(-10.79540228135,-215.1925462151,
    1.425927301907E+03));
#2994 = CARTESIAN_POINT('',(-10.90662953343,-215.3982034037,
    1.425746574329E+03));
#2995 = CARTESIAN_POINT('',(-11.02130239093,-215.6105640333,
    1.425571544768E+03));
#2996 = CARTESIAN_POINT('',(-11.13896359937,-215.8296898487,
    1.42540241455E+03));
#2997 = CARTESIAN_POINT('',(-11.25915288802,-216.0556547198,
    1.425239412195E+03));
#2998 = CARTESIAN_POINT('',(-11.38140686303,-216.2885466444,
    1.425082795056E+03));
#2999 = CARTESIAN_POINT('',(-11.5052578663,-216.5284722323,
    1.424932852648E+03));
#3000 = CARTESIAN_POINT('',(-11.74090700158,-216.9943844552,
    1.424663325138E+03));
#3001 = CARTESIAN_POINT('',(-11.85245232258,-217.2188043796,
    1.424542241657E+03));
#3002 = CARTESIAN_POINT('',(-11.96454021985,-217.4489173784,
    1.424426884127E+03));
#3003 = CARTESIAN_POINT('',(-12.0768263073,-217.6848085002,
    1.424317514027E+03));
#3004 = CARTESIAN_POINT('',(-12.18894734529,-217.9265523054,
    1.424214428933E+03));
#3005 = CARTESIAN_POINT('',(-12.3005194671,-218.1742123722,
    1.424117961369E+03));
#3006 = CARTESIAN_POINT('',(-12.41113664284,-218.4278419078,
    1.424028479017E+03));
#3007 = CARTESIAN_POINT('',(-12.60665797047,-218.8925913442,
    1.423881536985E+03));
#3008 = CARTESIAN_POINT('',(-12.69207579979,-219.1014343108,
    1.423821304095E+03));
#3009 = CARTESIAN_POINT('',(-12.77641101126,-219.3140332471,
    1.423765886133E+03));
#3010 = CARTESIAN_POINT('',(-12.85943428724,-219.5303858116,
    1.423715501755E+03));
#3011 = CARTESIAN_POINT('',(-12.94090003924,-219.750466063,
    1.423670386396E+03));
#3012 = CARTESIAN_POINT('',(-13.02054759754,-219.974222081,
    1.423630788937E+03));
#3013 = CARTESIAN_POINT('',(-13.09810240075,-220.2015735881,
    1.423596968346E+03));
#3014 = CARTESIAN_POINT('',(-13.2361491629,-220.6254678523,
    1.423545958384E+03));
#3015 = CARTESIAN_POINT('',(-13.29735398942,-220.8209562584,
    1.423526954023E+03));
#3016 = CARTESIAN_POINT('',(-13.356722852,-221.0188037004,
    1.423512332058E+03));
#3017 = CARTESIAN_POINT('',(-13.41407767361,-221.2189148752,
    1.423502251618E+03));
#3018 = CARTESIAN_POINT('',(-13.46923394071,-221.4211681358,
    1.423496871574E+03));
#3019 = CARTESIAN_POINT('',(-13.52200353088,-221.6254133628,
    1.423496345947E+03));
#3020 = CARTESIAN_POINT('',(-13.57219754032,-221.831469835,
    1.423500819316E+03));
#3021 = CARTESIAN_POINT('',(-13.69511374265,-222.369593981,
    1.423525704708E+03));
#3022 = CARTESIAN_POINT('',(-13.76363356805,-222.7042464755,
    1.423553984266E+03));
#3023 = CARTESIAN_POINT('',(-13.82438669733,-223.0420482693,
    1.423595795894E+03));
#3024 = CARTESIAN_POINT('',(-13.87663302063,-223.3818372388,
    1.42365154091E+03));
#3025 = CARTESIAN_POINT('',(-13.91972616409,-223.7223198212,
    1.423721456435E+03));
#3026 = CARTESIAN_POINT('',(-13.95315358758,-224.0620691178,
    1.423805570125E+03));
#3027 = CARTESIAN_POINT('',(-13.9765848244,-224.3995237315,
    1.423903640151E+03));
#3028 = CARTESIAN_POINT('',(-13.99924742621,-224.9658979346,
    1.424092916876E+03));
#3029 = CARTESIAN_POINT('',(-14.00364816085,-225.1969269035,
    1.424177297666E+03));
#3030 = CARTESIAN_POINT('',(-14.00309493451,-225.4255180444,
    1.424268036972E+03));
#3031 = CARTESIAN_POINT('',(-13.99761025822,-225.6511705635,
    1.424364899772E+03));
#3032 = CARTESIAN_POINT('',(-13.98726758493,-225.8734344693,
    1.424467610406E+03));
#3033 = CARTESIAN_POINT('',(-13.97218513796,-226.0919067149,
    1.424575859674E+03));
#3034 = CARTESIAN_POINT('',(-13.95252026985,-226.3062280843,
    1.424689310481E+03));
#3035 = CARTESIAN_POINT('',(-13.89639506029,-226.7958385345,
    1.424965298244E+03));
#3036 = CARTESIAN_POINT('',(-13.85651869375,-227.067682311,
    1.425131613327E+03));
#3037 = CARTESIAN_POINT('',(-13.80927763579,-227.3309346401,
    1.4253057384E+03));
#3038 = CARTESIAN_POINT('',(-13.75519646332,-227.5851361508,
    1.425486863106E+03));
#3039 = CARTESIAN_POINT('',(-13.69484241724,-227.8300006987,
    1.425674206807E+03));
#3040 = CARTESIAN_POINT('',(-13.628794256,-228.0653793928,
    1.425867043123E+03));
#3041 = CARTESIAN_POINT('',(-13.55761949184,-228.2912335631,
    1.426064717846E+03));
#3042 = CARTESIAN_POINT('',(-13.42055769074,-228.6827074446,
    1.426430065999E+03));
#3043 = CARTESIAN_POINT('',(-13.35625317992,-228.8515970062,
    1.426596266409E+03));
#3044 = CARTESIAN_POINT('',(-13.28923000028,-229.0143244645,
    1.426764969493E+03));
#3045 = CARTESIAN_POINT('',(-13.21976290828,-229.1709511408,
    1.426935908354E+03));
#3046 = CARTESIAN_POINT('',(-13.14811610857,-229.3215567805,
    1.427108842359E+03));
#3047 = CARTESIAN_POINT('',(-13.07454146908,-229.4662357646,
    1.427283558345E+03));
#3048 = CARTESIAN_POINT('',(-12.99927673596,-229.6050933202,
    1.427459871819E+03));
#3049 = CARTESIAN_POINT('',(-12.71549071357,-230.0975237536,
    1.428117278312E+03));
#3050 = CARTESIAN_POINT('',(-12.49794660214,-230.4148935037,
    1.428606974642E+03));
#3051 = CARTESIAN_POINT('',(-12.27408958899,-230.6930902399,
    1.4291041644E+03));
#3052 = CARTESIAN_POINT('',(-12.04771749032,-230.934095136,
    1.429606769115E+03));
#3053 = CARTESIAN_POINT('',(-11.82241330902,-231.1396382725,
    1.430113141133E+03));
#3054 = CARTESIAN_POINT('',(-11.60156256236,-231.3111583624,
    1.430622069944E+03));
#3055 = CARTESIAN_POINT('',(-11.38841306739,-231.4498269716,
    1.431132782048E+03));
#3056 = CARTESIAN_POINT('',(-11.09466119416,-231.604611678,
    1.431876668176E+03));
#3057 = CARTESIAN_POINT('',(-11.00543080216,-231.6462364944,
    1.43210857911E+03));
#3058 = CARTESIAN_POINT('',(-10.91877324155,-231.6813449098,
    1.432340631414E+03));
#3059 = CARTESIAN_POINT('',(-10.8350039089,-231.709991283,
    1.432572745063E+03));
#3060 = CARTESIAN_POINT('',(-10.75444063211,-231.7322179583,
    1.43280483419E+03));
#3061 = CARTESIAN_POINT('',(-10.6774003078,-231.7480577952,
    1.433036806701E+03));
#3062 = CARTESIAN_POINT('',(-10.60419553865,-231.7575366988,
    1.433268563881E+03));
#3063 = CARTESIAN_POINT('',(-10.53513127081,-231.7606761491,1.4335E+03)
  );
#3064 = PCURVE('',#2465,#3065);
#3065 = DEFINITIONAL_REPRESENTATION('',(#3066),#3146);
#3066 = B_SPLINE_CURVE_WITH_KNOTS('',8,(#3067,#3068,#3069,#3070,#3071,
    #3072,#3073,#3074,#3075,#3076,#3077,#3078,#3079,#3080,#3081,#3082,
    #3083,#3084,#3085,#3086,#3087,#3088,#3089,#3090,#3091,#3092,#3093,
    #3094,#3095,#3096,#3097,#3098,#3099,#3100,#3101,#3102,#3103,#3104,
    #3105,#3106,#3107,#3108,#3109,#3110,#3111,#3112,#3113,#3114,#3115,
    #3116,#3117,#3118,#3119,#3120,#3121,#3122,#3123,#3124,#3125,#3126,
    #3127,#3128,#3129,#3130,#3131,#3132,#3133,#3134,#3135,#3136,#3137,
    #3138,#3139,#3140,#3141,#3142,#3143,#3144,#3145),.UNSPECIFIED.,.F.,
  .F.,(9,7,7,7,7,7,7,7,7,7,7,9),(0.,0.199437456892,0.287706262436,
    0.365875905892,0.4276261508,0.479270595472,0.561459773868,
    0.618865530443,0.695393970943,0.757318507937,0.924413049186,1.),
  .UNSPECIFIED.);
#3067 = CARTESIAN_POINT('',(4.667282650298,3.483045877752));
#3068 = CARTESIAN_POINT('',(4.66730421802,3.543742870476));
#3069 = CARTESIAN_POINT('',(4.66713212433,3.60449394576));
#3070 = CARTESIAN_POINT('',(4.666767054974,3.665281781419));
#3071 = CARTESIAN_POINT('',(4.666221203256,3.726146631736));
#3072 = CARTESIAN_POINT('',(4.665516805763,3.787171094688));
#3073 = CARTESIAN_POINT('',(4.664680055007,3.848475995881));
#3074 = CARTESIAN_POINT('',(4.663737861474,3.910222348975));
#3075 = CARTESIAN_POINT('',(4.662264326047,4.000280042233));
#3076 = CARTESIAN_POINT('',(4.661796666958,4.028046467197));
#3077 = CARTESIAN_POINT('',(4.661315663573,4.055972265303));
#3078 = CARTESIAN_POINT('',(4.660823560961,4.084080637022));
#3079 = CARTESIAN_POINT('',(4.660322611625,4.112395536459));
#3080 = CARTESIAN_POINT('',(4.659815074702,4.140942281773));
#3081 = CARTESIAN_POINT('',(4.659303220558,4.169748410289));
#3082 = CARTESIAN_POINT('',(4.658334255914,4.22461212271));
#3083 = CARTESIAN_POINT('',(4.657877625834,4.250604647049));
#3084 = CARTESIAN_POINT('',(4.657421034311,4.276844173224));
#3085 = CARTESIAN_POINT('',(4.656966131427,4.303351635418));
#3086 = CARTESIAN_POINT('',(4.65651464032,4.330147468622));
#3087 = CARTESIAN_POINT('',(4.656068362845,4.357252103454));
#3088 = CARTESIAN_POINT('',(4.655629184151,4.384686567232));
#3089 = CARTESIAN_POINT('',(4.654859311672,4.434423283049));
#3090 = CARTESIAN_POINT('',(4.654525234527,4.456591447301));
#3091 = CARTESIAN_POINT('',(4.654197816541,4.478988394717));
#3092 = CARTESIAN_POINT('',(4.65387809645,4.501623481428));
#3093 = CARTESIAN_POINT('',(4.653567172552,4.524504723135));
#3094 = CARTESIAN_POINT('',(4.653266195318,4.547638809182));
#3095 = CARTESIAN_POINT('',(4.652976359995,4.571031116631));
#3096 = CARTESIAN_POINT('',(4.652466846568,4.614469112728));
#3097 = CARTESIAN_POINT('',(4.652243458403,4.634435246813));
#3098 = CARTESIAN_POINT('',(4.652029457828,4.654585836342));
#3099 = CARTESIAN_POINT('',(4.651825597196,4.674921074353));
#3100 = CARTESIAN_POINT('',(4.651632644536,4.695439447604));
#3101 = CARTESIAN_POINT('',(4.65145136998,4.716137546996));
#3102 = CARTESIAN_POINT('',(4.6512825322,4.737009878015));
#3103 = CARTESIAN_POINT('',(4.650879129118,4.791530706511));
#3104 = CARTESIAN_POINT('',(4.650664645806,4.825448043407));
#3105 = CARTESIAN_POINT('',(4.650486545219,4.859751778033));
#3106 = CARTESIAN_POINT('',(4.650347600907,4.894385896533));
#3107 = CARTESIAN_POINT('',(4.650250092394,4.929286107586));
#3108 = CARTESIAN_POINT('',(4.650195639002,4.964376973387));
#3109 = CARTESIAN_POINT('',(4.65018500476,4.999567339022));
#3110 = CARTESIAN_POINT('',(4.650240832466,5.059313551428));
#3111 = CARTESIAN_POINT('',(4.65028501998,5.083883266537));
#3112 = CARTESIAN_POINT('',(4.650350352172,5.108417107085));
#3113 = CARTESIAN_POINT('',(4.650436507331,5.132883038566));
#3114 = CARTESIAN_POINT('',(4.650542959009,5.157252179563));
#3115 = CARTESIAN_POINT('',(4.650669005043,5.181498052245));
#3116 = CARTESIAN_POINT('',(4.650813793422,5.205595994238));
#3117 = CARTESIAN_POINT('',(4.651193044738,5.261419810234));
#3118 = CARTESIAN_POINT('',(4.651441335307,5.293015778964));
#3119 = CARTESIAN_POINT('',(4.651718964979,5.324264292988));
#3120 = CARTESIAN_POINT('',(4.652023415303,5.355134232439));
#3121 = CARTESIAN_POINT('',(4.652352061775,5.385605999296));
#3122 = CARTESIAN_POINT('',(4.652702297765,5.415669078831));
#3123 = CARTESIAN_POINT('',(4.653071621651,5.445320865857));
#3124 = CARTESIAN_POINT('',(4.653770079928,5.498231659673));
#3125 = CARTESIAN_POINT('',(4.654093435782,5.521630803476));
#3126 = CARTESIAN_POINT('',(4.654426530346,5.544768519424));
#3127 = CARTESIAN_POINT('',(4.654768191723,5.567650442271));
#3128 = CARTESIAN_POINT('',(4.655117305831,5.590283517862));
#3129 = CARTESIAN_POINT('',(4.655472821707,5.612676011743));
#3130 = CARTESIAN_POINT('',(4.655833756817,5.634837517755));
#3131 = CARTESIAN_POINT('',(4.657185305085,5.715984840649));
#3132 = CARTESIAN_POINT('',(4.65820329984,5.773531882337));
#3133 = CARTESIAN_POINT('',(4.659236257992,5.829705305424));
#3134 = CARTESIAN_POINT('',(4.660268863079,5.884707839332));
#3135 = CARTESIAN_POINT('',(4.661286728402,5.938721719142));
#3136 = CARTESIAN_POINT('',(4.662276253124,5.991918670486));
#3137 = CARTESIAN_POINT('',(4.663224332174,6.044478122483));
#3138 = CARTESIAN_POINT('',(4.664522192866,6.120180646654));
#3139 = CARTESIAN_POINT('',(4.664915135706,6.143661427208));
#3140 = CARTESIAN_POINT('',(4.665295516114,6.167058336085));
#3141 = CARTESIAN_POINT('',(4.665662037126,6.190384020179));
#3142 = CARTESIAN_POINT('',(4.666013385306,6.213649834859));
#3143 = CARTESIAN_POINT('',(4.666348245007,6.236865989869));
#3144 = CARTESIAN_POINT('',(4.66666531262,6.260041695236));
#3145 = CARTESIAN_POINT('',(4.666963310835,6.28318530718));
#3146 = ( GEOMETRIC_REPRESENTATION_CONTEXT(2) 
PARAMETRIC_REPRESENTATION_CONTEXT() REPRESENTATION_CONTEXT('2D SPACE',''
  ) );
#3147 = PCURVE('',#2549,#3148);
#3148 = DEFINITIONAL_REPRESENTATION('',(#3149),#3229);
#3149 = B_SPLINE_CURVE_WITH_KNOTS('',8,(#3150,#3151,#3152,#3153,#3154,
    #3155,#3156,#3157,#3158,#3159,#3160,#3161,#3162,#3163,#3164,#3165,
    #3166,#3167,#3168,#3169,#3170,#3171,#3172,#3173,#3174,#3175,#3176,
    #3177,#3178,#3179,#3180,#3181,#3182,#3183,#3184,#3185,#3186,#3187,
    #3188,#3189,#3190,#3191,#3192,#3193,#3194,#3195,#3196,#3197,#3198,
    #3199,#3200,#3201,#3202,#3203,#3204,#3205,#3206,#3207,#3208,#3209,
    #3210,#3211,#3212,#3213,#3214,#3215,#3216,#3217,#3218,#3219,#3220,
    #3221,#3222,#3223,#3224,#3225,#3226,#3227,#3228),.UNSPECIFIED.,.F.,
  .F.,(9,7,7,7,7,7,7,7,7,7,7,9),(0.,0.199437456892,0.287706262436,
    0.365875905892,0.4276261508,0.479270595472,0.561459773868,
    0.618865530443,0.695393970943,0.757318507937,0.924413049186,1.),
  .UNSPECIFIED.);
#3150 = CARTESIAN_POINT('',(0.754146050968,1.5175395406E+03));
#3151 = CARTESIAN_POINT('',(0.754595337683,1.516932585949E+03));
#3152 = CARTESIAN_POINT('',(0.759250372319,1.516326011667E+03));
#3153 = CARTESIAN_POINT('',(0.768114348792,1.515723397255E+03));
#3154 = CARTESIAN_POINT('',(0.781051225866,1.515127751794E+03));
#3155 = CARTESIAN_POINT('',(0.797815680588,1.514541601269E+03));
#3156 = CARTESIAN_POINT('',(0.81814262117,1.513967172014E+03));
#3157 = CARTESIAN_POINT('',(0.841794819339,1.513406473867E+03));
#3158 = CARTESIAN_POINT('',(0.880482486277,1.512620160125E+03));
#3159 = CARTESIAN_POINT('',(0.892973431746,1.51238195199E+03));
#3160 = CARTESIAN_POINT('',(0.906073150195,1.512146926504E+03));
#3161 = CARTESIAN_POINT('',(0.919771009157,1.511915253578E+03));
#3162 = CARTESIAN_POINT('',(0.934058652752,1.511687124839E+03));
#3163 = CARTESIAN_POINT('',(0.948930347257,1.511462754509E+03));
#3164 = CARTESIAN_POINT('',(0.964383489,1.511242381084E+03));
#3165 = CARTESIAN_POINT('',(0.994620346263,1.510834884636E+03));
#3166 = CARTESIAN_POINT('',(1.00927701722,1.510646860347E+03));
#3167 = CARTESIAN_POINT('',(1.02439023042,1.510462376658E+03));
#3168 = CARTESIAN_POINT('',(1.039961695032,1.510281652657E+03));
#3169 = CARTESIAN_POINT('',(1.055993825059,1.510104944973E+03));
#3170 = CARTESIAN_POINT('',(1.072489813634,1.509932546851E+03));
#3171 = CARTESIAN_POINT('',(1.089453842914,1.50976478815E+03));
#3172 = CARTESIAN_POINT('',(1.120666281308,1.509473470125E+03));
#3173 = CARTESIAN_POINT('',(1.134735582821,1.509348038371E+03));
#3174 = CARTESIAN_POINT('',(1.14910183607,1.509225922332E+03));
#3175 = CARTESIAN_POINT('',(1.163766859004,1.509107329321E+03));
#3176 = CARTESIAN_POINT('',(1.178731672937,1.508992490249E+03));
#3177 = CARTESIAN_POINT('',(1.193996389904,1.508881657252E+03));
#3178 = CARTESIAN_POINT('',(1.20956010001,1.508775101302E+03));
#3179 = CARTESIAN_POINT('',(1.238685725038,1.508587809889E+03));
#3180 = CARTESIAN_POINT('',(1.252157912453,1.508505705947E+03));
#3181 = CARTESIAN_POINT('',(1.265835673637,1.508426967562E+03));
#3182 = CARTESIAN_POINT('',(1.279716200469,1.508351776324E+03));
#3183 = CARTESIAN_POINT('',(1.293795336492,1.508280322228E+03));
#3184 = CARTESIAN_POINT('',(1.308067389289,1.508212800027E+03));
#3185 = CARTESIAN_POINT('',(1.322524942864,1.5081494056E+03));
#3186 = CARTESIAN_POINT('',(1.360447409411,1.507996320551E+03));
#3187 = CARTESIAN_POINT('',(1.384191887588,1.507913213526E+03));
#3188 = CARTESIAN_POINT('',(1.408342495084,1.507841855699E+03));
#3189 = CARTESIAN_POINT('',(1.432842221842,1.507783007527E+03));
#3190 = CARTESIAN_POINT('',(1.457625853982,1.507737317502E+03));
#3191 = CARTESIAN_POINT('',(1.482618220753,1.507705280001E+03));
#3192 = CARTESIAN_POINT('',(1.507731491706,1.50768717898E+03));
#3193 = CARTESIAN_POINT('',(1.550413816796,1.507680110848E+03));
#3194 = CARTESIAN_POINT('',(1.567979207166,1.507684003621E+03));
#3195 = CARTESIAN_POINT('',(1.585523986361,1.507694702786E+03));
#3196 = CARTESIAN_POINT('',(1.603017235717,1.507712150681E+03));
#3197 = CARTESIAN_POINT('',(1.620430360111,1.50773623458E+03));
#3198 = CARTESIAN_POINT('',(1.637736702638,1.507766794671E+03));
#3199 = CARTESIAN_POINT('',(1.654911240587,1.50780363041E+03));
#3200 = CARTESIAN_POINT('',(1.694618799395,1.50790366237E+03));
#3201 = CARTESIAN_POINT('',(1.717033278581,1.50797155811E+03));
#3202 = CARTESIAN_POINT('',(1.739124095225,1.508049650726E+03));
#3203 = CARTESIAN_POINT('',(1.760853665661,1.508137325486E+03));
#3204 = CARTESIAN_POINT('',(1.782193958028,1.508233938883E+03));
#3205 = CARTESIAN_POINT('',(1.803124654532,1.508338853625E+03));
#3206 = CARTESIAN_POINT('',(1.823632045522,1.508451464424E+03));
#3207 = CARTESIAN_POINT('',(1.859954050751,1.508668112871E+03));
#3208 = CARTESIAN_POINT('',(1.875917396477,1.50876968603E+03));
#3209 = CARTESIAN_POINT('',(1.891595730624,1.508875645442E+03));
#3210 = CARTESIAN_POINT('',(1.906987291663,1.508985718865E+03));
#3211 = CARTESIAN_POINT('',(1.922091408916,1.509099652824E+03));
#3212 = CARTESIAN_POINT('',(1.936908392979,1.509217214989E+03));
#3213 = CARTESIAN_POINT('',(1.951439426152,1.50933819655E+03));
#3214 = CARTESIAN_POINT('',(2.004130024763,1.509797599309E+03));
#3215 = CARTESIAN_POINT('',(2.040468944141,1.510156027897E+03));
#3216 = CARTESIAN_POINT('',(2.074790313105,1.510534390061E+03));
#3217 = CARTESIAN_POINT('',(2.107115089857,1.510930072286E+03));
#3218 = CARTESIAN_POINT('',(2.137436675488,1.511340950415E+03));
#3219 = CARTESIAN_POINT('',(2.16572222115,1.511765408842E+03));
#3220 = CARTESIAN_POINT('',(2.191918211594,1.512202332438E+03));
#3221 = CARTESIAN_POINT('',(2.226812119523,1.512854228456E+03));
#3222 = CARTESIAN_POINT('',(2.237232184011,1.513059636722E+03));
#3223 = CARTESIAN_POINT('',(2.247195038918,1.51326731697E+03));
#3224 = CARTESIAN_POINT('',(2.256689846546,1.513477175766E+03));
#3225 = CARTESIAN_POINT('',(2.265704314346,1.513689118106E+03));
#3226 = CARTESIAN_POINT('',(2.274225057719,1.51390304621E+03));
#3227 = CARTESIAN_POINT('',(2.282237962824,1.514118858328E+03));
#3228 = CARTESIAN_POINT('',(2.289728549374,1.514336447539E+03));
#3229 = ( GEOMETRIC_REPRESENTATION_CONTEXT(2) 
PARAMETRIC_REPRESENTATION_CONTEXT() REPRESENTATION_CONTEXT('2D SPACE',''
  ) );
#3230 = ORIENTED_EDGE('',*,*,#2499,.F.);
#3231 = ORIENTED_EDGE('',*,*,#3232,.F.);
#3232 = EDGE_CURVE('',#3233,#2450,#3235,.T.);
#3233 = VERTEX_POINT('',#3234);
#3234 = CARTESIAN_POINT('',(-188.7027679465,97.879406788218,
    1.430151430005E+03));
#3235 = SURFACE_CURVE('',#3236,(#3316,#3399),.PCURVE_S1.);
#3236 = B_SPLINE_CURVE_WITH_KNOTS('',8,(#3237,#3238,#3239,#3240,#3241,
    #3242,#3243,#3244,#3245,#3246,#3247,#3248,#3249,#3250,#3251,#3252,
    #3253,#3254,#3255,#3256,#3257,#3258,#3259,#3260,#3261,#3262,#3263,
    #3264,#3265,#3266,#3267,#3268,#3269,#3270,#3271,#3272,#3273,#3274,
    #3275,#3276,#3277,#3278,#3279,#3280,#3281,#3282,#3283,#3284,#3285,
    #3286,#3287,#3288,#3289,#3290,#3291,#3292,#3293,#3294,#3295,#3296,
    #3297,#3298,#3299,#3300,#3301,#3302,#3303,#3304,#3305,#3306,#3307,
    #3308,#3309,#3310,#3311,#3312,#3313,#3314,#3315),.UNSPECIFIED.,.F.,
  .F.,(9,7,7,7,7,7,7,7,7,7,7,9),(0.,0.19943745692,0.287706262463,
    0.365875905917,0.427626150822,0.479270595493,0.561459773972,
    0.61886553055,0.69539397106,0.757318508063,0.92441304933,1.),
  .UNSPECIFIED.);
#3237 = CARTESIAN_POINT('',(-188.7027672415,97.879406402079,
    1.430151432266E+03));
#3238 = CARTESIAN_POINT('',(-188.8810774297,97.977060092465,
    1.429579503296E+03));
#3239 = CARTESIAN_POINT('',(-189.1137169829,98.056528932551,
    1.429021163724E+03));
#3240 = CARTESIAN_POINT('',(-189.3997381019,98.117312028944,
    1.428479830742E+03));
#3241 = CARTESIAN_POINT('',(-189.7368982126,98.160896128399,
    1.427958273389E+03));
#3242 = CARTESIAN_POINT('',(-190.1220450157,98.190638038603,
    1.427458800422E+03));
#3243 = CARTESIAN_POINT('',(-190.5518606854,98.210762774839,
    1.426983504388E+03));
#3244 = CARTESIAN_POINT('',(-191.0232623338,98.225823444762,
    1.426534376316E+03));
#3245 = CARTESIAN_POINT('',(-191.7599128686,98.24718048788,
    1.425927301906E+03));
#3246 = CARTESIAN_POINT('',(-191.9936308445,98.253683456295,
    1.425746574328E+03));
#3247 = CARTESIAN_POINT('',(-192.2348769732,98.260554163368,
    1.425571544768E+03));
#3248 = CARTESIAN_POINT('',(-192.4834761002,98.268219475518,
    1.425402414549E+03));
#3249 = CARTESIAN_POINT('',(-192.7392620632,98.27711493381,
    1.425239412195E+03));
#3250 = CARTESIAN_POINT('',(-193.0020793738,98.287685848074,
    1.425082795055E+03));
#3251 = CARTESIAN_POINT('',(-193.2717865296,98.300390526904,
    1.424932852648E+03));
#3252 = CARTESIAN_POINT('',(-193.7931029182,98.329268500799,
    1.424663325138E+03));
#3253 = CARTESIAN_POINT('',(-194.0432289344,98.344877381361,
    1.424542241657E+03));
#3254 = CARTESIAN_POINT('',(-194.2985565857,98.36286291428,
    1.424426884127E+03));
#3255 = CARTESIAN_POINT('',(-194.5589873334,98.383565870953,
    1.424317514027E+03));
#3256 = CARTESIAN_POINT('',(-194.824404129,98.407338106394,
    1.424214428933E+03));
#3257 = CARTESIAN_POINT('',(-195.0946700992,98.43454384795,
    1.424117961369E+03));
#3258 = CARTESIAN_POINT('',(-195.3696283081,98.465561331478,
    1.424028479016E+03));
#3259 = CARTESIAN_POINT('',(-195.8698737902,98.52860961294,
    1.423881536985E+03));
#3260 = CARTESIAN_POINT('',(-196.0934460194,98.559057086169,
    1.423821304094E+03));
#3261 = CARTESIAN_POINT('',(-196.3197297047,98.592320118724,
    1.423765886133E+03));
#3262 = CARTESIAN_POINT('',(-196.5486081598,98.628596134913,
    1.423715501755E+03));
#3263 = CARTESIAN_POINT('',(-196.7799361244,98.668084849853,
    1.423670386396E+03));
#3264 = CARTESIAN_POINT('',(-197.0135382994,98.710986050019,
    1.423630788936E+03));
#3265 = CARTESIAN_POINT('',(-197.2492078817,98.757497373799,
    1.423596968346E+03));
#3266 = CARTESIAN_POINT('',(-197.6853344641,98.849892502997,
    1.423545958384E+03));
#3267 = CARTESIAN_POINT('',(-197.8852348031,98.894631771423,
    1.423526954022E+03));
#3268 = CARTESIAN_POINT('',(-198.0862601453,98.942140549264,
    1.423512332058E+03));
#3269 = CARTESIAN_POINT('',(-198.288238917,98.992525404112,
    1.423502251618E+03));
#3270 = CARTESIAN_POINT('',(-198.4909735123,99.045885305936,
    1.423496871574E+03));
#3271 = CARTESIAN_POINT('',(-198.6942398625,99.102308113804,
    1.423496345947E+03));
#3272 = CARTESIAN_POINT('',(-198.8977870068,99.161867062608,
    1.423500819316E+03));
#3273 = CARTESIAN_POINT('',(-199.4252742891,99.324480581988,
    1.423525704708E+03));
#3274 = CARTESIAN_POINT('',(-199.7493517638,99.432466919922,
    1.423553984266E+03));
#3275 = CARTESIAN_POINT('',(-200.0722732636,99.548754063631,
    1.423595795894E+03));
#3276 = CARTESIAN_POINT('',(-200.3926623051,99.673401905317,
    1.42365154091E+03));
#3277 = CARTESIAN_POINT('',(-200.709075443,99.806323439745,
    1.423721456436E+03));
#3278 = CARTESIAN_POINT('',(-201.0200206769,99.947249090348,
    1.423805570126E+03));
#3279 = CARTESIAN_POINT('',(-201.3239805636,100.09568435106,
    1.423903640152E+03));
#3280 = CARTESIAN_POINT('',(-201.8258063127,100.35924506401,
    1.424092916877E+03));
#3281 = CARTESIAN_POINT('',(-202.028083636,100.4709484005,
    1.424177297668E+03));
#3282 = CARTESIAN_POINT('',(-202.2257727579,100.58572307906,
    1.424268036973E+03));
#3283 = CARTESIAN_POINT('',(-202.4184512336,100.70329920761,
    1.424364899773E+03));
#3284 = CARTESIAN_POINT('',(-202.6057660857,100.82338817838,
    1.424467610408E+03));
#3285 = CARTESIAN_POINT('',(-202.7874273768,100.94568608344,
    1.424575859675E+03));
#3286 = CARTESIAN_POINT('',(-202.9632026932,101.06987704353,
    1.424689310483E+03));
#3287 = CARTESIAN_POINT('',(-203.3591551761,101.36328812597,
    1.424965298246E+03));
#3288 = CARTESIAN_POINT('',(-203.574640609,101.5337439607,
    1.425131613329E+03));
#3289 = CARTESIAN_POINT('',(-203.7790032846,101.7062820816,
    1.425305738402E+03));
#3290 = CARTESIAN_POINT('',(-203.9721076642,101.88021850617,
    1.425486863109E+03));
#3291 = CARTESIAN_POINT('',(-204.15398956,102.05491891729,
    1.425674206809E+03));
#3292 = CARTESIAN_POINT('',(-204.3248094079,102.22980764987,
    1.425867043125E+03));
#3293 = CARTESIAN_POINT('',(-204.4848174748,102.40437388893,
    1.426064717849E+03));
#3294 = CARTESIAN_POINT('',(-204.7553129004,102.71880983134,
    1.426430066002E+03));
#3295 = CARTESIAN_POINT('',(-204.8694232957,102.85894395209,
    1.426596266411E+03));
#3296 = CARTESIAN_POINT('',(-204.9768378185,102.99835145745,
    1.426764969496E+03));
#3297 = CARTESIAN_POINT('',(-205.077746953,103.136825062,
    1.426935908356E+03));
#3298 = CARTESIAN_POINT('',(-205.1723518631,103.27417583053,
    1.427108842362E+03));
#3299 = CARTESIAN_POINT('',(-205.2608602189,103.41023282944,
    1.427283558348E+03));
#3300 = CARTESIAN_POINT('',(-205.3434820229,103.54484277814,
    1.427459871822E+03));
#3301 = CARTESIAN_POINT('',(-205.6280462764,104.03682389946,
    1.428117278315E+03));
#3302 = CARTESIAN_POINT('',(-205.7941244864,104.38390750138,
    1.428606974645E+03));
#3303 = CARTESIAN_POINT('',(-205.9231214205,104.71687172965,
    1.429104164404E+03));
#3304 = CARTESIAN_POINT('',(-206.0186517335,105.03341816578,
    1.429606769119E+03));
#3305 = CARTESIAN_POINT('',(-206.0840052204,105.33130887853,
    1.430113141137E+03));
#3306 = CARTESIAN_POINT('',(-206.122120602,105.60833128042,
    1.430622069948E+03));
#3307 = CARTESIAN_POINT('',(-206.1356363927,105.86225846236,
    1.431132782051E+03));
#3308 = CARTESIAN_POINT('',(-206.1228079437,106.1940473998,
    1.431876668179E+03));
#3309 = CARTESIAN_POINT('',(-206.1142408961,106.29213559399,
    1.432108579113E+03));
#3310 = CARTESIAN_POINT('',(-206.1013168954,106.38473745039,
    1.432340631417E+03));
#3311 = CARTESIAN_POINT('',(-206.084240716,106.47160700693,
    1.432572745065E+03));
#3312 = CARTESIAN_POINT('',(-206.0632079431,106.55249018869,
    1.432804834191E+03));
#3313 = CARTESIAN_POINT('',(-206.0384054822,106.62712898496,
    1.433036806702E+03));
#3314 = CARTESIAN_POINT('',(-206.0100120689,106.69526562635,
    1.433268563881E+03));
#3315 = CARTESIAN_POINT('',(-205.9781987788,106.75664676184,1.4335E+03)
  );
#3316 = PCURVE('',#2465,#3317);
#3317 = DEFINITIONAL_REPRESENTATION('',(#3318),#3398);
#3318 = B_SPLINE_CURVE_WITH_KNOTS('',8,(#3319,#3320,#3321,#3322,#3323,
    #3324,#3325,#3326,#3327,#3328,#3329,#3330,#3331,#3332,#3333,#3334,
    #3335,#3336,#3337,#3338,#3339,#3340,#3341,#3342,#3343,#3344,#3345,
    #3346,#3347,#3348,#3349,#3350,#3351,#3352,#3353,#3354,#3355,#3356,
    #3357,#3358,#3359,#3360,#3361,#3362,#3363,#3364,#3365,#3366,#3367,
    #3368,#3369,#3370,#3371,#3372,#3373,#3374,#3375,#3376,#3377,#3378,
    #3379,#3380,#3381,#3382,#3383,#3384,#3385,#3386,#3387,#3388,#3389,
    #3390,#3391,#3392,#3393,#3394,#3395,#3396,#3397),.UNSPECIFIED.,.F.,
  .F.,(9,7,7,7,7,7,7,7,7,7,7,9),(0.,0.19943745692,0.287706262463,
    0.365875905917,0.427626150822,0.479270595493,0.561459773972,
    0.61886553055,0.69539397106,0.757318508063,0.92441304933,1.),
  .UNSPECIFIED.);
#3319 = CARTESIAN_POINT('',(2.663100208078,3.483045877752));
#3320 = CARTESIAN_POINT('',(2.663078640356,3.543742870484));
#3321 = CARTESIAN_POINT('',(2.663250734046,3.604493945778));
#3322 = CARTESIAN_POINT('',(2.663615803403,3.665281781442));
#3323 = CARTESIAN_POINT('',(2.664161655121,3.726146631772));
#3324 = CARTESIAN_POINT('',(2.664866052614,3.787171094727));
#3325 = CARTESIAN_POINT('',(2.66570280337,3.848475995933));
#3326 = CARTESIAN_POINT('',(2.666644996903,3.910222349034));
#3327 = CARTESIAN_POINT('',(2.66811853233,4.000280042302));
#3328 = CARTESIAN_POINT('',(2.668586191419,4.028046467266));
#3329 = CARTESIAN_POINT('',(2.669067194804,4.055972265372));
#3330 = CARTESIAN_POINT('',(2.669559297416,4.084080637091));
#3331 = CARTESIAN_POINT('',(2.670060246752,4.112395536527));
#3332 = CARTESIAN_POINT('',(2.670567783676,4.140942281841));
#3333 = CARTESIAN_POINT('',(2.671079637819,4.169748410358));
#3334 = CARTESIAN_POINT('',(2.672048602464,4.224612122779));
#3335 = CARTESIAN_POINT('',(2.672505232543,4.250604647118));
#3336 = CARTESIAN_POINT('',(2.672961824067,4.276844173293));
#3337 = CARTESIAN_POINT('',(2.673416726951,4.303351635486));
#3338 = CARTESIAN_POINT('',(2.673868218057,4.330147468691));
#3339 = CARTESIAN_POINT('',(2.674314495533,4.357252103523));
#3340 = CARTESIAN_POINT('',(2.674753674226,4.3846865673));
#3341 = CARTESIAN_POINT('',(2.675523546705,4.434423283118));
#3342 = CARTESIAN_POINT('',(2.67585762385,4.45659144737));
#3343 = CARTESIAN_POINT('',(2.676185041836,4.478988394786));
#3344 = CARTESIAN_POINT('',(2.676504761928,4.501623481497));
#3345 = CARTESIAN_POINT('',(2.676815685825,4.524504723204));
#3346 = CARTESIAN_POINT('',(2.677116663059,4.547638809251));
#3347 = CARTESIAN_POINT('',(2.677406498382,4.5710311167));
#3348 = CARTESIAN_POINT('',(2.677916011809,4.614469112797));
#3349 = CARTESIAN_POINT('',(2.678139399974,4.634435246882));
#3350 = CARTESIAN_POINT('',(2.678353400549,4.654585836411));
#3351 = CARTESIAN_POINT('',(2.678557261181,4.674921074422));
#3352 = CARTESIAN_POINT('',(2.678750213841,4.695439447673));
#3353 = CARTESIAN_POINT('',(2.678931488397,4.716137547065));
#3354 = CARTESIAN_POINT('',(2.679100326177,4.737009878083));
#3355 = CARTESIAN_POINT('',(2.679503729259,4.791530706614));
#3356 = CARTESIAN_POINT('',(2.679718212571,4.825448043546));
#3357 = CARTESIAN_POINT('',(2.679896313158,4.859751778209));
#3358 = CARTESIAN_POINT('',(2.68003525747,4.894385896746));
#3359 = CARTESIAN_POINT('',(2.680132765983,4.929286107835));
#3360 = CARTESIAN_POINT('',(2.680187219374,4.964376973674));
#3361 = CARTESIAN_POINT('',(2.680197853616,4.999567339346));
#3362 = CARTESIAN_POINT('',(2.68014202591,5.059313551788));
#3363 = CARTESIAN_POINT('',(2.680097838395,5.083883266899));
#3364 = CARTESIAN_POINT('',(2.680032506203,5.108417107447));
#3365 = CARTESIAN_POINT('',(2.679946351043,5.132883038927));
#3366 = CARTESIAN_POINT('',(2.679839899366,5.157252179924));
#3367 = CARTESIAN_POINT('',(2.679713853331,5.181498052606));
#3368 = CARTESIAN_POINT('',(2.679569064952,5.205595994598));
#3369 = CARTESIAN_POINT('',(2.679189813635,5.261419810594));
#3370 = CARTESIAN_POINT('',(2.678941523066,5.293015779325));
#3371 = CARTESIAN_POINT('',(2.678663893394,5.324264293349));
#3372 = CARTESIAN_POINT('',(2.67835944307,5.3551342328));
#3373 = CARTESIAN_POINT('',(2.678030796597,5.385605999656));
#3374 = CARTESIAN_POINT('',(2.677680560607,5.415669079192));
#3375 = CARTESIAN_POINT('',(2.677311236721,5.445320866217));
#3376 = CARTESIAN_POINT('',(2.676612778443,5.498231660032));
#3377 = CARTESIAN_POINT('',(2.676289422589,5.521630803835));
#3378 = CARTESIAN_POINT('',(2.675956328025,5.544768519783));
#3379 = CARTESIAN_POINT('',(2.675614666648,5.56765044263));
#3380 = CARTESIAN_POINT('',(2.67526555254,5.590283518221));
#3381 = CARTESIAN_POINT('',(2.674910036663,5.612676012102));
#3382 = CARTESIAN_POINT('',(2.674549101553,5.634837518114));
#3383 = CARTESIAN_POINT('',(2.673197553285,5.715984841006));
#3384 = CARTESIAN_POINT('',(2.672179558529,5.773531882691));
#3385 = CARTESIAN_POINT('',(2.671146600378,5.829705305779));
#3386 = CARTESIAN_POINT('',(2.670113995291,5.884707839684));
#3387 = CARTESIAN_POINT('',(2.669096129968,5.938721719496));
#3388 = CARTESIAN_POINT('',(2.668106605246,5.991918670841));
#3389 = CARTESIAN_POINT('',(2.667158526195,6.04447812284));
#3390 = CARTESIAN_POINT('',(2.665860665505,6.120180646967));
#3391 = CARTESIAN_POINT('',(2.665467722665,6.143661427476));
#3392 = CARTESIAN_POINT('',(2.665087342258,6.167058336307));
#3393 = CARTESIAN_POINT('',(2.664720821248,6.190384020356));
#3394 = CARTESIAN_POINT('',(2.664369473068,6.213649834992));
#3395 = CARTESIAN_POINT('',(2.664034613368,6.236865989957));
#3396 = CARTESIAN_POINT('',(2.663717545756,6.26004169528));
#3397 = CARTESIAN_POINT('',(2.663419547541,6.28318530718));
#3398 = ( GEOMETRIC_REPRESENTATION_CONTEXT(2) 
PARAMETRIC_REPRESENTATION_CONTEXT() REPRESENTATION_CONTEXT('2D SPACE',''
  ) );
#3399 = PCURVE('',#2482,#3400);
#3400 = DEFINITIONAL_REPRESENTATION('',(#3401),#3481);
#3401 = B_SPLINE_CURVE_WITH_KNOTS('',8,(#3402,#3403,#3404,#3405,#3406,
    #3407,#3408,#3409,#3410,#3411,#3412,#3413,#3414,#3415,#3416,#3417,
    #3418,#3419,#3420,#3421,#3422,#3423,#3424,#3425,#3426,#3427,#3428,
    #3429,#3430,#3431,#3432,#3433,#3434,#3435,#3436,#3437,#3438,#3439,
    #3440,#3441,#3442,#3443,#3444,#3445,#3446,#3447,#3448,#3449,#3450,
    #3451,#3452,#3453,#3454,#3455,#3456,#3457,#3458,#3459,#3460,#3461,
    #3462,#3463,#3464,#3465,#3466,#3467,#3468,#3469,#3470,#3471,#3472,
    #3473,#3474,#3475,#3476,#3477,#3478,#3479,#3480),.UNSPECIFIED.,.F.,
  .F.,(9,7,7,7,7,7,7,7,7,7,7,9),(0.,0.19943745692,0.287706262463,
    0.365875905917,0.427626150822,0.479270595493,0.561459773972,
    0.61886553055,0.69539397106,0.757318508063,0.92441304933,1.),
  .UNSPECIFIED.);
#3402 = CARTESIAN_POINT('',(5.029752072178,1.5175395406E+03));
#3403 = CARTESIAN_POINT('',(5.029302785462,1.516932585949E+03));
#3404 = CARTESIAN_POINT('',(5.024647750825,1.516326011667E+03));
#3405 = CARTESIAN_POINT('',(5.015783774351,1.515723397255E+03));
#3406 = CARTESIAN_POINT('',(5.00284689727,1.515127751794E+03));
#3407 = CARTESIAN_POINT('',(4.986082442547,1.514541601269E+03));
#3408 = CARTESIAN_POINT('',(4.965755501958,1.513967172013E+03));
#3409 = CARTESIAN_POINT('',(4.942103303784,1.513406473866E+03));
#3410 = CARTESIAN_POINT('',(4.903415636838,1.512620160124E+03));
#3411 = CARTESIAN_POINT('',(4.890924691368,1.51238195199E+03));
#3412 = CARTESIAN_POINT('',(4.877824972918,1.512146926503E+03));
#3413 = CARTESIAN_POINT('',(4.864127113954,1.511915253577E+03));
#3414 = CARTESIAN_POINT('',(4.849839470359,1.511687124839E+03));
#3415 = CARTESIAN_POINT('',(4.834967775852,1.511462754508E+03));
#3416 = CARTESIAN_POINT('',(4.819514634108,1.511242381084E+03));
#3417 = CARTESIAN_POINT('',(4.789277776844,1.510834884635E+03));
#3418 = CARTESIAN_POINT('',(4.774621105886,1.510646860347E+03));
#3419 = CARTESIAN_POINT('',(4.759507892685,1.510462376657E+03));
#3420 = CARTESIAN_POINT('',(4.743936428073,1.510281652656E+03));
#3421 = CARTESIAN_POINT('',(4.727904298045,1.510104944972E+03));
#3422 = CARTESIAN_POINT('',(4.71140830947,1.50993254685E+03));
#3423 = CARTESIAN_POINT('',(4.694444280189,1.50976478815E+03));
#3424 = CARTESIAN_POINT('',(4.663231841794,1.509473470125E+03));
#3425 = CARTESIAN_POINT('',(4.64916254028,1.509348038371E+03));
#3426 = CARTESIAN_POINT('',(4.634796287031,1.509225922332E+03));
#3427 = CARTESIAN_POINT('',(4.620131264097,1.50910732932E+03));
#3428 = CARTESIAN_POINT('',(4.605166450163,1.508992490249E+03));
#3429 = CARTESIAN_POINT('',(4.589901733196,1.508881657251E+03));
#3430 = CARTESIAN_POINT('',(4.57433802309,1.508775101302E+03));
#3431 = CARTESIAN_POINT('',(4.545212398061,1.508587809889E+03));
#3432 = CARTESIAN_POINT('',(4.531740210646,1.508505705947E+03));
#3433 = CARTESIAN_POINT('',(4.518062449462,1.508426967561E+03));
#3434 = CARTESIAN_POINT('',(4.504181922629,1.508351776324E+03));
#3435 = CARTESIAN_POINT('',(4.490102786606,1.508280322228E+03));
#3436 = CARTESIAN_POINT('',(4.475830733809,1.508212800027E+03));
#3437 = CARTESIAN_POINT('',(4.461373180234,1.5081494056E+03));
#3438 = CARTESIAN_POINT('',(4.423450713663,1.507996320551E+03));
#3439 = CARTESIAN_POINT('',(4.39970623546,1.507913213526E+03));
#3440 = CARTESIAN_POINT('',(4.375555627938,1.507841855698E+03));
#3441 = CARTESIAN_POINT('',(4.351055901153,1.507783007527E+03));
#3442 = CARTESIAN_POINT('',(4.326272268986,1.507737317502E+03));
#3443 = CARTESIAN_POINT('',(4.301279902188,1.507705280001E+03));
#3444 = CARTESIAN_POINT('',(4.276166631209,1.507687178979E+03));
#3445 = CARTESIAN_POINT('',(4.233484306092,1.507680110849E+03));
#3446 = CARTESIAN_POINT('',(4.215918915721,1.507684003621E+03));
#3447 = CARTESIAN_POINT('',(4.198374136526,1.507694702786E+03));
#3448 = CARTESIAN_POINT('',(4.18088088717,1.507712150681E+03));
#3449 = CARTESIAN_POINT('',(4.163467762776,1.50773623458E+03));
#3450 = CARTESIAN_POINT('',(4.14616142025,1.507766794671E+03));
#3451 = CARTESIAN_POINT('',(4.128986882302,1.507803630411E+03));
#3452 = CARTESIAN_POINT('',(4.089279323495,1.507903662371E+03));
#3453 = CARTESIAN_POINT('',(4.066864844309,1.507971558111E+03));
#3454 = CARTESIAN_POINT('',(4.044774027666,1.508049650727E+03));
#3455 = CARTESIAN_POINT('',(4.023044457231,1.508137325487E+03));
#3456 = CARTESIAN_POINT('',(4.001704164865,1.508233938884E+03));
#3457 = CARTESIAN_POINT('',(3.980773468364,1.508338853626E+03));
#3458 = CARTESIAN_POINT('',(3.960266077375,1.508451464425E+03));
#3459 = CARTESIAN_POINT('',(3.92394407215,1.508668112872E+03));
#3460 = CARTESIAN_POINT('',(3.907980726425,1.508769686031E+03));
#3461 = CARTESIAN_POINT('',(3.892302392279,1.508875645443E+03));
#3462 = CARTESIAN_POINT('',(3.876910831242,1.508985718867E+03));
#3463 = CARTESIAN_POINT('',(3.861806713991,1.509099652826E+03));
#3464 = CARTESIAN_POINT('',(3.846989729929,1.50921721499E+03));
#3465 = CARTESIAN_POINT('',(3.832458696759,1.509338196551E+03));
#3466 = CARTESIAN_POINT('',(3.779768098156,1.509797599312E+03));
#3467 = CARTESIAN_POINT('',(3.743429178787,1.510156027899E+03));
#3468 = CARTESIAN_POINT('',(3.709107809828,1.510534390064E+03));
#3469 = CARTESIAN_POINT('',(3.676783033086,1.510930072288E+03));
#3470 = CARTESIAN_POINT('',(3.646461447461,1.511340950418E+03));
#3471 = CARTESIAN_POINT('',(3.61817590181,1.511765408845E+03));
#3472 = CARTESIAN_POINT('',(3.591979911376,1.512202332441E+03));
#3473 = CARTESIAN_POINT('',(3.557086003484,1.512854228459E+03));
#3474 = CARTESIAN_POINT('',(3.546665939021,1.513059636724E+03));
#3475 = CARTESIAN_POINT('',(3.536703084137,1.513267316972E+03));
#3476 = CARTESIAN_POINT('',(3.52720827653,1.513477175768E+03));
#3477 = CARTESIAN_POINT('',(3.518193808751,1.513689118107E+03));
#3478 = CARTESIAN_POINT('',(3.509673065396,1.51390304621E+03));
#3479 = CARTESIAN_POINT('',(3.501660160308,1.514118858328E+03));
#3480 = CARTESIAN_POINT('',(3.494169573772,1.514336447539E+03));
#3481 = ( GEOMETRIC_REPRESENTATION_CONTEXT(2) 
PARAMETRIC_REPRESENTATION_CONTEXT() REPRESENTATION_CONTEXT('2D SPACE',''
  ) );
#3482 = ORIENTED_EDGE('',*,*,#3483,.F.);
#3483 = EDGE_CURVE('',#3484,#3233,#3486,.T.);
#3484 = VERTEX_POINT('',#3485);
#3485 = CARTESIAN_POINT('',(-179.1174367592,114.48168741208,
    1.430151430005E+03));
#3486 = SURFACE_CURVE('',#3487,(#3495,#3506),.PCURVE_S1.);
#3487 = B_SPLINE_CURVE_WITH_KNOTS('',6,(#3488,#3489,#3490,#3491,#3492,
    #3493,#3494),.UNSPECIFIED.,.F.,.F.,(7,7),(0.,1.),
  .PIECEWISE_BEZIER_KNOTS.);
#3488 = CARTESIAN_POINT('',(-175.7553386985,119.65215197289,
    1.430038027727E+03));
#3489 = CARTESIAN_POINT('',(-178.4619798576,115.60357039603,
    1.430149102125E+03));
#3490 = CARTESIAN_POINT('',(-181.0718785941,111.4890343165,
    1.430219614397E+03));
#3491 = CARTESIAN_POINT('',(-183.580777122,107.31074273599,
    1.430248665522E+03));
#3492 = CARTESIAN_POINT('',(-185.9858063124,103.07172697664,
    1.430235918839E+03));
#3493 = CARTESIAN_POINT('',(-188.2854374899,98.775821280769,
    1.430181580446E+03));
#3494 = CARTESIAN_POINT('',(-190.4795366797,94.427693695835,
    1.430086420877E+03));
#3495 = PCURVE('',#2465,#3496);
#3496 = DEFINITIONAL_REPRESENTATION('',(#3497),#3505);
#3497 = B_SPLINE_CURVE_WITH_KNOTS('',6,(#3498,#3499,#3500,#3501,#3502,
    #3503,#3504),.UNSPECIFIED.,.F.,.F.,(7,7),(0.,1.),
  .PIECEWISE_BEZIER_KNOTS.);
#3498 = CARTESIAN_POINT('',(2.543877249815,3.495107280348));
#3499 = CARTESIAN_POINT('',(2.566781334675,3.483267701856));
#3500 = CARTESIAN_POINT('',(2.589696379644,3.475813768187));
#3501 = CARTESIAN_POINT('',(2.612616078523,3.472752116579));
#3502 = CARTESIAN_POINT('',(2.63553647042,3.474093365999));
#3503 = CARTESIAN_POINT('',(2.658453657746,3.479829786928));
#3504 = CARTESIAN_POINT('',(2.681361511099,3.489953862705));
#3505 = ( GEOMETRIC_REPRESENTATION_CONTEXT(2) 
PARAMETRIC_REPRESENTATION_CONTEXT() REPRESENTATION_CONTEXT('2D SPACE',''
  ) );
#3506 = PCURVE('',#3507,#3512);
#3507 = PLANE('',#3508);
#3508 = AXIS2_PLACEMENT_3D('',#3509,#3510,#3511);
#3509 = CARTESIAN_POINT('',(-192.2576396401,111.,1.4335E+03));
#3510 = DIRECTION('',(0.2841973077,-0.164081392104,0.94462118707));
#3511 = DIRECTION('',(0.957599723992,-6.938893903907E-18,-0.288102010772
    ));
#3512 = DEFINITIONAL_REPRESENTATION('',(#3513),#3521);
#3513 = B_SPLINE_CURVE_WITH_KNOTS('',6,(#3514,#3515,#3516,#3517,#3518,
    #3519,#3520),.UNSPECIFIED.,.F.,.F.,(7,7),(0.,1.),
  .PIECEWISE_BEZIER_KNOTS.);
#3514 = CARTESIAN_POINT('',(16.8,8.771027428342));
#3515 = CARTESIAN_POINT('',(14.176120415773,4.666820732966));
#3516 = CARTESIAN_POINT('',(11.656567378653,0.495753359041));
#3517 = CARTESIAN_POINT('',(9.24567715334,-3.739945478783));
#3518 = CARTESIAN_POINT('',(6.946294209259,-8.03720280978));
#3519 = CARTESIAN_POINT('',(4.759823028766,-12.39213171141));
#3520 = CARTESIAN_POINT('',(2.686169913225,-16.8));
#3521 = ( GEOMETRIC_REPRESENTATION_CONTEXT(2) 
PARAMETRIC_REPRESENTATION_CONTEXT() REPRESENTATION_CONTEXT('2D SPACE',''
  ) );
#3522 = ORIENTED_EDGE('',*,*,#3523,.T.);
#3523 = EDGE_CURVE('',#3484,#3524,#3526,.T.);
#3524 = VERTEX_POINT('',#3525);
#3525 = CARTESIAN_POINT('',(-195.443067508,125.00402938729,1.4335E+03));
#3526 = SURFACE_CURVE('',#3527,(#3607,#3690),.PCURVE_S1.);
#3527 = B_SPLINE_CURVE_WITH_KNOTS('',8,(#3528,#3529,#3530,#3531,#3532,
    #3533,#3534,#3535,#3536,#3537,#3538,#3539,#3540,#3541,#3542,#3543,
    #3544,#3545,#3546,#3547,#3548,#3549,#3550,#3551,#3552,#3553,#3554,
    #3555,#3556,#3557,#3558,#3559,#3560,#3561,#3562,#3563,#3564,#3565,
    #3566,#3567,#3568,#3569,#3570,#3571,#3572,#3573,#3574,#3575,#3576,
    #3577,#3578,#3579,#3580,#3581,#3582,#3583,#3584,#3585,#3586,#3587,
    #3588,#3589,#3590,#3591,#3592,#3593,#3594,#3595,#3596,#3597,#3598,
    #3599,#3600,#3601,#3602,#3603,#3604,#3605,#3606),.UNSPECIFIED.,.F.,
  .F.,(9,7,7,7,7,7,7,7,7,7,7,9),(0.,0.199437456879,0.287706262424,
    0.365875905881,0.427626150789,0.479270595463,0.561459773819,
    0.618865530393,0.695393970888,0.757318507877,0.924413049119,1.),
  .UNSPECIFIED.);
#3528 = CARTESIAN_POINT('',(-179.1174360723,114.48168699454,
    1.430151432266E+03));
#3529 = CARTESIAN_POINT('',(-179.291161743,114.5872813021,
    1.429579503296E+03));
#3530 = CARTESIAN_POINT('',(-179.4763035539,114.74901864498,
    1.429021163725E+03));
#3531 = CARTESIAN_POINT('',(-179.6719538189,114.96632865183,
    1.428479830742E+03));
#3532 = CARTESIAN_POINT('',(-179.8782788115,115.23652582297,
    1.427958273389E+03));
#3533 = CARTESIAN_POINT('',(-180.0966094628,115.55520178345,
    1.427458800423E+03));
#3534 = CARTESIAN_POINT('',(-180.3289458305,115.91737070417,
    1.426983504388E+03));
#3535 = CARTESIAN_POINT('',(-180.5776895773,116.31808617191,
    1.426534376317E+03));
#3536 = CARTESIAN_POINT('',(-180.9645105865,116.94536572709,
    1.425927301907E+03));
#3537 = CARTESIAN_POINT('',(-181.0870013103,117.14451994727,
    1.425746574329E+03));
#3538 = CARTESIAN_POINT('',(-181.2135745815,117.35000986978,
    1.425571544768E+03));
#3539 = CARTESIAN_POINT('',(-181.3445125001,117.56147037303,
    1.42540241455E+03));
#3540 = CARTESIAN_POINT('',(-181.4801091744,117.77853978578,
    1.425239412195E+03));
#3541 = CARTESIAN_POINT('',(-181.62067251,118.00086079618,
    1.425082795056E+03));
#3542 = CARTESIAN_POINT('',(-181.7665286625,118.22808170524,
    1.424932852648E+03));
#3543 = CARTESIAN_POINT('',(-182.0521959158,118.66511595419,
    1.424663325138E+03));
#3544 = CARTESIAN_POINT('',(-182.1907766109,118.87392699806,
    1.424542241658E+03));
#3545 = CARTESIAN_POINT('',(-182.334016365,119.08605446395,
    1.424426884127E+03));
#3546 = CARTESIAN_POINT('',(-182.4821610253,119.30124262907,
    1.424317514027E+03));
#3547 = CARTESIAN_POINT('',(-182.6354567828,119.51921419889,
    1.424214428933E+03));
#3548 = CARTESIAN_POINT('',(-182.7941506313,119.73966852413,
    1.424117961369E+03));
#3549 = CARTESIAN_POINT('',(-182.9584916644,119.96228057622,
    1.424028479017E+03));
#3550 = CARTESIAN_POINT('',(-183.2632158188,120.36398173109,
    1.423881536985E+03));
#3551 = CARTESIAN_POINT('',(-183.4013702187,120.54237722456,
    1.423821304095E+03));
#3552 = CARTESIAN_POINT('',(-183.5433186925,120.72171312825,
    1.423765886134E+03));
#3553 = CARTESIAN_POINT('',(-183.6891738716,120.90178967663,
    1.423715501755E+03));
#3554 = CARTESIAN_POINT('',(-183.8390360842,121.08238121311,
    1.423670386397E+03));
#3555 = CARTESIAN_POINT('',(-183.9929907009,121.26323603095,
    1.423630788937E+03));
#3556 = CARTESIAN_POINT('',(-184.15110548,121.44407621426,
    1.423596968347E+03));
#3557 = CARTESIAN_POINT('',(-184.4491853003,121.7755753493,
    1.423545958384E+03));
#3558 = CARTESIAN_POINT('',(-184.5878808128,121.92632448693,
    1.423526954023E+03));
#3559 = CARTESIAN_POINT('',(-184.7295372924,122.07666315114,
    1.423512332058E+03));
#3560 = CARTESIAN_POINT('',(-184.8741612425,122.22638947106,
    1.423502251618E+03));
#3561 = CARTESIAN_POINT('',(-185.0217395706,122.37528282987,
    1.423496871574E+03));
#3562 = CARTESIAN_POINT('',(-185.1722363307,122.523105249,
    1.423496345947E+03));
#3563 = CARTESIAN_POINT('',(-185.3255894655,122.66960277239,
    1.423500819316E+03));
#3564 = CARTESIAN_POINT('',(-185.7301605451,123.04511339904,
    1.423525704708E+03));
#3565 = CARTESIAN_POINT('',(-185.9857181939,123.27177955566,
    1.423553984266E+03));
#3566 = CARTESIAN_POINT('',(-186.247886564,123.49329420576,
    1.423595795893E+03));
#3567 = CARTESIAN_POINT('',(-186.5160292817,123.70843533365,
    1.423651540909E+03));
#3568 = CARTESIAN_POINT('',(-186.7893492758,123.91599638175,
    1.423721456435E+03));
#3569 = CARTESIAN_POINT('',(-187.0668670857,124.11482002794,
    1.423805570125E+03));
#3570 = CARTESIAN_POINT('',(-187.3473957352,124.30383938105,
    1.423903640151E+03));
#3571 = CARTESIAN_POINT('',(-187.8265588821,124.60665287149,
    1.424092916875E+03));
#3572 = CARTESIAN_POINT('',(-188.0244354708,124.72597850396,
    1.424177297666E+03));
#3573 = CARTESIAN_POINT('',(-188.2226778191,124.83979496636,
    1.424268036971E+03));
#3574 = CARTESIAN_POINT('',(-188.4208409712,124.94787135692,
    1.424364899771E+03));
#3575 = CARTESIAN_POINT('',(-188.6184984966,125.05004629206,
    1.424467610406E+03));
#3576 = CARTESIAN_POINT('',(-188.8152422348,125.14622063266,
    1.424575859673E+03));
#3577 = CARTESIAN_POINT('',(-189.0106824194,125.23635104206,
    1.42468931048E+03));
#3578 = CARTESIAN_POINT('',(-189.462760112,125.43255040996,
    1.424965298243E+03));
#3579 = CARTESIAN_POINT('',(-189.7181219115,125.53393835182,
    1.425131613326E+03));
#3580 = CARTESIAN_POINT('',(-189.9697256452,125.62465256015,
    1.425305738399E+03));
#3581 = CARTESIAN_POINT('',(-190.2169111973,125.70491764628,
    1.425486863105E+03));
#3582 = CARTESIAN_POINT('',(-190.4591471393,125.77508178316,
    1.425674206806E+03));
#3583 = CARTESIAN_POINT('',(-190.6960151486,125.83557174474,
    1.425867043121E+03));
#3584 = CARTESIAN_POINT('',(-190.9271979797,125.88685967608,
    1.426064717845E+03));
#3585 = CARTESIAN_POINT('',(-191.3347552066,125.96389761526,
    1.426430065998E+03));
#3586 = CARTESIAN_POINT('',(-191.5131701128,125.99265305613,
    1.426596266407E+03));
#3587 = CARTESIAN_POINT('',(-191.6876078154,126.0159730091,
    1.426764969492E+03));
#3588 = CARTESIAN_POINT('',(-191.857984042,126.03412608087,
    1.426935908352E+03));
#3589 = CARTESIAN_POINT('',(-192.0242357518,126.04738095213,
    1.427108842357E+03));
#3590 = CARTESIAN_POINT('',(-192.1863187472,126.05600293732,
    1.427283558344E+03));
#3591 = CARTESIAN_POINT('',(-192.3442052844,126.06025054427,
    1.427459871818E+03));
#3592 = CARTESIAN_POINT('',(-192.9125555606,126.06069985646,
    1.428117278311E+03));
#3593 = CARTESIAN_POINT('',(-193.2961778824,126.03098600462,
    1.42860697464E+03));
#3594 = CARTESIAN_POINT('',(-193.6490318298,125.97621851257,
    1.429104164399E+03));
#3595 = CARTESIAN_POINT('',(-193.9709342417,125.90067697253,
    1.429606769114E+03));
#3596 = CARTESIAN_POINT('',(-194.2615919101,125.80832939622,
    1.430113141132E+03));
#3597 = CARTESIAN_POINT('',(-194.5205580386,125.70282708414,
    1.430622069943E+03));
#3598 = CARTESIAN_POINT('',(-194.7472233245,125.58756851133,
    1.431132782046E+03));
#3599 = CARTESIAN_POINT('',(-195.0281467492,125.41056427989,
    1.431876668175E+03));
#3600 = CARTESIAN_POINT('',(-195.1088100937,125.35410090178,
    1.432108579109E+03));
#3601 = CARTESIAN_POINT('',(-195.1825436537,125.29660746052,
    1.432340631413E+03));
#3602 = CARTESIAN_POINT('',(-195.2492368071,125.23838427695,
    1.432572745062E+03));
#3603 = CARTESIAN_POINT('',(-195.308767311,125.17972777022,
    1.43280483419E+03));
#3604 = CARTESIAN_POINT('',(-195.3610051744,125.12092881067,
    1.433036806701E+03));
#3605 = CARTESIAN_POINT('',(-195.4058165303,125.06227107263,
    1.43326856388E+03));
#3606 = CARTESIAN_POINT('',(-195.443067508,125.00402938729,1.4335E+03));
#3607 = PCURVE('',#2465,#3608);
#3608 = DEFINITIONAL_REPRESENTATION('',(#3609),#3689);
#3609 = B_SPLINE_CURVE_WITH_KNOTS('',8,(#3610,#3611,#3612,#3613,#3614,
    #3615,#3616,#3617,#3618,#3619,#3620,#3621,#3622,#3623,#3624,#3625,
    #3626,#3627,#3628,#3629,#3630,#3631,#3632,#3633,#3634,#3635,#3636,
    #3637,#3638,#3639,#3640,#3641,#3642,#3643,#3644,#3645,#3646,#3647,
    #3648,#3649,#3650,#3651,#3652,#3653,#3654,#3655,#3656,#3657,#3658,
    #3659,#3660,#3661,#3662,#3663,#3664,#3665,#3666,#3667,#3668,#3669,
    #3670,#3671,#3672,#3673,#3674,#3675,#3676,#3677,#3678,#3679,#3680,
    #3681,#3682,#3683,#3684,#3685,#3686,#3687,#3688),.UNSPECIFIED.,.F.,
  .F.,(9,7,7,7,7,7,7,7,7,7,7,9),(0.,0.199437456879,0.287706262424,
    0.365875905881,0.427626150789,0.479270595463,0.561459773819,
    0.618865530393,0.695393970888,0.757318507877,0.924413049119,1.),
  .UNSPECIFIED.);
#3610 = CARTESIAN_POINT('',(2.572887547905,3.483045877752));
#3611 = CARTESIAN_POINT('',(2.572909115627,3.543742870472));
#3612 = CARTESIAN_POINT('',(2.572737021937,3.604493945753));
#3613 = CARTESIAN_POINT('',(2.572371952581,3.665281781406));
#3614 = CARTESIAN_POINT('',(2.571826100863,3.726146631722));
#3615 = CARTESIAN_POINT('',(2.57112170337,3.787171094667));
#3616 = CARTESIAN_POINT('',(2.570284952614,3.848475995858));
#3617 = CARTESIAN_POINT('',(2.569342759082,3.910222348947));
#3618 = CARTESIAN_POINT('',(2.567869223654,4.000280042201));
#3619 = CARTESIAN_POINT('',(2.567401564565,4.028046467165));
#3620 = CARTESIAN_POINT('',(2.56692056118,4.055972265271));
#3621 = CARTESIAN_POINT('',(2.566428458569,4.08408063699));
#3622 = CARTESIAN_POINT('',(2.565927509233,4.112395536427));
#3623 = CARTESIAN_POINT('',(2.565419972309,4.140942281741));
#3624 = CARTESIAN_POINT('',(2.564908118166,4.169748410257));
#3625 = CARTESIAN_POINT('',(2.563939153521,4.224612122678));
#3626 = CARTESIAN_POINT('',(2.563482523441,4.250604647017));
#3627 = CARTESIAN_POINT('',(2.563025931918,4.276844173192));
#3628 = CARTESIAN_POINT('',(2.562571029034,4.303351635386));
#3629 = CARTESIAN_POINT('',(2.562119537928,4.33014746859));
#3630 = CARTESIAN_POINT('',(2.561673260452,4.357252103422));
#3631 = CARTESIAN_POINT('',(2.561234081758,4.3846865672));
#3632 = CARTESIAN_POINT('',(2.56046420928,4.434423283017));
#3633 = CARTESIAN_POINT('',(2.560130132135,4.456591447269));
#3634 = CARTESIAN_POINT('',(2.559802714148,4.478988394685));
#3635 = CARTESIAN_POINT('',(2.559482994057,4.501623481396));
#3636 = CARTESIAN_POINT('',(2.559172070159,4.524504723103));
#3637 = CARTESIAN_POINT('',(2.558871092925,4.54763880915));
#3638 = CARTESIAN_POINT('',(2.558581257602,4.571031116599));
#3639 = CARTESIAN_POINT('',(2.558071744175,4.614469112696));
#3640 = CARTESIAN_POINT('',(2.55784835601,4.634435246781));
#3641 = CARTESIAN_POINT('',(2.557634355435,4.65458583631));
#3642 = CARTESIAN_POINT('',(2.557430494803,4.674921074321));
#3643 = CARTESIAN_POINT('',(2.557237542143,4.695439447572));
#3644 = CARTESIAN_POINT('',(2.557056267587,4.716137546964));
#3645 = CARTESIAN_POINT('',(2.556887429807,4.737009877982));
#3646 = CARTESIAN_POINT('',(2.556484026725,4.791530706462));
#3647 = CARTESIAN_POINT('',(2.556269543413,4.825448043342));
#3648 = CARTESIAN_POINT('',(2.556091442826,4.859751777951));
#3649 = CARTESIAN_POINT('',(2.555952498515,4.894385896434));
#3650 = CARTESIAN_POINT('',(2.555854990001,4.929286107469));
#3651 = CARTESIAN_POINT('',(2.555800536609,4.964376973253));
#3652 = CARTESIAN_POINT('',(2.555789902367,4.999567338872));
#3653 = CARTESIAN_POINT('',(2.555845730072,5.05931355126));
#3654 = CARTESIAN_POINT('',(2.555889917587,5.083883266369));
#3655 = CARTESIAN_POINT('',(2.555955249778,5.108417106917));
#3656 = CARTESIAN_POINT('',(2.556041404938,5.132883038397));
#3657 = CARTESIAN_POINT('',(2.556147856615,5.157252179394));
#3658 = CARTESIAN_POINT('',(2.556273902649,5.181498052077));
#3659 = CARTESIAN_POINT('',(2.556418691027,5.20559599407));
#3660 = CARTESIAN_POINT('',(2.556797942343,5.261419810066));
#3661 = CARTESIAN_POINT('',(2.557046232913,5.293015778795));
#3662 = CARTESIAN_POINT('',(2.557323862584,5.32426429282));
#3663 = CARTESIAN_POINT('',(2.557628312908,5.35513423227));
#3664 = CARTESIAN_POINT('',(2.55795695938,5.385605999127));
#3665 = CARTESIAN_POINT('',(2.558307195369,5.415669078663));
#3666 = CARTESIAN_POINT('',(2.558676519256,5.445320865689));
#3667 = CARTESIAN_POINT('',(2.559374977532,5.498231659506));
#3668 = CARTESIAN_POINT('',(2.559698333387,5.521630803309));
#3669 = CARTESIAN_POINT('',(2.56003142795,5.544768519257));
#3670 = CARTESIAN_POINT('',(2.560373089327,5.567650442103));
#3671 = CARTESIAN_POINT('',(2.560722203435,5.590283517695));
#3672 = CARTESIAN_POINT('',(2.561077719312,5.612676011576));
#3673 = CARTESIAN_POINT('',(2.561438654421,5.634837517588));
#3674 = CARTESIAN_POINT('',(2.562790202689,5.715984840483));
#3675 = CARTESIAN_POINT('',(2.563808197444,5.773531882171));
#3676 = CARTESIAN_POINT('',(2.564841155596,5.82970530526));
#3677 = CARTESIAN_POINT('',(2.565873760683,5.884707839166));
#3678 = CARTESIAN_POINT('',(2.566891626006,5.938721718977));
#3679 = CARTESIAN_POINT('',(2.567881150728,5.991918670321));
#3680 = CARTESIAN_POINT('',(2.568829229778,6.044478122317));
#3681 = CARTESIAN_POINT('',(2.57012709047,6.120180646508));
#3682 = CARTESIAN_POINT('',(2.570520033311,6.143661427084));
#3683 = CARTESIAN_POINT('',(2.570900413719,6.167058335981));
#3684 = CARTESIAN_POINT('',(2.571266934731,6.190384020097));
#3685 = CARTESIAN_POINT('',(2.571618282912,6.213649834798));
#3686 = CARTESIAN_POINT('',(2.571953142613,6.236865989828));
#3687 = CARTESIAN_POINT('',(2.572270210227,6.260041695215));
#3688 = CARTESIAN_POINT('',(2.572568208442,6.28318530718));
#3689 = ( GEOMETRIC_REPRESENTATION_CONTEXT(2) 
PARAMETRIC_REPRESENTATION_CONTEXT() REPRESENTATION_CONTEXT('2D SPACE',''
  ) );
#3690 = PCURVE('',#2482,#3691);
#3691 = DEFINITIONAL_REPRESENTATION('',(#3692),#3772);
#3692 = B_SPLINE_CURVE_WITH_KNOTS('',8,(#3693,#3694,#3695,#3696,#3697,
    #3698,#3699,#3700,#3701,#3702,#3703,#3704,#3705,#3706,#3707,#3708,
    #3709,#3710,#3711,#3712,#3713,#3714,#3715,#3716,#3717,#3718,#3719,
    #3720,#3721,#3722,#3723,#3724,#3725,#3726,#3727,#3728,#3729,#3730,
    #3731,#3732,#3733,#3734,#3735,#3736,#3737,#3738,#3739,#3740,#3741,
    #3742,#3743,#3744,#3745,#3746,#3747,#3748,#3749,#3750,#3751,#3752,
    #3753,#3754,#3755,#3756,#3757,#3758,#3759,#3760,#3761,#3762,#3763,
    #3764,#3765,#3766,#3767,#3768,#3769,#3770,#3771),.UNSPECIFIED.,.F.,
  .F.,(9,7,7,7,7,7,7,7,7,7,7,9),(0.,0.199437456879,0.287706262424,
    0.365875905881,0.427626150789,0.479270595463,0.561459773819,
    0.618865530393,0.695393970888,0.757318507877,0.924413049119,1.),
  .UNSPECIFIED.);
#3693 = CARTESIAN_POINT('',(0.254858866934,1.5175395406E+03));
#3694 = CARTESIAN_POINT('',(0.255308153649,1.516932585949E+03));
#3695 = CARTESIAN_POINT('',(0.259963188284,1.516326011667E+03));
#3696 = CARTESIAN_POINT('',(0.268827164756,1.515723397255E+03));
#3697 = CARTESIAN_POINT('',(0.28176404183,1.515127751794E+03));
#3698 = CARTESIAN_POINT('',(0.298528496549,1.514541601269E+03));
#3699 = CARTESIAN_POINT('',(0.318855437128,1.513967172014E+03));
#3700 = CARTESIAN_POINT('',(0.342507635294,1.513406473867E+03));
#3701 = CARTESIAN_POINT('',(0.381195302229,1.512620160125E+03));
#3702 = CARTESIAN_POINT('',(0.393686247697,1.512381951991E+03));
#3703 = CARTESIAN_POINT('',(0.406785966146,1.512146926504E+03));
#3704 = CARTESIAN_POINT('',(0.420483825108,1.511915253578E+03));
#3705 = CARTESIAN_POINT('',(0.434771468701,1.511687124839E+03));
#3706 = CARTESIAN_POINT('',(0.449643163207,1.511462754509E+03));
#3707 = CARTESIAN_POINT('',(0.465096304949,1.511242381085E+03));
#3708 = CARTESIAN_POINT('',(0.495333162211,1.510834884636E+03));
#3709 = CARTESIAN_POINT('',(0.509989833168,1.510646860348E+03));
#3710 = CARTESIAN_POINT('',(0.525103046368,1.510462376658E+03));
#3711 = CARTESIAN_POINT('',(0.540674510979,1.510281652657E+03));
#3712 = CARTESIAN_POINT('',(0.556706641006,1.510104944973E+03));
#3713 = CARTESIAN_POINT('',(0.573202629581,1.509932546851E+03));
#3714 = CARTESIAN_POINT('',(0.59016665886,1.509764788151E+03));
#3715 = CARTESIAN_POINT('',(0.621379097253,1.509473470125E+03));
#3716 = CARTESIAN_POINT('',(0.635448398767,1.509348038371E+03));
#3717 = CARTESIAN_POINT('',(0.649814652015,1.509225922332E+03));
#3718 = CARTESIAN_POINT('',(0.664479674949,1.509107329321E+03));
#3719 = CARTESIAN_POINT('',(0.679444488882,1.508992490249E+03));
#3720 = CARTESIAN_POINT('',(0.694709205849,1.508881657252E+03));
#3721 = CARTESIAN_POINT('',(0.710272915955,1.508775101302E+03));
#3722 = CARTESIAN_POINT('',(0.739398540982,1.508587809889E+03));
#3723 = CARTESIAN_POINT('',(0.752870728398,1.508505705947E+03));
#3724 = CARTESIAN_POINT('',(0.766548489581,1.508426967562E+03));
#3725 = CARTESIAN_POINT('',(0.780429016413,1.508351776324E+03));
#3726 = CARTESIAN_POINT('',(0.794508152436,1.508280322228E+03));
#3727 = CARTESIAN_POINT('',(0.808780205233,1.508212800027E+03));
#3728 = CARTESIAN_POINT('',(0.823237758808,1.5081494056E+03));
#3729 = CARTESIAN_POINT('',(0.861160225343,1.507996320552E+03));
#3730 = CARTESIAN_POINT('',(0.884904703508,1.507913213526E+03));
#3731 = CARTESIAN_POINT('',(0.909055310992,1.507841855699E+03));
#3732 = CARTESIAN_POINT('',(0.933555037738,1.507783007528E+03));
#3733 = CARTESIAN_POINT('',(0.958338669865,1.507737317502E+03));
#3734 = CARTESIAN_POINT('',(0.983331036624,1.507705280001E+03));
#3735 = CARTESIAN_POINT('',(1.008444307564,1.50768717898E+03));
#3736 = CARTESIAN_POINT('',(1.051126632642,1.507680110848E+03));
#3737 = CARTESIAN_POINT('',(1.068692023012,1.507684003621E+03));
#3738 = CARTESIAN_POINT('',(1.086236802206,1.507694702786E+03));
#3739 = CARTESIAN_POINT('',(1.103730051563,1.50771215068E+03));
#3740 = CARTESIAN_POINT('',(1.121143175957,1.50773623458E+03));
#3741 = CARTESIAN_POINT('',(1.138449518484,1.507766794671E+03));
#3742 = CARTESIAN_POINT('',(1.155624056433,1.50780363041E+03));
#3743 = CARTESIAN_POINT('',(1.195331615242,1.50790366237E+03));
#3744 = CARTESIAN_POINT('',(1.217746094428,1.50797155811E+03));
#3745 = CARTESIAN_POINT('',(1.239836911073,1.508049650725E+03));
#3746 = CARTESIAN_POINT('',(1.261566481509,1.508137325485E+03));
#3747 = CARTESIAN_POINT('',(1.282906773877,1.508233938883E+03));
#3748 = CARTESIAN_POINT('',(1.303837470381,1.508338853624E+03));
#3749 = CARTESIAN_POINT('',(1.324344861372,1.508451464423E+03));
#3750 = CARTESIAN_POINT('',(1.360666866603,1.50866811287E+03));
#3751 = CARTESIAN_POINT('',(1.37663021233,1.508769686029E+03));
#3752 = CARTESIAN_POINT('',(1.392308546478,1.508875645441E+03));
#3753 = CARTESIAN_POINT('',(1.407700107517,1.508985718864E+03));
#3754 = CARTESIAN_POINT('',(1.42280422477,1.509099652823E+03));
#3755 = CARTESIAN_POINT('',(1.437621208835,1.509217214988E+03));
#3756 = CARTESIAN_POINT('',(1.452152242008,1.509338196549E+03));
#3757 = CARTESIAN_POINT('',(1.504842840624,1.509797599308E+03));
#3758 = CARTESIAN_POINT('',(1.541181760005,1.510156027895E+03));
#3759 = CARTESIAN_POINT('',(1.575503128973,1.51053439006E+03));
#3760 = CARTESIAN_POINT('',(1.607827905728,1.510930072285E+03));
#3761 = CARTESIAN_POINT('',(1.638149491364,1.511340950413E+03));
#3762 = CARTESIAN_POINT('',(1.666435037029,1.51176540884E+03));
#3763 = CARTESIAN_POINT('',(1.692631027478,1.512202332437E+03));
#3764 = CARTESIAN_POINT('',(1.727524935424,1.512854228455E+03));
#3765 = CARTESIAN_POINT('',(1.737944999924,1.513059636721E+03));
#3766 = CARTESIAN_POINT('',(1.747907854842,1.513267316969E+03));
#3767 = CARTESIAN_POINT('',(1.757402662481,1.513477175766E+03));
#3768 = CARTESIAN_POINT('',(1.766417130289,1.513689118105E+03));
#3769 = CARTESIAN_POINT('',(1.774937873671,1.513903046209E+03));
#3770 = CARTESIAN_POINT('',(1.782950778783,1.514118858328E+03));
#3771 = CARTESIAN_POINT('',(1.79044136534,1.514336447539E+03));
#3772 = ( GEOMETRIC_REPRESENTATION_CONTEXT(2) 
PARAMETRIC_REPRESENTATION_CONTEXT() REPRESENTATION_CONTEXT('2D SPACE',''
  ) );
#3773 = ORIENTED_EDGE('',*,*,#3774,.F.);
#3774 = EDGE_CURVE('',#3775,#3524,#3777,.T.);
#3775 = VERTEX_POINT('',#3776);
#3776 = CARTESIAN_POINT('',(195.443067508,125.00402938729,1.4335E+03));
#3777 = SEAM_CURVE('',#3778,(#3783,#3790),.PCURVE_S1.);
#3778 = CIRCLE('',#3779,232.);
#3779 = AXIS2_PLACEMENT_3D('',#3780,#3781,#3782);
#3780 = CARTESIAN_POINT('',(0.,0.,1.4335E+03));
#3781 = DIRECTION('',(0.,0.,1.));
#3782 = DIRECTION('',(1.,0.,-0.));
#3783 = PCURVE('',#2465,#3784);
#3784 = DEFINITIONAL_REPRESENTATION('',(#3785),#3789);
#3785 = LINE('',#3786,#3787);
#3786 = CARTESIAN_POINT('',(0.,0.));
#3787 = VECTOR('',#3788,1.);
#3788 = DIRECTION('',(1.,0.));
#3789 = ( GEOMETRIC_REPRESENTATION_CONTEXT(2) 
PARAMETRIC_REPRESENTATION_CONTEXT() REPRESENTATION_CONTEXT('2D SPACE',''
  ) );
#3790 = PCURVE('',#2465,#3791);
#3791 = DEFINITIONAL_REPRESENTATION('',(#3792),#3796);
#3792 = LINE('',#3793,#3794);
#3793 = CARTESIAN_POINT('',(0.,6.28318530718));
#3794 = VECTOR('',#3795,1.);
#3795 = DIRECTION('',(1.,0.));
#3796 = ( GEOMETRIC_REPRESENTATION_CONTEXT(2) 
PARAMETRIC_REPRESENTATION_CONTEXT() REPRESENTATION_CONTEXT('2D SPACE',''
  ) );
#3797 = ORIENTED_EDGE('',*,*,#3798,.F.);
#3798 = EDGE_CURVE('',#3799,#3775,#3801,.T.);
#3799 = VERTEX_POINT('',#3800);
#3800 = CARTESIAN_POINT('',(179.11743675924,114.48168741208,
    1.430151430005E+03));
#3801 = SURFACE_CURVE('',#3802,(#3882,#3965),.PCURVE_S1.);
#3802 = B_SPLINE_CURVE_WITH_KNOTS('',8,(#3803,#3804,#3805,#3806,#3807,
    #3808,#3809,#3810,#3811,#3812,#3813,#3814,#3815,#3816,#3817,#3818,
    #3819,#3820,#3821,#3822,#3823,#3824,#3825,#3826,#3827,#3828,#3829,
    #3830,#3831,#3832,#3833,#3834,#3835,#3836,#3837,#3838,#3839,#3840,
    #3841,#3842,#3843,#3844,#3845,#3846,#3847,#3848,#3849,#3850,#3851,
    #3852,#3853,#3854,#3855,#3856,#3857,#3858,#3859,#3860,#3861,#3862,
    #3863,#3864,#3865,#3866,#3867,#3868,#3869,#3870,#3871,#3872,#3873,
    #3874,#3875,#3876,#3877,#3878,#3879,#3880,#3881),.UNSPECIFIED.,.F.,
  .F.,(9,7,7,7,7,7,7,7,7,7,7,9),(0.,0.199437456906,0.28770626245,
    0.365875905904,0.427626150811,0.479270595483,0.561459773923,
    0.618865530499,0.695393971004,0.757318508003,0.924413049262,1.),
  .UNSPECIFIED.);
#3803 = CARTESIAN_POINT('',(179.1174360723,114.48168699454,
    1.430151432266E+03));
#3804 = CARTESIAN_POINT('',(179.29116174306,114.58728130211,
    1.429579503296E+03));
#3805 = CARTESIAN_POINT('',(179.47630355396,114.74901864503,
    1.429021163724E+03));
#3806 = CARTESIAN_POINT('',(179.67195381906,114.96632865191,
    1.428479830742E+03));
#3807 = CARTESIAN_POINT('',(179.87827881169,115.23652582311,
    1.427958273389E+03));
#3808 = CARTESIAN_POINT('',(180.09660946302,115.55520178366,
    1.427458800422E+03));
#3809 = CARTESIAN_POINT('',(180.32894583071,115.91737070446,
    1.426983504388E+03));
#3810 = CARTESIAN_POINT('',(180.57768957759,116.31808617229,
    1.426534376316E+03));
#3811 = CARTESIAN_POINT('',(180.96451058688,116.94536572757,
    1.425927301906E+03));
#3812 = CARTESIAN_POINT('',(181.08700131065,117.14451994776,
    1.425746574329E+03));
#3813 = CARTESIAN_POINT('',(181.21357458189,117.35000987028,
    1.425571544768E+03));
#3814 = CARTESIAN_POINT('',(181.34451250043,117.56147037354,
    1.425402414549E+03));
#3815 = CARTESIAN_POINT('',(181.48010917479,117.7785397863,
    1.425239412195E+03));
#3816 = CARTESIAN_POINT('',(181.62067251039,118.0008607967,
    1.425082795056E+03));
#3817 = CARTESIAN_POINT('',(181.76652866289,118.22808170577,
    1.424932852648E+03));
#3818 = CARTESIAN_POINT('',(182.05219591616,118.66511595472,
    1.424663325138E+03));
#3819 = CARTESIAN_POINT('',(182.19077661134,118.8739269986,
    1.424542241657E+03));
#3820 = CARTESIAN_POINT('',(182.33401636542,119.08605446449,
    1.424426884127E+03));
#3821 = CARTESIAN_POINT('',(182.48216102569,119.30124262962,
    1.424317514027E+03));
#3822 = CARTESIAN_POINT('',(182.63545678326,119.51921419944,
    1.424214428933E+03));
#3823 = CARTESIAN_POINT('',(182.7941506317,119.73966852467,
    1.424117961369E+03));
#3824 = CARTESIAN_POINT('',(182.95849166482,119.96228057677,
    1.424028479017E+03));
#3825 = CARTESIAN_POINT('',(183.26321581926,120.36398173163,
    1.423881536985E+03));
#3826 = CARTESIAN_POINT('',(183.40137021916,120.5423772251,
    1.423821304094E+03));
#3827 = CARTESIAN_POINT('',(183.54331869302,120.72171312878,
    1.423765886133E+03));
#3828 = CARTESIAN_POINT('',(183.68917387213,120.90178967717,
    1.423715501755E+03));
#3829 = CARTESIAN_POINT('',(183.83903608472,121.08238121364,
    1.423670386396E+03));
#3830 = CARTESIAN_POINT('',(183.9929907014,121.26323603147,
    1.423630788936E+03));
#3831 = CARTESIAN_POINT('',(184.15110548052,121.44407621478,
    1.423596968346E+03));
#3832 = CARTESIAN_POINT('',(184.44918530079,121.77557534981,
    1.423545958384E+03));
#3833 = CARTESIAN_POINT('',(184.58788081331,121.92632448743,
    1.423526954022E+03));
#3834 = CARTESIAN_POINT('',(184.72953729291,122.07666315164,
    1.423512332058E+03));
#3835 = CARTESIAN_POINT('',(184.87416124303,122.22638947156,
    1.423502251618E+03));
#3836 = CARTESIAN_POINT('',(185.02173957117,122.37528283035,
    1.423496871574E+03));
#3837 = CARTESIAN_POINT('',(185.17223633126,122.52310524948,
    1.423496345947E+03));
#3838 = CARTESIAN_POINT('',(185.32558946607,122.66960277286,
    1.423500819316E+03));
#3839 = CARTESIAN_POINT('',(185.73016054588,123.04511339973,
    1.423525704708E+03));
#3840 = CARTESIAN_POINT('',(185.98571819503,123.27177955657,
    1.423553984266E+03));
#3841 = CARTESIAN_POINT('',(186.24788656538,123.49329420688,
    1.423595795894E+03));
#3842 = CARTESIAN_POINT('',(186.5160292834,123.70843533495,
    1.42365154091E+03));
#3843 = CARTESIAN_POINT('',(186.78934927776,123.91599638322,
    1.423721456435E+03));
#3844 = CARTESIAN_POINT('',(187.066867088,124.11482002955,
    1.423805570126E+03));
#3845 = CARTESIAN_POINT('',(187.34739573782,124.30383938278,
    1.423903640152E+03));
#3846 = CARTESIAN_POINT('',(187.82655888505,124.60665287325,
    1.424092916877E+03));
#3847 = CARTESIAN_POINT('',(188.0244354738,124.72597850565,
    1.424177297667E+03));
#3848 = CARTESIAN_POINT('',(188.22267782208,124.83979496799,
    1.424268036972E+03));
#3849 = CARTESIAN_POINT('',(188.42084097413,124.94787135847,
    1.424364899773E+03));
#3850 = CARTESIAN_POINT('',(188.61849849958,125.05004629354,
    1.424467610407E+03));
#3851 = CARTESIAN_POINT('',(188.81524223776,125.14622063406,
    1.424575859674E+03));
#3852 = CARTESIAN_POINT('',(189.01068242231,125.23635104339,
    1.424689310482E+03));
#3853 = CARTESIAN_POINT('',(189.4627601149,125.43255041113,
    1.424965298245E+03));
#3854 = CARTESIAN_POINT('',(189.71812191449,125.5339383529,
    1.425131613328E+03));
#3855 = CARTESIAN_POINT('',(189.96972564811,125.62465256112,
    1.425305738401E+03));
#3856 = CARTESIAN_POINT('',(190.21691120021,125.70491764717,
    1.425486863108E+03));
#3857 = CARTESIAN_POINT('',(190.45914714224,125.77508178395,
    1.425674206808E+03));
#3858 = CARTESIAN_POINT('',(190.69601515143,125.83557174543,
    1.425867043124E+03));
#3859 = CARTESIAN_POINT('',(190.92719798257,125.88685967669,
    1.426064717848E+03));
#3860 = CARTESIAN_POINT('',(191.33475520937,125.96389761572,
    1.426430066001E+03));
#3861 = CARTESIAN_POINT('',(191.51317011553,125.99265305651,
    1.42659626641E+03));
#3862 = CARTESIAN_POINT('',(191.6876078181,126.01597300942,
    1.426764969494E+03));
#3863 = CARTESIAN_POINT('',(191.85798404466,126.03412608111,
    1.426935908355E+03));
#3864 = CARTESIAN_POINT('',(192.02423575448,126.04738095231,
    1.42710884236E+03));
#3865 = CARTESIAN_POINT('',(192.18631874979,126.05600293744,
    1.427283558347E+03));
#3866 = CARTESIAN_POINT('',(192.34420528701,126.06025054433,
    1.427459871821E+03));
#3867 = CARTESIAN_POINT('',(192.91255556307,126.0606998563,
    1.428117278314E+03));
#3868 = CARTESIAN_POINT('',(193.29617788466,126.03098600432,
    1.428606974643E+03));
#3869 = CARTESIAN_POINT('',(193.649031832,125.97621851215,
    1.429104164402E+03));
#3870 = CARTESIAN_POINT('',(193.97093424367,125.90067697199,
    1.429606769117E+03));
#3871 = CARTESIAN_POINT('',(194.26159191205,125.80832939558,
    1.430113141135E+03));
#3872 = CARTESIAN_POINT('',(194.52055804036,125.70282708343,
    1.430622069946E+03));
#3873 = CARTESIAN_POINT('',(194.74722332604,125.58756851054,
    1.43113278205E+03));
#3874 = CARTESIAN_POINT('',(195.0281467503,125.41056427914,
    1.431876668178E+03));
#3875 = CARTESIAN_POINT('',(195.10881009458,125.35410090113,
    1.432108579111E+03));
#3876 = CARTESIAN_POINT('',(195.18254365442,125.29660745997,
    1.432340631416E+03));
#3877 = CARTESIAN_POINT('',(195.24923680759,125.2383842765,
    1.432572745064E+03));
#3878 = CARTESIAN_POINT('',(195.30876731133,125.17972776989,
    1.432804834191E+03));
#3879 = CARTESIAN_POINT('',(195.3610051746,125.12092881045,
    1.433036806702E+03));
#3880 = CARTESIAN_POINT('',(195.40581653039,125.06227107252,
    1.433268563881E+03));
#3881 = CARTESIAN_POINT('',(195.443067508,125.00402938729,1.4335E+03));
#3882 = PCURVE('',#2465,#3883);
#3883 = DEFINITIONAL_REPRESENTATION('',(#3884),#3964);
#3884 = B_SPLINE_CURVE_WITH_KNOTS('',8,(#3885,#3886,#3887,#3888,#3889,
    #3890,#3891,#3892,#3893,#3894,#3895,#3896,#3897,#3898,#3899,#3900,
    #3901,#3902,#3903,#3904,#3905,#3906,#3907,#3908,#3909,#3910,#3911,
    #3912,#3913,#3914,#3915,#3916,#3917,#3918,#3919,#3920,#3921,#3922,
    #3923,#3924,#3925,#3926,#3927,#3928,#3929,#3930,#3931,#3932,#3933,
    #3934,#3935,#3936,#3937,#3938,#3939,#3940,#3941,#3942,#3943,#3944,
    #3945,#3946,#3947,#3948,#3949,#3950,#3951,#3952,#3953,#3954,#3955,
    #3956,#3957,#3958,#3959,#3960,#3961,#3962,#3963),.UNSPECIFIED.,.F.,
  .F.,(9,7,7,7,7,7,7,7,7,7,7,9),(0.,0.199437456906,0.28770626245,
    0.365875905904,0.427626150811,0.479270595483,0.561459773923,
    0.618865530499,0.695393971004,0.757318508003,0.924413049262,1.),
  .UNSPECIFIED.);
#3885 = CARTESIAN_POINT('',(0.568705105685,3.483045877752));
#3886 = CARTESIAN_POINT('',(0.568683537963,3.54374287048));
#3887 = CARTESIAN_POINT('',(0.568855631653,3.60449394577));
#3888 = CARTESIAN_POINT('',(0.569220701009,3.66528178143));
#3889 = CARTESIAN_POINT('',(0.569766552727,3.726146631755));
#3890 = CARTESIAN_POINT('',(0.57047095022,3.787171094707));
#3891 = CARTESIAN_POINT('',(0.571307700976,3.848475995908));
#3892 = CARTESIAN_POINT('',(0.572249894509,3.910222349005));
#3893 = CARTESIAN_POINT('',(0.573723429937,4.000280042268));
#3894 = CARTESIAN_POINT('',(0.574191089026,4.028046467232));
#3895 = CARTESIAN_POINT('',(0.574672092411,4.055972265338));
#3896 = CARTESIAN_POINT('',(0.575164195022,4.084080637057));
#3897 = CARTESIAN_POINT('',(0.575665144358,4.112395536494));
#3898 = CARTESIAN_POINT('',(0.576172681282,4.140942281808));
#3899 = CARTESIAN_POINT('',(0.576684535425,4.169748410324));
#3900 = CARTESIAN_POINT('',(0.57765350007,4.224612122745));
#3901 = CARTESIAN_POINT('',(0.57811013015,4.250604647084));
#3902 = CARTESIAN_POINT('',(0.578566721673,4.276844173259));
#3903 = CARTESIAN_POINT('',(0.579021624557,4.303351635453));
#3904 = CARTESIAN_POINT('',(0.579473115663,4.330147468657));
#3905 = CARTESIAN_POINT('',(0.579919393139,4.357252103489));
#3906 = CARTESIAN_POINT('',(0.580358571833,4.384686567267));
#3907 = CARTESIAN_POINT('',(0.581128444311,4.434423283084));
#3908 = CARTESIAN_POINT('',(0.581462521456,4.456591447336));
#3909 = CARTESIAN_POINT('',(0.581789939443,4.478988394752));
#3910 = CARTESIAN_POINT('',(0.582109659534,4.501623481463));
#3911 = CARTESIAN_POINT('',(0.582420583431,4.52450472317));
#3912 = CARTESIAN_POINT('',(0.582721560666,4.547638809217));
#3913 = CARTESIAN_POINT('',(0.583011395989,4.571031116666));
#3914 = CARTESIAN_POINT('',(0.583520909415,4.614469112763));
#3915 = CARTESIAN_POINT('',(0.58374429758,4.634435246848));
#3916 = CARTESIAN_POINT('',(0.583958298155,4.654585836377));
#3917 = CARTESIAN_POINT('',(0.584162158787,4.674921074389));
#3918 = CARTESIAN_POINT('',(0.584355111448,4.695439447639));
#3919 = CARTESIAN_POINT('',(0.584536386003,4.716137547031));
#3920 = CARTESIAN_POINT('',(0.584705223784,4.73700987805));
#3921 = CARTESIAN_POINT('',(0.585108626865,4.791530706564));
#3922 = CARTESIAN_POINT('',(0.585323110177,4.82544804348));
#3923 = CARTESIAN_POINT('',(0.585501210764,4.859751778126));
#3924 = CARTESIAN_POINT('',(0.585640155076,4.894385896645));
#3925 = CARTESIAN_POINT('',(0.585737663589,4.929286107717));
#3926 = CARTESIAN_POINT('',(0.585792116981,4.964376973539));
#3927 = CARTESIAN_POINT('',(0.585802751223,4.999567339194));
#3928 = CARTESIAN_POINT('',(0.585746923517,5.059313551619));
#3929 = CARTESIAN_POINT('',(0.585702736002,5.083883266729));
#3930 = CARTESIAN_POINT('',(0.585637403811,5.108417107277));
#3931 = CARTESIAN_POINT('',(0.585551248651,5.132883038757));
#3932 = CARTESIAN_POINT('',(0.585444796973,5.157252179754));
#3933 = CARTESIAN_POINT('',(0.585318750938,5.181498052437));
#3934 = CARTESIAN_POINT('',(0.58517396256,5.205595994429));
#3935 = CARTESIAN_POINT('',(0.584794711244,5.261419810425));
#3936 = CARTESIAN_POINT('',(0.584546420674,5.293015779155));
#3937 = CARTESIAN_POINT('',(0.584268791003,5.32426429318));
#3938 = CARTESIAN_POINT('',(0.583964340678,5.35513423263));
#3939 = CARTESIAN_POINT('',(0.583635694206,5.385605999487));
#3940 = CARTESIAN_POINT('',(0.583285458216,5.415669079022));
#3941 = CARTESIAN_POINT('',(0.58291613433,5.445320866048));
#3942 = CARTESIAN_POINT('',(0.582217676053,5.498231659864));
#3943 = CARTESIAN_POINT('',(0.581894320198,5.521630803666));
#3944 = CARTESIAN_POINT('',(0.581561225634,5.544768519615));
#3945 = CARTESIAN_POINT('',(0.581219564257,5.567650442461));
#3946 = CARTESIAN_POINT('',(0.580870450149,5.590283518053));
#3947 = CARTESIAN_POINT('',(0.580514934273,5.612676011934));
#3948 = CARTESIAN_POINT('',(0.580153999163,5.634837517946));
#3949 = CARTESIAN_POINT('',(0.578802450894,5.715984840838));
#3950 = CARTESIAN_POINT('',(0.577784456139,5.773531882524));
#3951 = CARTESIAN_POINT('',(0.576751497987,5.829705305615));
#3952 = CARTESIAN_POINT('',(0.575718892901,5.884707839515));
#3953 = CARTESIAN_POINT('',(0.574701027578,5.938721719332));
#3954 = CARTESIAN_POINT('',(0.573711502856,5.991918670673));
#3955 = CARTESIAN_POINT('',(0.572763423805,6.044478122672));
#3956 = CARTESIAN_POINT('',(0.571465563114,6.12018064682));
#3957 = CARTESIAN_POINT('',(0.571072620274,6.14366142735));
#3958 = CARTESIAN_POINT('',(0.570692239867,6.167058336202));
#3959 = CARTESIAN_POINT('',(0.570325718856,6.190384020273));
#3960 = CARTESIAN_POINT('',(0.569974370676,6.21364983493));
#3961 = CARTESIAN_POINT('',(0.569639510975,6.236865989916));
#3962 = CARTESIAN_POINT('',(0.569322443363,6.260041695259));
#3963 = CARTESIAN_POINT('',(0.569024445148,6.28318530718));
#3964 = ( GEOMETRIC_REPRESENTATION_CONTEXT(2) 
PARAMETRIC_REPRESENTATION_CONTEXT() REPRESENTATION_CONTEXT('2D SPACE',''
  ) );
#3965 = PCURVE('',#3966,#3971);
#3966 = CYLINDRICAL_SURFACE('',#3967,14.);
#3967 = AXIS2_PLACEMENT_3D('',#3968,#3969,#3970);
#3968 = CARTESIAN_POINT('',(623.53829072479,360.,0.));
#3969 = DIRECTION('',(-0.2841973077,-0.164081392104,0.94462118707));
#3970 = DIRECTION('',(0.957599723992,6.938893903907E-18,0.288102010772)
  );
#3971 = DEFINITIONAL_REPRESENTATION('',(#3972),#4052);
#3972 = B_SPLINE_CURVE_WITH_KNOTS('',8,(#3973,#3974,#3975,#3976,#3977,
    #3978,#3979,#3980,#3981,#3982,#3983,#3984,#3985,#3986,#3987,#3988,
    #3989,#3990,#3991,#3992,#3993,#3994,#3995,#3996,#3997,#3998,#3999,
    #4000,#4001,#4002,#4003,#4004,#4005,#4006,#4007,#4008,#4009,#4010,
    #4011,#4012,#4013,#4014,#4015,#4016,#4017,#4018,#4019,#4020,#4021,
    #4022,#4023,#4024,#4025,#4026,#4027,#4028,#4029,#4030,#4031,#4032,
    #4033,#4034,#4035,#4036,#4037,#4038,#4039,#4040,#4041,#4042,#4043,
    #4044,#4045,#4046,#4047,#4048,#4049,#4050,#4051),.UNSPECIFIED.,.F.,
  .F.,(9,7,7,7,7,7,7,7,7,7,7,9),(0.,0.199437456906,0.28770626245,
    0.365875905904,0.427626150811,0.479270595483,0.561459773923,
    0.618865530499,0.695393971004,0.757318508003,0.924413049262,1.),
  .UNSPECIFIED.);
#3973 = CARTESIAN_POINT('',(2.886733786656,1.5175395406E+03));
#3974 = CARTESIAN_POINT('',(2.88628449994,1.516932585949E+03));
#3975 = CARTESIAN_POINT('',(2.881629465304,1.516326011667E+03));
#3976 = CARTESIAN_POINT('',(2.87276548883,1.515723397255E+03));
#3977 = CARTESIAN_POINT('',(2.859828611752,1.515127751794E+03));
#3978 = CARTESIAN_POINT('',(2.843064157031,1.514541601269E+03));
#3979 = CARTESIAN_POINT('',(2.822737216445,1.513967172014E+03));
#3980 = CARTESIAN_POINT('',(2.799085018273,1.513406473866E+03));
#3981 = CARTESIAN_POINT('',(2.760397351331,1.512620160125E+03));
#3982 = CARTESIAN_POINT('',(2.747906405861,1.51238195199E+03));
#3983 = CARTESIAN_POINT('',(2.734806687412,1.512146926503E+03));
#3984 = CARTESIAN_POINT('',(2.721108828449,1.511915253578E+03));
#3985 = CARTESIAN_POINT('',(2.706821184854,1.511687124839E+03));
#3986 = CARTESIAN_POINT('',(2.691949490348,1.511462754508E+03));
#3987 = CARTESIAN_POINT('',(2.676496348605,1.511242381084E+03));
#3988 = CARTESIAN_POINT('',(2.646259491341,1.510834884635E+03));
#3989 = CARTESIAN_POINT('',(2.631602820384,1.510646860347E+03));
#3990 = CARTESIAN_POINT('',(2.616489607183,1.510462376658E+03));
#3991 = CARTESIAN_POINT('',(2.600918142571,1.510281652656E+03));
#3992 = CARTESIAN_POINT('',(2.584886012544,1.510104944972E+03));
#3993 = CARTESIAN_POINT('',(2.568390023968,1.50993254685E+03));
#3994 = CARTESIAN_POINT('',(2.551425994688,1.50976478815E+03));
#3995 = CARTESIAN_POINT('',(2.520213556294,1.509473470125E+03));
#3996 = CARTESIAN_POINT('',(2.50614425478,1.509348038371E+03));
#3997 = CARTESIAN_POINT('',(2.491778001531,1.509225922332E+03));
#3998 = CARTESIAN_POINT('',(2.477112978597,1.50910732932E+03));
#3999 = CARTESIAN_POINT('',(2.462148164663,1.508992490249E+03));
#4000 = CARTESIAN_POINT('',(2.446883447696,1.508881657252E+03));
#4001 = CARTESIAN_POINT('',(2.43131973759,1.508775101302E+03));
#4002 = CARTESIAN_POINT('',(2.402194112562,1.508587809889E+03));
#4003 = CARTESIAN_POINT('',(2.388721925147,1.508505705947E+03));
#4004 = CARTESIAN_POINT('',(2.375044163963,1.508426967561E+03));
#4005 = CARTESIAN_POINT('',(2.36116363713,1.508351776324E+03));
#4006 = CARTESIAN_POINT('',(2.347084501107,1.508280322228E+03));
#4007 = CARTESIAN_POINT('',(2.332812448311,1.508212800027E+03));
#4008 = CARTESIAN_POINT('',(2.318354894735,1.5081494056E+03));
#4009 = CARTESIAN_POINT('',(2.280432428176,1.507996320551E+03));
#4010 = CARTESIAN_POINT('',(2.256687949985,1.507913213526E+03));
#4011 = CARTESIAN_POINT('',(2.232537342475,1.507841855698E+03));
#4012 = CARTESIAN_POINT('',(2.208037615702,1.507783007527E+03));
#4013 = CARTESIAN_POINT('',(2.183253983548,1.507737317502E+03));
#4014 = CARTESIAN_POINT('',(2.158261616762,1.507705280001E+03));
#4015 = CARTESIAN_POINT('',(2.133148345796,1.507687178979E+03));
#4016 = CARTESIAN_POINT('',(2.090466020691,1.507680110848E+03));
#4017 = CARTESIAN_POINT('',(2.072900630321,1.507684003621E+03));
#4018 = CARTESIAN_POINT('',(2.055355851126,1.507694702786E+03));
#4019 = CARTESIAN_POINT('',(2.037862601769,1.507712150681E+03));
#4020 = CARTESIAN_POINT('',(2.020449477376,1.50773623458E+03));
#4021 = CARTESIAN_POINT('',(2.003143134849,1.507766794671E+03));
#4022 = CARTESIAN_POINT('',(1.985968596901,1.507803630411E+03));
#4023 = CARTESIAN_POINT('',(1.946261038093,1.50790366237E+03));
#4024 = CARTESIAN_POINT('',(1.923846558907,1.507971558111E+03));
#4025 = CARTESIAN_POINT('',(1.901755742263,1.508049650726E+03));
#4026 = CARTESIAN_POINT('',(1.880026171828,1.508137325486E+03));
#4027 = CARTESIAN_POINT('',(1.858685879462,1.508233938884E+03));
#4028 = CARTESIAN_POINT('',(1.837755182959,1.508338853625E+03));
#4029 = CARTESIAN_POINT('',(1.81724779197,1.508451464424E+03));
#4030 = CARTESIAN_POINT('',(1.780925786743,1.508668112872E+03));
#4031 = CARTESIAN_POINT('',(1.764962441017,1.508769686031E+03));
#4032 = CARTESIAN_POINT('',(1.749284106871,1.508875645443E+03));
#4033 = CARTESIAN_POINT('',(1.733892545833,1.508985718866E+03));
#4034 = CARTESIAN_POINT('',(1.718788428581,1.509099652825E+03));
#4035 = CARTESIAN_POINT('',(1.703971444519,1.50921721499E+03));
#4036 = CARTESIAN_POINT('',(1.689440411347,1.509338196551E+03));
#4037 = CARTESIAN_POINT('',(1.63674981274,1.509797599311E+03));
#4038 = CARTESIAN_POINT('',(1.600410893368,1.510156027898E+03));
#4039 = CARTESIAN_POINT('',(1.566089524405,1.510534390062E+03));
#4040 = CARTESIAN_POINT('',(1.533764747661,1.510930072287E+03));
#4041 = CARTESIAN_POINT('',(1.50344316203,1.511340950416E+03));
#4042 = CARTESIAN_POINT('',(1.475157616376,1.511765408843E+03));
#4043 = CARTESIAN_POINT('',(1.448961625936,1.51220233244E+03));
#4044 = CARTESIAN_POINT('',(1.414067718027,1.512854228458E+03));
#4045 = CARTESIAN_POINT('',(1.403647653553,1.513059636723E+03));
#4046 = CARTESIAN_POINT('',(1.393684798658,1.513267316971E+03));
#4047 = CARTESIAN_POINT('',(1.384189991041,1.513477175767E+03));
#4048 = CARTESIAN_POINT('',(1.375175523252,1.513689118106E+03));
#4049 = CARTESIAN_POINT('',(1.366654779888,1.51390304621E+03));
#4050 = CARTESIAN_POINT('',(1.358641874793,1.514118858328E+03));
#4051 = CARTESIAN_POINT('',(1.35115128825,1.514336447539E+03));
#4052 = ( GEOMETRIC_REPRESENTATION_CONTEXT(2) 
PARAMETRIC_REPRESENTATION_CONTEXT() REPRESENTATION_CONTEXT('2D SPACE',''
  ) );
#4053 = ORIENTED_EDGE('',*,*,#4054,.T.);
#4054 = EDGE_CURVE('',#3799,#4055,#4057,.T.);
#4055 = VERTEX_POINT('',#4056);
#4056 = CARTESIAN_POINT('',(188.70276794659,97.879406788218,
    1.430151430005E+03));
#4057 = SURFACE_CURVE('',#4058,(#4066,#4077),.PCURVE_S1.);
#4058 = B_SPLINE_CURVE_WITH_KNOTS('',6,(#4059,#4060,#4061,#4062,#4063,
    #4064,#4065),.UNSPECIFIED.,.F.,.F.,(7,7),(0.,1.),
  .PIECEWISE_BEZIER_KNOTS.);
#4059 = CARTESIAN_POINT('',(175.75533869851,119.65215197289,
    1.430038027727E+03));
#4060 = CARTESIAN_POINT('',(178.46198061771,115.6035692592,
    1.430149102156E+03));
#4061 = CARTESIAN_POINT('',(181.07187720883,111.48903627164,
    1.43021961432E+03));
#4062 = CARTESIAN_POINT('',(183.58077512621,107.31074619643,
    1.430248665522E+03));
#4063 = CARTESIAN_POINT('',(185.98580581223,103.07172825442,
    1.430235918911E+03));
#4064 = CARTESIAN_POINT('',(188.28543868037,98.775818921659,
    1.430181580394E+03));
#4065 = CARTESIAN_POINT('',(190.47953667976,94.427693695835,
    1.430086420877E+03));
#4066 = PCURVE('',#2465,#4067);
#4067 = DEFINITIONAL_REPRESENTATION('',(#4068),#4076);
#4068 = B_SPLINE_CURVE_WITH_KNOTS('',6,(#4069,#4070,#4071,#4072,#4073,
    #4074,#4075),.UNSPECIFIED.,.F.,.F.,(7,7),(0.,1.),
  .PIECEWISE_BEZIER_KNOTS.);
#4069 = CARTESIAN_POINT('',(0.597715403775,3.495107280348));
#4070 = CARTESIAN_POINT('',(0.574811312484,3.483267698531));
#4071 = CARTESIAN_POINT('',(0.551896285207,3.47581377644));
#4072 = CARTESIAN_POINT('',(0.528976593817,3.472752116431));
#4073 = CARTESIAN_POINT('',(0.50605618959,3.474093358411));
#4074 = CARTESIAN_POINT('',(0.483138983415,3.479829792421));
#4075 = CARTESIAN_POINT('',(0.460231142491,3.489953862705));
#4076 = ( GEOMETRIC_REPRESENTATION_CONTEXT(2) 
PARAMETRIC_REPRESENTATION_CONTEXT() REPRESENTATION_CONTEXT('2D SPACE',''
  ) );
#4077 = PCURVE('',#4078,#4083);
#4078 = PLANE('',#4079);
#4079 = AXIS2_PLACEMENT_3D('',#4080,#4081,#4082);
#4080 = CARTESIAN_POINT('',(192.25763964014,111.,1.4335E+03));
#4081 = DIRECTION('',(-0.2841973077,-0.164081392104,0.94462118707));
#4082 = DIRECTION('',(0.957599723992,6.938893903907E-18,0.288102010772)
  );
#4083 = DEFINITIONAL_REPRESENTATION('',(#4084),#4092);
#4084 = B_SPLINE_CURVE_WITH_KNOTS('',6,(#4085,#4086,#4087,#4088,#4089,
    #4090,#4091),.UNSPECIFIED.,.F.,.F.,(7,7),(0.,1.),
  .PIECEWISE_BEZIER_KNOTS.);
#4085 = CARTESIAN_POINT('',(-16.8,8.771027428342));
#4086 = CARTESIAN_POINT('',(-14.176119679,4.666819580524));
#4087 = CARTESIAN_POINT('',(-11.65656872744,0.495755341041));
#4088 = CARTESIAN_POINT('',(-9.245679064421,-3.739941970803));
#4089 = CARTESIAN_POINT('',(-6.946294667664,-8.037201514441));
#4090 = CARTESIAN_POINT('',(-4.759821903689,-12.39213410293));
#4091 = CARTESIAN_POINT('',(-2.686169913225,-16.8));
#4092 = ( GEOMETRIC_REPRESENTATION_CONTEXT(2) 
PARAMETRIC_REPRESENTATION_CONTEXT() REPRESENTATION_CONTEXT('2D SPACE',''
  ) );
#4093 = ORIENTED_EDGE('',*,*,#4094,.T.);
#4094 = EDGE_CURVE('',#4055,#4095,#4097,.T.);
#4095 = VERTEX_POINT('',#4096);
#4096 = CARTESIAN_POINT('',(205.97819877882,106.75664676184,1.4335E+03)
  );
#4097 = SURFACE_CURVE('',#4098,(#4178,#4261),.PCURVE_S1.);
#4098 = B_SPLINE_CURVE_WITH_KNOTS('',8,(#4099,#4100,#4101,#4102,#4103,
    #4104,#4105,#4106,#4107,#4108,#4109,#4110,#4111,#4112,#4113,#4114,
    #4115,#4116,#4117,#4118,#4119,#4120,#4121,#4122,#4123,#4124,#4125,
    #4126,#4127,#4128,#4129,#4130,#4131,#4132,#4133,#4134,#4135,#4136,
    #4137,#4138,#4139,#4140,#4141,#4142,#4143,#4144,#4145,#4146,#4147,
    #4148,#4149,#4150,#4151,#4152,#4153,#4154,#4155,#4156,#4157,#4158,
    #4159,#4160,#4161,#4162,#4163,#4164,#4165,#4166,#4167,#4168,#4169,
    #4170,#4171,#4172,#4173,#4174,#4175,#4176,#4177),.UNSPECIFIED.,.F.,
  .F.,(9,7,7,7,7,7,7,7,7,7,7,9),(0.,0.199437456921,0.287706262464,
    0.365875905918,0.427626150823,0.479270595494,0.561459773978,
    0.618865530556,0.695393971066,0.75731850807,0.924413049339,1.),
  .UNSPECIFIED.);
#4099 = CARTESIAN_POINT('',(188.70276724153,97.879406402079,
    1.430151432266E+03));
#4100 = CARTESIAN_POINT('',(188.88107742976,97.977060092466,
    1.429579503296E+03));
#4101 = CARTESIAN_POINT('',(189.11371698294,98.056528932553,
    1.429021163724E+03));
#4102 = CARTESIAN_POINT('',(189.39973810198,98.117312028945,
    1.428479830742E+03));
#4103 = CARTESIAN_POINT('',(189.73689821263,98.1608961284,
    1.427958273389E+03));
#4104 = CARTESIAN_POINT('',(190.12204501574,98.190638038605,
    1.427458800422E+03));
#4105 = CARTESIAN_POINT('',(190.55186068552,98.21076277484,
    1.426983504388E+03));
#4106 = CARTESIAN_POINT('',(191.02326233384,98.225823444763,
    1.426534376316E+03));
#4107 = CARTESIAN_POINT('',(191.75991286869,98.247180487881,
    1.425927301906E+03));
#4108 = CARTESIAN_POINT('',(191.99363084454,98.253683456296,
    1.425746574328E+03));
#4109 = CARTESIAN_POINT('',(192.23487697329,98.26055416337,
    1.425571544768E+03));
#4110 = CARTESIAN_POINT('',(192.48347610029,98.268219475519,
    1.425402414549E+03));
#4111 = CARTESIAN_POINT('',(192.73926206331,98.277114933811,
    1.425239412195E+03));
#4112 = CARTESIAN_POINT('',(193.00207937392,98.287685848076,
    1.425082795055E+03));
#4113 = CARTESIAN_POINT('',(193.2717865297,98.300390526906,
    1.424932852648E+03));
#4114 = CARTESIAN_POINT('',(193.79310291826,98.329268500801,
    1.424663325137E+03));
#4115 = CARTESIAN_POINT('',(194.04322893445,98.344877381364,
    1.424542241657E+03));
#4116 = CARTESIAN_POINT('',(194.29855658579,98.362862914284,
    1.424426884127E+03));
#4117 = CARTESIAN_POINT('',(194.55898733352,98.383565870957,
    1.424317514027E+03));
#4118 = CARTESIAN_POINT('',(194.82440412908,98.407338106398,
    1.424214428933E+03));
#4119 = CARTESIAN_POINT('',(195.09467009932,98.434543847954,
    1.424117961369E+03));
#4120 = CARTESIAN_POINT('',(195.36962830819,98.465561331482,
    1.424028479016E+03));
#4121 = CARTESIAN_POINT('',(195.86987379025,98.528609612945,
    1.423881536985E+03));
#4122 = CARTESIAN_POINT('',(196.09344601947,98.559057086175,
    1.423821304094E+03));
#4123 = CARTESIAN_POINT('',(196.3197297048,98.592320118731,
    1.423765886133E+03));
#4124 = CARTESIAN_POINT('',(196.54860815988,98.62859613492,
    1.423715501755E+03));
#4125 = CARTESIAN_POINT('',(196.77993612447,98.66808484986,
    1.423670386396E+03));
#4126 = CARTESIAN_POINT('',(197.01353829945,98.710986050027,
    1.423630788936E+03));
#4127 = CARTESIAN_POINT('',(197.24920788178,98.757497373808,
    1.423596968346E+03));
#4128 = CARTESIAN_POINT('',(197.68533446417,98.849892503006,
    1.423545958384E+03));
#4129 = CARTESIAN_POINT('',(197.88523480322,98.894631771433,
    1.423526954022E+03));
#4130 = CARTESIAN_POINT('',(198.08626014539,98.942140549274,
    1.423512332058E+03));
#4131 = CARTESIAN_POINT('',(198.28823891711,98.992525404122,
    1.423502251618E+03));
#4132 = CARTESIAN_POINT('',(198.49097351235,99.045885305947,
    1.423496871574E+03));
#4133 = CARTESIAN_POINT('',(198.69423986261,99.102308113815,
    1.423496345947E+03));
#4134 = CARTESIAN_POINT('',(198.89778700685,99.16186706262,
    1.423500819316E+03));
#4135 = CARTESIAN_POINT('',(199.42527428919,99.324480582007,
    1.423525704708E+03));
#4136 = CARTESIAN_POINT('',(199.74935176393,99.432466919949,
    1.423553984266E+03));
#4137 = CARTESIAN_POINT('',(200.07227326375,99.548754063667,
    1.423595795894E+03));
#4138 = CARTESIAN_POINT('',(200.39266230524,99.673401905364,
    1.42365154091E+03));
#4139 = CARTESIAN_POINT('',(200.70907544321,99.806323439802,
    1.423721456436E+03));
#4140 = CARTESIAN_POINT('',(201.02002067707,99.947249090418,
    1.423805570126E+03));
#4141 = CARTESIAN_POINT('',(201.32398056381,100.09568435114,
    1.423903640152E+03));
#4142 = CARTESIAN_POINT('',(201.82580631288,100.35924506411,
    1.424092916877E+03));
#4143 = CARTESIAN_POINT('',(202.02808363621,100.4709484006,
    1.424177297668E+03));
#4144 = CARTESIAN_POINT('',(202.22577275808,100.58572307916,
    1.424268036973E+03));
#4145 = CARTESIAN_POINT('',(202.41845123379,100.70329920772,
    1.424364899773E+03));
#4146 = CARTESIAN_POINT('',(202.60576608587,100.82338817849,
    1.424467610408E+03));
#4147 = CARTESIAN_POINT('',(202.78742737701,100.94568608355,
    1.424575859675E+03));
#4148 = CARTESIAN_POINT('',(202.96320269339,101.06987704364,
    1.424689310483E+03));
#4149 = CARTESIAN_POINT('',(203.35915517627,101.36328812608,
    1.424965298246E+03));
#4150 = CARTESIAN_POINT('',(203.57464060923,101.53374396082,
    1.425131613329E+03));
#4151 = CARTESIAN_POINT('',(203.7790032848,101.70628208173,
    1.425305738402E+03));
#4152 = CARTESIAN_POINT('',(203.97210766436,101.88021850629,
    1.425486863109E+03));
#4153 = CARTESIAN_POINT('',(204.15398956021,102.05491891742,
    1.42567420681E+03));
#4154 = CARTESIAN_POINT('',(204.32480940807,102.22980764999,
    1.425867043125E+03));
#4155 = CARTESIAN_POINT('',(204.48481747497,102.40437388906,
    1.426064717849E+03));
#4156 = CARTESIAN_POINT('',(204.75531290053,102.71880983147,
    1.426430066002E+03));
#4157 = CARTESIAN_POINT('',(204.8694232958,102.85894395222,
    1.426596266411E+03));
#4158 = CARTESIAN_POINT('',(204.97683781868,102.99835145758,
    1.426764969496E+03));
#4159 = CARTESIAN_POINT('',(205.07774695316,103.13682506213,
    1.426935908356E+03));
#4160 = CARTESIAN_POINT('',(205.17235186322,103.27417583066,
    1.427108842362E+03));
#4161 = CARTESIAN_POINT('',(205.26086021899,103.41023282957,
    1.427283558348E+03));
#4162 = CARTESIAN_POINT('',(205.34348202303,103.54484277827,
    1.427459871822E+03));
#4163 = CARTESIAN_POINT('',(205.6280462765,104.03682389958,
    1.428117278315E+03));
#4164 = CARTESIAN_POINT('',(205.79412448654,104.38390750152,
    1.428606974645E+03));
#4165 = CARTESIAN_POINT('',(205.92312142058,104.71687172976,
    1.429104164404E+03));
#4166 = CARTESIAN_POINT('',(206.01865173353,105.03341816592,
    1.429606769119E+03));
#4167 = CARTESIAN_POINT('',(206.08400522047,105.33130887863,
    1.430113141137E+03));
#4168 = CARTESIAN_POINT('',(206.12212060207,105.60833128053,
    1.430622069948E+03));
#4169 = CARTESIAN_POINT('',(206.13563639271,105.86225846246,
    1.431132782051E+03));
#4170 = CARTESIAN_POINT('',(206.12280794377,106.19404739988,
    1.43187666818E+03));
#4171 = CARTESIAN_POINT('',(206.11424089615,106.29213559406,
    1.432108579113E+03));
#4172 = CARTESIAN_POINT('',(206.10131689547,106.38473745044,
    1.432340631417E+03));
#4173 = CARTESIAN_POINT('',(206.08424071608,106.47160700697,
    1.432572745065E+03));
#4174 = CARTESIAN_POINT('',(206.06320794314,106.55249018871,
    1.432804834192E+03));
#4175 = CARTESIAN_POINT('',(206.0384054822,106.62712898498,
    1.433036806702E+03));
#4176 = CARTESIAN_POINT('',(206.01001206895,106.69526562636,
    1.433268563881E+03));
#4177 = CARTESIAN_POINT('',(205.97819877882,106.75664676184,1.4335E+03)
  );
#4178 = PCURVE('',#2465,#4179);
#4179 = DEFINITIONAL_REPRESENTATION('',(#4180),#4260);
#4180 = B_SPLINE_CURVE_WITH_KNOTS('',8,(#4181,#4182,#4183,#4184,#4185,
    #4186,#4187,#4188,#4189,#4190,#4191,#4192,#4193,#4194,#4195,#4196,
    #4197,#4198,#4199,#4200,#4201,#4202,#4203,#4204,#4205,#4206,#4207,
    #4208,#4209,#4210,#4211,#4212,#4213,#4214,#4215,#4216,#4217,#4218,
    #4219,#4220,#4221,#4222,#4223,#4224,#4225,#4226,#4227,#4228,#4229,
    #4230,#4231,#4232,#4233,#4234,#4235,#4236,#4237,#4238,#4239,#4240,
    #4241,#4242,#4243,#4244,#4245,#4246,#4247,#4248,#4249,#4250,#4251,
    #4252,#4253,#4254,#4255,#4256,#4257,#4258,#4259),.UNSPECIFIED.,.F.,
  .F.,(9,7,7,7,7,7,7,7,7,7,7,9),(0.,0.199437456921,0.287706262464,
    0.365875905918,0.427626150823,0.479270595494,0.561459773978,
    0.618865530556,0.695393971066,0.75731850807,0.924413049339,1.),
  .UNSPECIFIED.);
#4181 = CARTESIAN_POINT('',(0.478492445511,3.483045877752));
#4182 = CARTESIAN_POINT('',(0.478514013234,3.543742870484));
#4183 = CARTESIAN_POINT('',(0.478341919544,3.604493945779));
#4184 = CARTESIAN_POINT('',(0.477976850187,3.665281781443));
#4185 = CARTESIAN_POINT('',(0.477430998469,3.726146631775));
#4186 = CARTESIAN_POINT('',(0.476726600976,3.787171094729));
#4187 = CARTESIAN_POINT('',(0.47588985022,3.848475995936));
#4188 = CARTESIAN_POINT('',(0.474947656687,3.910222349038));
#4189 = CARTESIAN_POINT('',(0.473474121259,4.000280042306));
#4190 = CARTESIAN_POINT('',(0.47300646217,4.02804646727));
#4191 = CARTESIAN_POINT('',(0.472525458785,4.055972265376));
#4192 = CARTESIAN_POINT('',(0.472033356174,4.084080637095));
#4193 = CARTESIAN_POINT('',(0.471532406838,4.112395536531));
#4194 = CARTESIAN_POINT('',(0.471024869914,4.140942281846));
#4195 = CARTESIAN_POINT('',(0.47051301577,4.169748410362));
#4196 = CARTESIAN_POINT('',(0.469544051126,4.224612122783));
#4197 = CARTESIAN_POINT('',(0.469087421046,4.250604647122));
#4198 = CARTESIAN_POINT('',(0.468630829523,4.276844173297));
#4199 = CARTESIAN_POINT('',(0.468175926639,4.30335163549));
#4200 = CARTESIAN_POINT('',(0.467724435533,4.330147468695));
#4201 = CARTESIAN_POINT('',(0.467278158057,4.357252103527));
#4202 = CARTESIAN_POINT('',(0.466838979363,4.384686567304));
#4203 = CARTESIAN_POINT('',(0.466069106885,4.434423283122));
#4204 = CARTESIAN_POINT('',(0.46573502974,4.456591447374));
#4205 = CARTESIAN_POINT('',(0.465407611754,4.47898839479));
#4206 = CARTESIAN_POINT('',(0.465087891662,4.501623481501));
#4207 = CARTESIAN_POINT('',(0.464776967765,4.524504723208));
#4208 = CARTESIAN_POINT('',(0.464475990531,4.547638809255));
#4209 = CARTESIAN_POINT('',(0.464186155207,4.571031116704));
#4210 = CARTESIAN_POINT('',(0.463676641781,4.614469112801));
#4211 = CARTESIAN_POINT('',(0.463453253616,4.634435246886));
#4212 = CARTESIAN_POINT('',(0.463239253041,4.654585836415));
#4213 = CARTESIAN_POINT('',(0.463035392409,4.674921074427));
#4214 = CARTESIAN_POINT('',(0.462842439749,4.695439447677));
#4215 = CARTESIAN_POINT('',(0.462661165193,4.716137547069));
#4216 = CARTESIAN_POINT('',(0.462492327413,4.737009878088));
#4217 = CARTESIAN_POINT('',(0.462088924331,4.791530706621));
#4218 = CARTESIAN_POINT('',(0.461874441019,4.825448043555));
#4219 = CARTESIAN_POINT('',(0.461696340432,4.85975177822));
#4220 = CARTESIAN_POINT('',(0.46155739612,4.894385896758));
#4221 = CARTESIAN_POINT('',(0.461459887607,4.92928610785));
#4222 = CARTESIAN_POINT('',(0.461405434216,4.964376973691));
#4223 = CARTESIAN_POINT('',(0.461394799974,4.999567339365));
#4224 = CARTESIAN_POINT('',(0.46145062768,5.05931355181));
#4225 = CARTESIAN_POINT('',(0.461494815195,5.08388326692));
#4226 = CARTESIAN_POINT('',(0.461560147387,5.108417107468));
#4227 = CARTESIAN_POINT('',(0.461646302547,5.132883038949));
#4228 = CARTESIAN_POINT('',(0.461752754224,5.157252179946));
#4229 = CARTESIAN_POINT('',(0.461878800259,5.181498052628));
#4230 = CARTESIAN_POINT('',(0.462023588637,5.205595994619));
#4231 = CARTESIAN_POINT('',(0.462402839955,5.261419810615));
#4232 = CARTESIAN_POINT('',(0.462651130524,5.293015779346));
#4233 = CARTESIAN_POINT('',(0.462928760196,5.324264293371));
#4234 = CARTESIAN_POINT('',(0.46323321052,5.355134232821));
#4235 = CARTESIAN_POINT('',(0.463561856993,5.385605999678));
#4236 = CARTESIAN_POINT('',(0.463912092983,5.415669079213));
#4237 = CARTESIAN_POINT('',(0.464281416869,5.445320866238));
#4238 = CARTESIAN_POINT('',(0.464979875147,5.498231660054));
#4239 = CARTESIAN_POINT('',(0.465303231001,5.521630803857));
#4240 = CARTESIAN_POINT('',(0.465636325565,5.544768519805));
#4241 = CARTESIAN_POINT('',(0.465977986942,5.567650442651));
#4242 = CARTESIAN_POINT('',(0.46632710105,5.590283518243));
#4243 = CARTESIAN_POINT('',(0.466682616927,5.612676012124));
#4244 = CARTESIAN_POINT('',(0.467043552037,5.634837518136));
#4245 = CARTESIAN_POINT('',(0.468395100306,5.715984841027));
#4246 = CARTESIAN_POINT('',(0.469413095061,5.773531882714));
#4247 = CARTESIAN_POINT('',(0.470446053213,5.829705305798));
#4248 = CARTESIAN_POINT('',(0.4714786583,5.884707839708));
#4249 = CARTESIAN_POINT('',(0.472496523622,5.938721719515));
#4250 = CARTESIAN_POINT('',(0.473486048345,5.991918670863));
#4251 = CARTESIAN_POINT('',(0.474434127395,6.044478122861));
#4252 = CARTESIAN_POINT('',(0.475731988085,6.120180646985));
#4253 = CARTESIAN_POINT('',(0.476124930925,6.143661427492));
#4254 = CARTESIAN_POINT('',(0.476505311332,6.16705833632));
#4255 = CARTESIAN_POINT('',(0.476871832342,6.190384020367));
#4256 = CARTESIAN_POINT('',(0.477223180522,6.213649835));
#4257 = CARTESIAN_POINT('',(0.477558040222,6.236865989962));
#4258 = CARTESIAN_POINT('',(0.477875107834,6.260041695282));
#4259 = CARTESIAN_POINT('',(0.478173106049,6.28318530718));
#4260 = ( GEOMETRIC_REPRESENTATION_CONTEXT(2) 
PARAMETRIC_REPRESENTATION_CONTEXT() REPRESENTATION_CONTEXT('2D SPACE',''
  ) );
#4261 = PCURVE('',#3966,#4262);
#4262 = DEFINITIONAL_REPRESENTATION('',(#4263),#4343);
#4263 = B_SPLINE_CURVE_WITH_KNOTS('',8,(#4264,#4265,#4266,#4267,#4268,
    #4269,#4270,#4271,#4272,#4273,#4274,#4275,#4276,#4277,#4278,#4279,
    #4280,#4281,#4282,#4283,#4284,#4285,#4286,#4287,#4288,#4289,#4290,
    #4291,#4292,#4293,#4294,#4295,#4296,#4297,#4298,#4299,#4300,#4301,
    #4302,#4303,#4304,#4305,#4306,#4307,#4308,#4309,#4310,#4311,#4312,
    #4313,#4314,#4315,#4316,#4317,#4318,#4319,#4320,#4321,#4322,#4323,
    #4324,#4325,#4326,#4327,#4328,#4329,#4330,#4331,#4332,#4333,#4334,
    #4335,#4336,#4337,#4338,#4339,#4340,#4341,#4342),.UNSPECIFIED.,.F.,
  .F.,(9,7,7,7,7,7,7,7,7,7,7,9),(0.,0.199437456921,0.287706262464,
    0.365875905918,0.427626150823,0.479270595494,0.561459773978,
    0.618865530556,0.695393971066,0.75731850807,0.924413049339,1.),
  .UNSPECIFIED.);
#4264 = CARTESIAN_POINT('',(4.395025888591,1.5175395406E+03));
#4265 = CARTESIAN_POINT('',(4.395475175307,1.516932585949E+03));
#4266 = CARTESIAN_POINT('',(4.400130209944,1.516326011667E+03));
#4267 = CARTESIAN_POINT('',(4.40899418642,1.515723397255E+03));
#4268 = CARTESIAN_POINT('',(4.421931063498,1.515127751793E+03));
#4269 = CARTESIAN_POINT('',(4.438695518224,1.514541601269E+03));
#4270 = CARTESIAN_POINT('',(4.459022458812,1.513967172013E+03));
#4271 = CARTESIAN_POINT('',(4.482674656987,1.513406473866E+03));
#4272 = CARTESIAN_POINT('',(4.521362323933,1.512620160124E+03));
#4273 = CARTESIAN_POINT('',(4.533853269404,1.51238195199E+03));
#4274 = CARTESIAN_POINT('',(4.546952987854,1.512146926503E+03));
#4275 = CARTESIAN_POINT('',(4.560650846817,1.511915253577E+03));
#4276 = CARTESIAN_POINT('',(4.574938490412,1.511687124839E+03));
#4277 = CARTESIAN_POINT('',(4.589810184919,1.511462754508E+03));
#4278 = CARTESIAN_POINT('',(4.605263326663,1.511242381084E+03));
#4279 = CARTESIAN_POINT('',(4.635500183928,1.510834884635E+03));
#4280 = CARTESIAN_POINT('',(4.650156854886,1.510646860347E+03));
#4281 = CARTESIAN_POINT('',(4.665270068087,1.510462376657E+03));
#4282 = CARTESIAN_POINT('',(4.680841532699,1.510281652656E+03));
#4283 = CARTESIAN_POINT('',(4.696873662727,1.510104944972E+03));
#4284 = CARTESIAN_POINT('',(4.713369651302,1.50993254685E+03));
#4285 = CARTESIAN_POINT('',(4.730333680583,1.50976478815E+03));
#4286 = CARTESIAN_POINT('',(4.761546118977,1.509473470125E+03));
#4287 = CARTESIAN_POINT('',(4.775615420492,1.509348038371E+03));
#4288 = CARTESIAN_POINT('',(4.789981673741,1.509225922332E+03));
#4289 = CARTESIAN_POINT('',(4.804646696675,1.50910732932E+03));
#4290 = CARTESIAN_POINT('',(4.819611510609,1.508992490249E+03));
#4291 = CARTESIAN_POINT('',(4.834876227576,1.508881657251E+03));
#4292 = CARTESIAN_POINT('',(4.850439937682,1.508775101302E+03));
#4293 = CARTESIAN_POINT('',(4.879565562711,1.508587809889E+03));
#4294 = CARTESIAN_POINT('',(4.893037750127,1.508505705947E+03));
#4295 = CARTESIAN_POINT('',(4.90671551131,1.508426967561E+03));
#4296 = CARTESIAN_POINT('',(4.920596038143,1.508351776324E+03));
#4297 = CARTESIAN_POINT('',(4.934675174166,1.508280322228E+03));
#4298 = CARTESIAN_POINT('',(4.948947226963,1.508212800027E+03));
#4299 = CARTESIAN_POINT('',(4.963404780539,1.5081494056E+03));
#4300 = CARTESIAN_POINT('',(5.001327247111,1.507996320551E+03));
#4301 = CARTESIAN_POINT('',(5.025071725315,1.507913213526E+03));
#4302 = CARTESIAN_POINT('',(5.049222332839,1.507841855698E+03));
#4303 = CARTESIAN_POINT('',(5.073722059626,1.507783007527E+03));
#4304 = CARTESIAN_POINT('',(5.098505691794,1.507737317502E+03));
#4305 = CARTESIAN_POINT('',(5.123498058594,1.507705280001E+03));
#4306 = CARTESIAN_POINT('',(5.148611329574,1.507687178979E+03));
#4307 = CARTESIAN_POINT('',(5.191293654693,1.507680110849E+03));
#4308 = CARTESIAN_POINT('',(5.208859045064,1.507684003621E+03));
#4309 = CARTESIAN_POINT('',(5.226403824258,1.507694702786E+03));
#4310 = CARTESIAN_POINT('',(5.243897073615,1.507712150681E+03));
#4311 = CARTESIAN_POINT('',(5.261310198008,1.50773623458E+03));
#4312 = CARTESIAN_POINT('',(5.278616540534,1.507766794671E+03));
#4313 = CARTESIAN_POINT('',(5.295791078483,1.507803630411E+03));
#4314 = CARTESIAN_POINT('',(5.33549863729,1.507903662371E+03));
#4315 = CARTESIAN_POINT('',(5.357913116476,1.507971558111E+03));
#4316 = CARTESIAN_POINT('',(5.380003933119,1.508049650727E+03));
#4317 = CARTESIAN_POINT('',(5.401733503554,1.508137325487E+03));
#4318 = CARTESIAN_POINT('',(5.423073795919,1.508233938884E+03));
#4319 = CARTESIAN_POINT('',(5.444004492421,1.508338853626E+03));
#4320 = CARTESIAN_POINT('',(5.464511883409,1.508451464425E+03));
#4321 = CARTESIAN_POINT('',(5.500833888635,1.508668112872E+03));
#4322 = CARTESIAN_POINT('',(5.516797234359,1.508769686031E+03));
#4323 = CARTESIAN_POINT('',(5.532475568505,1.508875645444E+03));
#4324 = CARTESIAN_POINT('',(5.547867129542,1.508985718867E+03));
#4325 = CARTESIAN_POINT('',(5.562971246793,1.509099652826E+03));
#4326 = CARTESIAN_POINT('',(5.577788230854,1.509217214991E+03));
#4327 = CARTESIAN_POINT('',(5.592319264025,1.509338196552E+03));
#4328 = CARTESIAN_POINT('',(5.645009862627,1.509797599312E+03));
#4329 = CARTESIAN_POINT('',(5.681348781997,1.510156027899E+03));
#4330 = CARTESIAN_POINT('',(5.715670150953,1.510534390064E+03));
#4331 = CARTESIAN_POINT('',(5.747994927696,1.510930072289E+03));
#4332 = CARTESIAN_POINT('',(5.778316513319,1.511340950418E+03));
#4333 = CARTESIAN_POINT('',(5.80660205897,1.511765408845E+03));
#4334 = CARTESIAN_POINT('',(5.832798049404,1.512202332442E+03));
#4335 = CARTESIAN_POINT('',(5.867691957294,1.512854228459E+03));
#4336 = CARTESIAN_POINT('',(5.878112021755,1.513059636724E+03));
#4337 = CARTESIAN_POINT('',(5.888074876638,1.513267316972E+03));
#4338 = CARTESIAN_POINT('',(5.897569684243,1.513477175768E+03));
#4339 = CARTESIAN_POINT('',(5.906584152021,1.513689118107E+03));
#4340 = CARTESIAN_POINT('',(5.915104895375,1.51390304621E+03));
#4341 = CARTESIAN_POINT('',(5.923117800462,1.514118858328E+03));
#4342 = CARTESIAN_POINT('',(5.930608386998,1.514336447539E+03));
#4343 = ( GEOMETRIC_REPRESENTATION_CONTEXT(2) 
PARAMETRIC_REPRESENTATION_CONTEXT() REPRESENTATION_CONTEXT('2D SPACE',''
  ) );
#4344 = ORIENTED_EDGE('',*,*,#4345,.F.);
#4345 = EDGE_CURVE('',#2645,#4095,#4346,.T.);
#4346 = SEAM_CURVE('',#4347,(#4352,#4359),.PCURVE_S1.);
#4347 = CIRCLE('',#4348,232.);
#4348 = AXIS2_PLACEMENT_3D('',#4349,#4350,#4351);
#4349 = CARTESIAN_POINT('',(0.,0.,1.4335E+03));
#4350 = DIRECTION('',(0.,0.,1.));
#4351 = DIRECTION('',(1.,0.,-0.));
#4352 = PCURVE('',#2465,#4353);
#4353 = DEFINITIONAL_REPRESENTATION('',(#4354),#4358);
#4354 = LINE('',#4355,#4356);
#4355 = CARTESIAN_POINT('',(0.,0.));
#4356 = VECTOR('',#4357,1.);
#4357 = DIRECTION('',(1.,0.));
#4358 = ( GEOMETRIC_REPRESENTATION_CONTEXT(2) 
PARAMETRIC_REPRESENTATION_CONTEXT() REPRESENTATION_CONTEXT('2D SPACE',''
  ) );
#4359 = PCURVE('',#2465,#4360);
#4360 = DEFINITIONAL_REPRESENTATION('',(#4361),#4365);
#4361 = LINE('',#4362,#4363);
#4362 = CARTESIAN_POINT('',(0.,6.28318530718));
#4363 = VECTOR('',#4364,1.);
#4364 = DIRECTION('',(1.,0.));
#4365 = ( GEOMETRIC_REPRESENTATION_CONTEXT(2) 
PARAMETRIC_REPRESENTATION_CONTEXT() REPRESENTATION_CONTEXT('2D SPACE',''
  ) );
#4366 = ORIENTED_EDGE('',*,*,#2668,.F.);
#4367 = ORIENTED_EDGE('',*,*,#4345,.T.);
#4368 = ORIENTED_EDGE('',*,*,#4369,.T.);
#4369 = EDGE_CURVE('',#4095,#4370,#4372,.T.);
#4370 = VERTEX_POINT('',#4371);
#4371 = CARTESIAN_POINT('',(205.27221087506,106.96418611731,
    1.436714520474E+03));
#4372 = SURFACE_CURVE('',#4373,(#4382,#4394),.PCURVE_S1.);
#4373 = B_SPLINE_CURVE_WITH_KNOTS('',7,(#4374,#4375,#4376,#4377,#4378,
    #4379,#4380,#4381),.UNSPECIFIED.,.F.,.F.,(8,8),(0.,1.),
  .PIECEWISE_BEZIER_KNOTS.);
#4374 = CARTESIAN_POINT('',(205.97819877882,106.75664676184,1.4335E+03)
  );
#4375 = CARTESIAN_POINT('',(205.91367022883,106.88114930945,
    1.43396943391E+03));
#4376 = CARTESIAN_POINT('',(205.83476515341,106.97730403621,
    1.434437609043E+03));
#4377 = CARTESIAN_POINT('',(205.74302108144,107.04278570454,
    1.434903408847E+03));
#4378 = CARTESIAN_POINT('',(205.63983643876,107.0754344731,
    1.435365545643E+03));
#4379 = CARTESIAN_POINT('',(205.52642993547,107.0735484435,
    1.435822564336E+03));
#4380 = CARTESIAN_POINT('',(205.40368513023,107.03635031771,
    1.436272824803E+03));
#4381 = CARTESIAN_POINT('',(205.27221019858,106.964185746,
    1.436714522746E+03));
#4382 = PCURVE('',#2465,#4383);
#4383 = DEFINITIONAL_REPRESENTATION('',(#4384),#4393);
#4384 = B_SPLINE_CURVE_WITH_KNOTS('',7,(#4385,#4386,#4387,#4388,#4389,
    #4390,#4391,#4392),.UNSPECIFIED.,.F.,.F.,(8,8),(0.,1.),
  .PIECEWISE_BEZIER_KNOTS.);
#4385 = CARTESIAN_POINT('',(0.478173106049,0.));
#4386 = CARTESIAN_POINT('',(0.478777551317,4.694339098698E-02));
#4387 = CARTESIAN_POINT('',(0.479302027747,9.376090701015E-02));
#4388 = CARTESIAN_POINT('',(0.479734868934,0.140509837717));
#4389 = CARTESIAN_POINT('',(0.480065201051,0.187226382323));
#4390 = CARTESIAN_POINT('',(0.480284101334,0.233929308124));
#4391 = CARTESIAN_POINT('',(0.48038665626,0.280617295962));
#4392 = CARTESIAN_POINT('',(0.480372652903,0.327262761999));
#4393 = ( GEOMETRIC_REPRESENTATION_CONTEXT(2) 
PARAMETRIC_REPRESENTATION_CONTEXT() REPRESENTATION_CONTEXT('2D SPACE',''
  ) );
#4394 = PCURVE('',#3966,#4395);
#4395 = DEFINITIONAL_REPRESENTATION('',(#4396),#4405);
#4396 = B_SPLINE_CURVE_WITH_KNOTS('',7,(#4397,#4398,#4399,#4400,#4401,
    #4402,#4403,#4404),.UNSPECIFIED.,.F.,.F.,(8,8),(0.,1.),
  .PIECEWISE_BEZIER_KNOTS.);
#4397 = CARTESIAN_POINT('',(5.930608386998,1.514336447539E+03));
#4398 = CARTESIAN_POINT('',(5.945801933019,1.514777795045E+03));
#4399 = CARTESIAN_POINT('',(5.958804732165,1.515226690603E+03));
#4400 = CARTESIAN_POINT('',(5.969480490661,1.515682024062E+03));
#4401 = CARTESIAN_POINT('',(5.977690619824,1.516142536014E+03));
#4402 = CARTESIAN_POINT('',(5.983316589393,1.516606784839E+03));
#4403 = CARTESIAN_POINT('',(5.986293379559,1.517073097679E+03));
#4404 = CARTESIAN_POINT('',(5.986624257158,1.5175395406E+03));
#4405 = ( GEOMETRIC_REPRESENTATION_CONTEXT(2) 
PARAMETRIC_REPRESENTATION_CONTEXT() REPRESENTATION_CONTEXT('2D SPACE',''
  ) );
#4406 = ORIENTED_EDGE('',*,*,#4407,.T.);
#4407 = EDGE_CURVE('',#4370,#4408,#4410,.T.);
#4408 = VERTEX_POINT('',#4409);
#4409 = CARTESIAN_POINT('',(195.26980791024,124.28885625014,
    1.436714520474E+03));
#4410 = SURFACE_CURVE('',#4411,(#4419,#4430),.PCURVE_S1.);
#4411 = B_SPLINE_CURVE_WITH_KNOTS('',6,(#4412,#4413,#4414,#4415,#4416,
    #4417,#4418),.UNSPECIFIED.,.F.,.F.,(7,7),(0.,1.),
  .PIECEWISE_BEZIER_KNOTS.);
#4412 = CARTESIAN_POINT('',(208.87956686485,99.851560208141,
    1.436564355834E+03));
#4413 = CARTESIAN_POINT('',(206.55075372611,104.62702399017,
    1.436693214177E+03));
#4414 = CARTESIAN_POINT('',(204.10132433044,109.34479199506,
    1.436775762296E+03));
#4415 = CARTESIAN_POINT('',(201.53562188555,114.00201679894,
    1.436812812282E+03));
#4416 = CARTESIAN_POINT('',(198.85675070027,118.59520183301,
    1.436804690737E+03));
#4417 = CARTESIAN_POINT('',(196.06662224393,123.12022550691,
    1.436751256818E+03));
#4418 = CARTESIAN_POINT('',(193.16589386109,127.57230630416,
    1.436651877741E+03));
#4419 = PCURVE('',#2465,#4420);
#4420 = DEFINITIONAL_REPRESENTATION('',(#4421),#4429);
#4421 = B_SPLINE_CURVE_WITH_KNOTS('',6,(#4422,#4423,#4424,#4425,#4426,
    #4427,#4428),.UNSPECIFIED.,.F.,.F.,(7,7),(0.,1.),
  .PIECEWISE_BEZIER_KNOTS.);
#4422 = CARTESIAN_POINT('',(0.445920994471,0.311446201692));
#4423 = CARTESIAN_POINT('',(0.468868929377,0.324983286227));
#4424 = CARTESIAN_POINT('',(0.491826587865,0.333726079789));
#4425 = CARTESIAN_POINT('',(0.514790923316,0.337670409616));
#4426 = CARTESIAN_POINT('',(0.537756493328,0.336800240092));
#4427 = CARTESIAN_POINT('',(0.560717788336,0.331126161641));
#4428 = CARTESIAN_POINT('',(0.58367159105,0.320654506646));
#4429 = ( GEOMETRIC_REPRESENTATION_CONTEXT(2) 
PARAMETRIC_REPRESENTATION_CONTEXT() REPRESENTATION_CONTEXT('2D SPACE',''
  ) );
#4430 = PCURVE('',#4431,#4436);
#4431 = PLANE('',#4432);
#4432 = AXIS2_PLACEMENT_3D('',#4433,#4434,#4435);
#4433 = CARTESIAN_POINT('',(192.25763964014,111.,1.4335E+03));
#4434 = DIRECTION('',(-0.2841973077,-0.164081392104,0.94462118707));
#4435 = DIRECTION('',(0.957599723992,6.938893903907E-18,0.288102010772)
  );
#4436 = DEFINITIONAL_REPRESENTATION('',(#4437),#4445);
#4437 = B_SPLINE_CURVE_WITH_KNOTS('',6,(#4438,#4439,#4440,#4441,#4442,
    #4443,#4444),.UNSPECIFIED.,.F.,.F.,(7,7),(0.,1.),
  .PIECEWISE_BEZIER_KNOTS.);
#4438 = CARTESIAN_POINT('',(16.8,-11.30161276684));
#4439 = CARTESIAN_POINT('',(14.607053528894,-6.46053693433));
#4440 = CARTESIAN_POINT('',(12.285262894749,-1.677949584844));
#4441 = CARTESIAN_POINT('',(9.839021117203,3.043262735829));
#4442 = CARTESIAN_POINT('',(7.271394975984,7.6995554181));
#4443 = CARTESIAN_POINT('',(4.58417431687,12.286750243389));
#4444 = CARTESIAN_POINT('',(1.777806306138,16.8));
#4445 = ( GEOMETRIC_REPRESENTATION_CONTEXT(2) 
PARAMETRIC_REPRESENTATION_CONTEXT() REPRESENTATION_CONTEXT('2D SPACE',''
  ) );
#4446 = ORIENTED_EDGE('',*,*,#4447,.F.);
#4447 = EDGE_CURVE('',#3775,#4408,#4448,.T.);
#4448 = SURFACE_CURVE('',#4449,(#4458,#4470),.PCURVE_S1.);
#4449 = B_SPLINE_CURVE_WITH_KNOTS('',7,(#4450,#4451,#4452,#4453,#4454,
    #4455,#4456,#4457),.UNSPECIFIED.,.F.,.F.,(8,8),(0.,1.),
  .PIECEWISE_BEZIER_KNOTS.);
#4450 = CARTESIAN_POINT('',(195.443067508,125.00402938729,1.4335E+03));
#4451 = CARTESIAN_POINT('',(195.51862560207,124.88589474993,
    1.43396943391E+03));
#4452 = CARTESIAN_POINT('',(195.56244550044,124.76948358675,
    1.434437609043E+03));
#4453 = CARTESIAN_POINT('',(195.5732822527,124.65729005562,
    1.434903408847E+03));
#4454 = CARTESIAN_POINT('',(195.54996459434,124.55160514949,
    1.435365545643E+03));
#4455 = CARTESIAN_POINT('',(195.49162799315,124.45433525149,
    1.435822564336E+03));
#4456 = CARTESIAN_POINT('',(195.39804106863,124.36663419486,
    1.436272824803E+03));
#4457 = CARTESIAN_POINT('',(195.26980725044,124.28885584995,
    1.436714522746E+03));
#4458 = PCURVE('',#2465,#4459);
#4459 = DEFINITIONAL_REPRESENTATION('',(#4460),#4469);
#4460 = B_SPLINE_CURVE_WITH_KNOTS('',7,(#4461,#4462,#4463,#4464,#4465,
    #4466,#4467,#4468),.UNSPECIFIED.,.F.,.F.,(8,8),(0.,1.),
  .PIECEWISE_BEZIER_KNOTS.);
#4461 = CARTESIAN_POINT('',(0.569024445148,0.));
#4462 = CARTESIAN_POINT('',(0.56841999988,4.6943390987E-02));
#4463 = CARTESIAN_POINT('',(0.56789552345,9.376090701007E-02));
#4464 = CARTESIAN_POINT('',(0.567462682262,0.140509837717));
#4465 = CARTESIAN_POINT('',(0.567132350146,0.187226382323));
#4466 = CARTESIAN_POINT('',(0.566913449863,0.233929308124));
#4467 = CARTESIAN_POINT('',(0.566810894936,0.280617295962));
#4468 = CARTESIAN_POINT('',(0.566824898294,0.327262761999));
#4469 = ( GEOMETRIC_REPRESENTATION_CONTEXT(2) 
PARAMETRIC_REPRESENTATION_CONTEXT() REPRESENTATION_CONTEXT('2D SPACE',''
  ) );
#4470 = PCURVE('',#3966,#4471);
#4471 = DEFINITIONAL_REPRESENTATION('',(#4472),#4481);
#4472 = B_SPLINE_CURVE_WITH_KNOTS('',7,(#4473,#4474,#4475,#4476,#4477,
    #4478,#4479,#4480),.UNSPECIFIED.,.F.,.F.,(8,8),(0.,1.),
  .PIECEWISE_BEZIER_KNOTS.);
#4473 = CARTESIAN_POINT('',(1.35115128825,1.514336447539E+03));
#4474 = CARTESIAN_POINT('',(1.335957742229,1.514777795045E+03));
#4475 = CARTESIAN_POINT('',(1.322954943083,1.515226690603E+03));
#4476 = CARTESIAN_POINT('',(1.312279184587,1.515682024062E+03));
#4477 = CARTESIAN_POINT('',(1.304069055423,1.516142536014E+03));
#4478 = CARTESIAN_POINT('',(1.298443085855,1.516606784839E+03));
#4479 = CARTESIAN_POINT('',(1.295466295689,1.517073097679E+03));
#4480 = CARTESIAN_POINT('',(1.29513541809,1.5175395406E+03));
#4481 = ( GEOMETRIC_REPRESENTATION_CONTEXT(2) 
PARAMETRIC_REPRESENTATION_CONTEXT() REPRESENTATION_CONTEXT('2D SPACE',''
  ) );
#4482 = ORIENTED_EDGE('',*,*,#3774,.T.);
#4483 = ORIENTED_EDGE('',*,*,#4484,.T.);
#4484 = EDGE_CURVE('',#3524,#4485,#4487,.T.);
#4485 = VERTEX_POINT('',#4486);
#4486 = CARTESIAN_POINT('',(-195.2698079102,124.28885625014,
    1.436714520474E+03));
#4487 = SURFACE_CURVE('',#4488,(#4497,#4509),.PCURVE_S1.);
#4488 = B_SPLINE_CURVE_WITH_KNOTS('',7,(#4489,#4490,#4491,#4492,#4493,
    #4494,#4495,#4496),.UNSPECIFIED.,.F.,.F.,(8,8),(0.,1.),
  .PIECEWISE_BEZIER_KNOTS.);
#4489 = CARTESIAN_POINT('',(-195.443067508,125.00402938729,1.4335E+03));
#4490 = CARTESIAN_POINT('',(-195.518625602,124.88589474993,
    1.43396943391E+03));
#4491 = CARTESIAN_POINT('',(-195.5624455004,124.76948358675,
    1.434437609043E+03));
#4492 = CARTESIAN_POINT('',(-195.5732822527,124.65729005562,
    1.434903408847E+03));
#4493 = CARTESIAN_POINT('',(-195.5499645943,124.55160514949,
    1.435365545643E+03));
#4494 = CARTESIAN_POINT('',(-195.4916279931,124.45433525149,
    1.435822564336E+03));
#4495 = CARTESIAN_POINT('',(-195.3980410686,124.36663419486,
    1.436272824803E+03));
#4496 = CARTESIAN_POINT('',(-195.2698072504,124.28885584995,
    1.436714522746E+03));
#4497 = PCURVE('',#2465,#4498);
#4498 = DEFINITIONAL_REPRESENTATION('',(#4499),#4508);
#4499 = B_SPLINE_CURVE_WITH_KNOTS('',7,(#4500,#4501,#4502,#4503,#4504,
    #4505,#4506,#4507),.UNSPECIFIED.,.F.,.F.,(8,8),(0.,1.),
  .PIECEWISE_BEZIER_KNOTS.);
#4500 = CARTESIAN_POINT('',(2.572568208442,0.));
#4501 = CARTESIAN_POINT('',(2.57317265371,4.694339098699E-02));
#4502 = CARTESIAN_POINT('',(2.57369713014,9.376090701012E-02));
#4503 = CARTESIAN_POINT('',(2.574129971327,0.140509837717));
#4504 = CARTESIAN_POINT('',(2.574460303444,0.187226382323));
#4505 = CARTESIAN_POINT('',(2.574679203727,0.233929308124));
#4506 = CARTESIAN_POINT('',(2.574781758653,0.280617295962));
#4507 = CARTESIAN_POINT('',(2.574767755296,0.327262761999));
#4508 = ( GEOMETRIC_REPRESENTATION_CONTEXT(2) 
PARAMETRIC_REPRESENTATION_CONTEXT() REPRESENTATION_CONTEXT('2D SPACE',''
  ) );
#4509 = PCURVE('',#2482,#4510);
#4510 = DEFINITIONAL_REPRESENTATION('',(#4511),#4520);
#4511 = B_SPLINE_CURVE_WITH_KNOTS('',7,(#4512,#4513,#4514,#4515,#4516,
    #4517,#4518,#4519),.UNSPECIFIED.,.F.,.F.,(8,8),(0.,1.),
  .PIECEWISE_BEZIER_KNOTS.);
#4512 = CARTESIAN_POINT('',(1.79044136534,1.514336447539E+03));
#4513 = CARTESIAN_POINT('',(1.805634911361,1.514777795045E+03));
#4514 = CARTESIAN_POINT('',(1.818637710507,1.515226690603E+03));
#4515 = CARTESIAN_POINT('',(1.829313469003,1.515682024062E+03));
#4516 = CARTESIAN_POINT('',(1.837523598166,1.516142536014E+03));
#4517 = CARTESIAN_POINT('',(1.843149567735,1.516606784839E+03));
#4518 = CARTESIAN_POINT('',(1.846126357901,1.517073097679E+03));
#4519 = CARTESIAN_POINT('',(1.8464572355,1.5175395406E+03));
#4520 = ( GEOMETRIC_REPRESENTATION_CONTEXT(2) 
PARAMETRIC_REPRESENTATION_CONTEXT() REPRESENTATION_CONTEXT('2D SPACE',''
  ) );
#4521 = ORIENTED_EDGE('',*,*,#4522,.T.);
#4522 = EDGE_CURVE('',#4485,#2452,#4523,.T.);
#4523 = SURFACE_CURVE('',#4524,(#4532,#4543),.PCURVE_S1.);
#4524 = B_SPLINE_CURVE_WITH_KNOTS('',6,(#4525,#4526,#4527,#4528,#4529,
    #4530,#4531),.UNSPECIFIED.,.F.,.F.,(7,7),(0.,1.),
  .PIECEWISE_BEZIER_KNOTS.);
#4525 = CARTESIAN_POINT('',(-193.165893861,127.57230630416,
    1.436651877741E+03));
#4526 = CARTESIAN_POINT('',(-196.0666216192,123.12022646563,
    1.436751256797E+03));
#4527 = CARTESIAN_POINT('',(-198.8567510534,118.5952013953,
    1.436804690767E+03));
#4528 = CARTESIAN_POINT('',(-201.5356226125,114.00201551295,
    1.436812812278E+03));
#4529 = CARTESIAN_POINT('',(-204.1013245043,109.34479150791,
    1.436775762264E+03));
#4530 = CARTESIAN_POINT('',(-206.5507532236,104.62702502052,
    1.436693214205E+03));
#4531 = CARTESIAN_POINT('',(-208.8795668648,99.851560208141,
    1.436564355834E+03));
#4532 = PCURVE('',#2465,#4533);
#4533 = DEFINITIONAL_REPRESENTATION('',(#4534),#4542);
#4534 = B_SPLINE_CURVE_WITH_KNOTS('',6,(#4535,#4536,#4537,#4538,#4539,
    #4540,#4541),.UNSPECIFIED.,.F.,.F.,(7,7),(0.,1.),
  .PIECEWISE_BEZIER_KNOTS.);
#4535 = CARTESIAN_POINT('',(2.55792106254,0.320654506646));
#4536 = CARTESIAN_POINT('',(2.580874860311,0.331126159386));
#4537 = CARTESIAN_POINT('',(2.603836162676,0.336800243247));
#4538 = CARTESIAN_POINT('',(2.626801736636,0.337670409107));
#4539 = CARTESIAN_POINT('',(2.649766067943,0.333726076427));
#4540 = CARTESIAN_POINT('',(2.672723719261,0.324983289148));
#4541 = CARTESIAN_POINT('',(2.695671659119,0.311446201692));
#4542 = ( GEOMETRIC_REPRESENTATION_CONTEXT(2) 
PARAMETRIC_REPRESENTATION_CONTEXT() REPRESENTATION_CONTEXT('2D SPACE',''
  ) );
#4543 = PCURVE('',#4544,#4549);
#4544 = PLANE('',#4545);
#4545 = AXIS2_PLACEMENT_3D('',#4546,#4547,#4548);
#4546 = CARTESIAN_POINT('',(-192.2576396401,111.,1.4335E+03));
#4547 = DIRECTION('',(0.2841973077,-0.164081392104,0.94462118707));
#4548 = DIRECTION('',(0.957599723992,-6.938893903907E-18,-0.288102010772
    ));
#4549 = DEFINITIONAL_REPRESENTATION('',(#4550),#4558);
#4550 = B_SPLINE_CURVE_WITH_KNOTS('',6,(#4551,#4552,#4553,#4554,#4555,
    #4556,#4557),.UNSPECIFIED.,.F.,.F.,(7,7),(0.,1.),
  .PIECEWISE_BEZIER_KNOTS.);
#4551 = CARTESIAN_POINT('',(-1.777806306138,16.8));
#4552 = CARTESIAN_POINT('',(-4.584173712543,12.286751215279));
#4553 = CARTESIAN_POINT('',(-7.271395322859,7.699554974381));
#4554 = CARTESIAN_POINT('',(-9.839021812084,3.043261432173));
#4555 = CARTESIAN_POINT('',(-12.28526305201,-1.677950078685));
#4556 = CARTESIAN_POINT('',(-14.60705305574,-6.460535889823));
#4557 = CARTESIAN_POINT('',(-16.8,-11.30161276684));
#4558 = ( GEOMETRIC_REPRESENTATION_CONTEXT(2) 
PARAMETRIC_REPRESENTATION_CONTEXT() REPRESENTATION_CONTEXT('2D SPACE',''
  ) );
#4559 = ADVANCED_FACE('',(#4560),#2590,.T.);
#4560 = FACE_BOUND('',#4561,.T.);
#4561 = EDGE_LOOP('',(#4562,#4563));
#4562 = ORIENTED_EDGE('',*,*,#2566,.F.);
#4563 = ORIENTED_EDGE('',*,*,#4564,.T.);
#4564 = EDGE_CURVE('',#2524,#2567,#4565,.T.);
#4565 = SURFACE_CURVE('',#4566,(#4571,#4578),.PCURVE_S1.);
#4566 = CIRCLE('',#4567,14.);
#4567 = AXIS2_PLACEMENT_3D('',#4568,#4569,#4570);
#4568 = CARTESIAN_POINT('',(-4.078073841161E-14,-222.,1.4335E+03));
#4569 = DIRECTION('',(6.028252549177E-17,0.328162784207,0.94462118707));
#4570 = DIRECTION('',(9.244463733059E-33,0.94462118707,-0.328162784207)
  );
#4571 = PCURVE('',#2590,#4572);
#4572 = DEFINITIONAL_REPRESENTATION('',(#4573),#4577);
#4573 = CIRCLE('',#4574,14.);
#4574 = AXIS2_PLACEMENT_2D('',#4575,#4576);
#4575 = CARTESIAN_POINT('',(0.,0.));
#4576 = DIRECTION('',(1.,0.));
#4577 = ( GEOMETRIC_REPRESENTATION_CONTEXT(2) 
PARAMETRIC_REPRESENTATION_CONTEXT() REPRESENTATION_CONTEXT('2D SPACE',''
  ) );
#4578 = PCURVE('',#2549,#4579);
#4579 = DEFINITIONAL_REPRESENTATION('',(#4580),#4584);
#4580 = LINE('',#4581,#4582);
#4581 = CARTESIAN_POINT('',(0.,1.5175395382E+03));
#4582 = VECTOR('',#4583,1.);
#4583 = DIRECTION('',(1.,0.));
#4584 = ( GEOMETRIC_REPRESENTATION_CONTEXT(2) 
PARAMETRIC_REPRESENTATION_CONTEXT() REPRESENTATION_CONTEXT('2D SPACE',''
  ) );
#4585 = ADVANCED_FACE('',(#4586),#2966,.T.);
#4586 = FACE_BOUND('',#4587,.T.);
#4587 = EDGE_LOOP('',(#4588,#4612,#4634));
#4588 = ORIENTED_EDGE('',*,*,#4589,.T.);
#4589 = EDGE_CURVE('',#2692,#4590,#4592,.T.);
#4590 = VERTEX_POINT('',#4591);
#4591 = CARTESIAN_POINT('',(-3.735172737399E-14,-208.775303381,
    1.428905721021E+03));
#4592 = SURFACE_CURVE('',#4593,(#4598,#4605),.PCURVE_S1.);
#4593 = CIRCLE('',#4594,14.);
#4594 = AXIS2_PLACEMENT_3D('',#4595,#4596,#4597);
#4595 = CARTESIAN_POINT('',(-4.078073841161E-14,-222.,1.4335E+03));
#4596 = DIRECTION('',(6.028252549177E-17,0.328162784207,0.94462118707));
#4597 = DIRECTION('',(9.244463733059E-33,0.94462118707,-0.328162784207)
  );
#4598 = PCURVE('',#2966,#4599);
#4599 = DEFINITIONAL_REPRESENTATION('',(#4600),#4604);
#4600 = CIRCLE('',#4601,14.);
#4601 = AXIS2_PLACEMENT_2D('',#4602,#4603);
#4602 = CARTESIAN_POINT('',(0.,0.));
#4603 = DIRECTION('',(1.,0.));
#4604 = ( GEOMETRIC_REPRESENTATION_CONTEXT(2) 
PARAMETRIC_REPRESENTATION_CONTEXT() REPRESENTATION_CONTEXT('2D SPACE',''
  ) );
#4605 = PCURVE('',#2549,#4606);
#4606 = DEFINITIONAL_REPRESENTATION('',(#4607),#4611);
#4607 = LINE('',#4608,#4609);
#4608 = CARTESIAN_POINT('',(0.,1.5175395382E+03));
#4609 = VECTOR('',#4610,1.);
#4610 = DIRECTION('',(1.,0.));
#4611 = ( GEOMETRIC_REPRESENTATION_CONTEXT(2) 
PARAMETRIC_REPRESENTATION_CONTEXT() REPRESENTATION_CONTEXT('2D SPACE',''
  ) );
#4612 = ORIENTED_EDGE('',*,*,#4613,.T.);
#4613 = EDGE_CURVE('',#4590,#2943,#4614,.T.);
#4614 = SURFACE_CURVE('',#4615,(#4620,#4627),.PCURVE_S1.);
#4615 = CIRCLE('',#4616,14.);
#4616 = AXIS2_PLACEMENT_3D('',#4617,#4618,#4619);
#4617 = CARTESIAN_POINT('',(-4.078073841161E-14,-222.,1.4335E+03));
#4618 = DIRECTION('',(6.028252549177E-17,0.328162784207,0.94462118707));
#4619 = DIRECTION('',(9.244463733059E-33,0.94462118707,-0.328162784207)
  );
#4620 = PCURVE('',#2966,#4621);
#4621 = DEFINITIONAL_REPRESENTATION('',(#4622),#4626);
#4622 = CIRCLE('',#4623,14.);
#4623 = AXIS2_PLACEMENT_2D('',#4624,#4625);
#4624 = CARTESIAN_POINT('',(0.,0.));
#4625 = DIRECTION('',(1.,0.));
#4626 = ( GEOMETRIC_REPRESENTATION_CONTEXT(2) 
PARAMETRIC_REPRESENTATION_CONTEXT() REPRESENTATION_CONTEXT('2D SPACE',''
  ) );
#4627 = PCURVE('',#2549,#4628);
#4628 = DEFINITIONAL_REPRESENTATION('',(#4629),#4633);
#4629 = LINE('',#4630,#4631);
#4630 = CARTESIAN_POINT('',(0.,1.5175395382E+03));
#4631 = VECTOR('',#4632,1.);
#4632 = DIRECTION('',(1.,0.));
#4633 = ( GEOMETRIC_REPRESENTATION_CONTEXT(2) 
PARAMETRIC_REPRESENTATION_CONTEXT() REPRESENTATION_CONTEXT('2D SPACE',''
  ) );
#4634 = ORIENTED_EDGE('',*,*,#2942,.T.);
#4635 = ADVANCED_FACE('',(#4636),#2549,.T.);
#4636 = FACE_BOUND('',#4637,.T.);
#4637 = EDGE_LOOP('',(#4638,#4694,#4715,#4716,#4717,#4718,#4719,#4720,
    #4721,#4722));
#4638 = ORIENTED_EDGE('',*,*,#4639,.T.);
#4639 = EDGE_CURVE('',#4640,#4640,#4642,.T.);
#4640 = VERTEX_POINT('',#4641);
#4641 = CARTESIAN_POINT('',(-1.280291190325E-13,-702.4000324138,8.));
#4642 = SURFACE_CURVE('',#4643,(#4648,#4682),.PCURVE_S1.);
#4643 = ELLIPSE('',#4644,14.820755866619,14.);
#4644 = AXIS2_PLACEMENT_3D('',#4645,#4646,#4647);
#4645 = CARTESIAN_POINT('',(-1.317513213974E-13,-717.2207882804,8.));
#4646 = DIRECTION('',(0.,0.,1.));
#4647 = DIRECTION('',(1.836970198721E-16,1.,-0.));
#4648 = PCURVE('',#2549,#4649);
#4649 = DEFINITIONAL_REPRESENTATION('',(#4650),#4681);
#4650 = B_SPLINE_CURVE_WITH_KNOTS('',8,(#4651,#4652,#4653,#4654,#4655,
    #4656,#4657,#4658,#4659,#4660,#4661,#4662,#4663,#4664,#4665,#4666,
    #4667,#4668,#4669,#4670,#4671,#4672,#4673,#4674,#4675,#4676,#4677,
    #4678,#4679,#4680),.UNSPECIFIED.,.F.,.F.,(9,7,7,7,9),(0.,
    1.570796326795,2.748893571891,4.516039439535,6.28318530718),
  .UNSPECIFIED.);
#4651 = CARTESIAN_POINT('',(0.,13.332623861597));
#4652 = CARTESIAN_POINT('',(0.196349540849,13.332623861597));
#4653 = CARTESIAN_POINT('',(0.392699081699,13.118328967848));
#4654 = CARTESIAN_POINT('',(0.589048622547,12.689741000795));
#4655 = CARTESIAN_POINT('',(0.785398163393,12.064477373257));
#4656 = CARTESIAN_POINT('',(0.981747704247,11.277808693951));
#4657 = CARTESIAN_POINT('',(1.178097245096,10.378942886799));
#4658 = CARTESIAN_POINT('',(1.374446785946,9.423973006209));
#4659 = CARTESIAN_POINT('',(1.718058482432,7.752776111962));
#4660 = CARTESIAN_POINT('',(1.865320638069,7.036549133691));
#4661 = CARTESIAN_POINT('',(2.012582793706,6.343988806065));
#4662 = CARTESIAN_POINT('',(2.159844949343,5.698768098883));
#4663 = CARTESIAN_POINT('',(2.30710710498,5.122905657909));
#4664 = CARTESIAN_POINT('',(2.454369260617,4.63514595072));
#4665 = CARTESIAN_POINT('',(2.601631416254,4.249692208668));
#4666 = CARTESIAN_POINT('',(2.969786805347,3.564471461902));
#4667 = CARTESIAN_POINT('',(3.190680038797,3.403910954587));
#4668 = CARTESIAN_POINT('',(3.411573272271,3.524487902498));
#4669 = CARTESIAN_POINT('',(3.632466505685,3.930701087273));
#4670 = CARTESIAN_POINT('',(3.853359739185,4.596148156956));
#4671 = CARTESIAN_POINT('',(4.074252972618,5.465673955642));
#4672 = CARTESIAN_POINT('',(4.29514620608,6.466460358842));
#4673 = CARTESIAN_POINT('',(4.736932672991,8.573855763241));
#4674 = CARTESIAN_POINT('',(4.957825906444,9.680465930858));
#4675 = CARTESIAN_POINT('',(5.178719139909,10.761637017909));
#4676 = CARTESIAN_POINT('',(5.399612373349,11.733544751711));
#4677 = CARTESIAN_POINT('',(5.620505606828,12.51897752205));
#4678 = CARTESIAN_POINT('',(5.841398840266,13.061406501003));
#4679 = CARTESIAN_POINT('',(6.062292073724,13.332623861597));
#4680 = CARTESIAN_POINT('',(6.28318530718,13.332623861597));
#4681 = ( GEOMETRIC_REPRESENTATION_CONTEXT(2) 
PARAMETRIC_REPRESENTATION_CONTEXT() REPRESENTATION_CONTEXT('2D SPACE',''
  ) );
#4682 = PCURVE('',#4683,#4688);
#4683 = PLANE('',#4684);
#4684 = AXIS2_PLACEMENT_3D('',#4685,#4686,#4687);
#4685 = CARTESIAN_POINT('',(-40.,-760.,8.));
#4686 = DIRECTION('',(0.,0.,1.));
#4687 = DIRECTION('',(1.,0.,-0.));
#4688 = DEFINITIONAL_REPRESENTATION('',(#4689),#4693);
#4689 = ELLIPSE('',#4690,14.820755866619,14.);
#4690 = AXIS2_PLACEMENT_2D('',#4691,#4692);
#4691 = CARTESIAN_POINT('',(40.,42.779211719567));
#4692 = DIRECTION('',(1.836970198721E-16,1.));
#4693 = ( GEOMETRIC_REPRESENTATION_CONTEXT(2) 
PARAMETRIC_REPRESENTATION_CONTEXT() REPRESENTATION_CONTEXT('2D SPACE',''
  ) );
#4694 = ORIENTED_EDGE('',*,*,#4695,.T.);
#4695 = EDGE_CURVE('',#4640,#4590,#4696,.T.);
#4696 = SEAM_CURVE('',#4697,(#4701,#4708),.PCURVE_S1.);
#4697 = LINE('',#4698,#4699);
#4698 = CARTESIAN_POINT('',(-1.288328432703E-13,-706.775303381,
    -4.594278978899));
#4699 = VECTOR('',#4700,1.);
#4700 = DIRECTION('',(6.028252549177E-17,0.328162784207,0.94462118707));
#4701 = PCURVE('',#2549,#4702);
#4702 = DEFINITIONAL_REPRESENTATION('',(#4703),#4707);
#4703 = LINE('',#4704,#4705);
#4704 = CARTESIAN_POINT('',(0.,-0.));
#4705 = VECTOR('',#4706,1.);
#4706 = DIRECTION('',(0.,1.));
#4707 = ( GEOMETRIC_REPRESENTATION_CONTEXT(2) 
PARAMETRIC_REPRESENTATION_CONTEXT() REPRESENTATION_CONTEXT('2D SPACE',''
  ) );
#4708 = PCURVE('',#2549,#4709);
#4709 = DEFINITIONAL_REPRESENTATION('',(#4710),#4714);
#4710 = LINE('',#4711,#4712);
#4711 = CARTESIAN_POINT('',(6.28318530718,-0.));
#4712 = VECTOR('',#4713,1.);
#4713 = DIRECTION('',(0.,1.));
#4714 = ( GEOMETRIC_REPRESENTATION_CONTEXT(2) 
PARAMETRIC_REPRESENTATION_CONTEXT() REPRESENTATION_CONTEXT('2D SPACE',''
  ) );
#4715 = ORIENTED_EDGE('',*,*,#4589,.F.);
#4716 = ORIENTED_EDGE('',*,*,#2691,.T.);
#4717 = ORIENTED_EDGE('',*,*,#2606,.T.);
#4718 = ORIENTED_EDGE('',*,*,#4564,.F.);
#4719 = ORIENTED_EDGE('',*,*,#2523,.F.);
#4720 = ORIENTED_EDGE('',*,*,#2982,.F.);
#4721 = ORIENTED_EDGE('',*,*,#4613,.F.);
#4722 = ORIENTED_EDGE('',*,*,#4695,.F.);
#4723 = ADVANCED_FACE('',(#4724,#4838),#4683,.T.);
#4724 = FACE_BOUND('',#4725,.T.);
#4725 = EDGE_LOOP('',(#4726,#4756,#4784,#4812));
#4726 = ORIENTED_EDGE('',*,*,#4727,.F.);
#4727 = EDGE_CURVE('',#4728,#4730,#4732,.T.);
#4728 = VERTEX_POINT('',#4729);
#4729 = CARTESIAN_POINT('',(-40.,-760.,8.));
#4730 = VERTEX_POINT('',#4731);
#4731 = CARTESIAN_POINT('',(-40.,-680.,8.));
#4732 = SURFACE_CURVE('',#4733,(#4737,#4744),.PCURVE_S1.);
#4733 = LINE('',#4734,#4735);
#4734 = CARTESIAN_POINT('',(-40.,-760.,8.));
#4735 = VECTOR('',#4736,1.);
#4736 = DIRECTION('',(-0.,1.,0.));
#4737 = PCURVE('',#4683,#4738);
#4738 = DEFINITIONAL_REPRESENTATION('',(#4739),#4743);
#4739 = LINE('',#4740,#4741);
#4740 = CARTESIAN_POINT('',(0.,0.));
#4741 = VECTOR('',#4742,1.);
#4742 = DIRECTION('',(0.,1.));
#4743 = ( GEOMETRIC_REPRESENTATION_CONTEXT(2) 
PARAMETRIC_REPRESENTATION_CONTEXT() REPRESENTATION_CONTEXT('2D SPACE',''
  ) );
#4744 = PCURVE('',#4745,#4750);
#4745 = PLANE('',#4746);
#4746 = AXIS2_PLACEMENT_3D('',#4747,#4748,#4749);
#4747 = CARTESIAN_POINT('',(-40.,-760.,0.));
#4748 = DIRECTION('',(1.,0.,-0.));
#4749 = DIRECTION('',(0.,0.,1.));
#4750 = DEFINITIONAL_REPRESENTATION('',(#4751),#4755);
#4751 = LINE('',#4752,#4753);
#4752 = CARTESIAN_POINT('',(8.,0.));
#4753 = VECTOR('',#4754,1.);
#4754 = DIRECTION('',(0.,-1.));
#4755 = ( GEOMETRIC_REPRESENTATION_CONTEXT(2) 
PARAMETRIC_REPRESENTATION_CONTEXT() REPRESENTATION_CONTEXT('2D SPACE',''
  ) );
#4756 = ORIENTED_EDGE('',*,*,#4757,.T.);
#4757 = EDGE_CURVE('',#4728,#4758,#4760,.T.);
#4758 = VERTEX_POINT('',#4759);
#4759 = CARTESIAN_POINT('',(40.,-760.,8.));
#4760 = SURFACE_CURVE('',#4761,(#4765,#4772),.PCURVE_S1.);
#4761 = LINE('',#4762,#4763);
#4762 = CARTESIAN_POINT('',(-40.,-760.,8.));
#4763 = VECTOR('',#4764,1.);
#4764 = DIRECTION('',(1.,0.,-0.));
#4765 = PCURVE('',#4683,#4766);
#4766 = DEFINITIONAL_REPRESENTATION('',(#4767),#4771);
#4767 = LINE('',#4768,#4769);
#4768 = CARTESIAN_POINT('',(0.,0.));
#4769 = VECTOR('',#4770,1.);
#4770 = DIRECTION('',(1.,0.));
#4771 = ( GEOMETRIC_REPRESENTATION_CONTEXT(2) 
PARAMETRIC_REPRESENTATION_CONTEXT() REPRESENTATION_CONTEXT('2D SPACE',''
  ) );
#4772 = PCURVE('',#4773,#4778);
#4773 = PLANE('',#4774);
#4774 = AXIS2_PLACEMENT_3D('',#4775,#4776,#4777);
#4775 = CARTESIAN_POINT('',(-40.,-760.,0.));
#4776 = DIRECTION('',(-0.,1.,0.));
#4777 = DIRECTION('',(0.,0.,1.));
#4778 = DEFINITIONAL_REPRESENTATION('',(#4779),#4783);
#4779 = LINE('',#4780,#4781);
#4780 = CARTESIAN_POINT('',(8.,0.));
#4781 = VECTOR('',#4782,1.);
#4782 = DIRECTION('',(0.,1.));
#4783 = ( GEOMETRIC_REPRESENTATION_CONTEXT(2) 
PARAMETRIC_REPRESENTATION_CONTEXT() REPRESENTATION_CONTEXT('2D SPACE',''
  ) );
#4784 = ORIENTED_EDGE('',*,*,#4785,.T.);
#4785 = EDGE_CURVE('',#4758,#4786,#4788,.T.);
#4786 = VERTEX_POINT('',#4787);
#4787 = CARTESIAN_POINT('',(40.,-680.,8.));
#4788 = SURFACE_CURVE('',#4789,(#4793,#4800),.PCURVE_S1.);
#4789 = LINE('',#4790,#4791);
#4790 = CARTESIAN_POINT('',(40.,-760.,8.));
#4791 = VECTOR('',#4792,1.);
#4792 = DIRECTION('',(-0.,1.,0.));
#4793 = PCURVE('',#4683,#4794);
#4794 = DEFINITIONAL_REPRESENTATION('',(#4795),#4799);
#4795 = LINE('',#4796,#4797);
#4796 = CARTESIAN_POINT('',(80.,0.));
#4797 = VECTOR('',#4798,1.);
#4798 = DIRECTION('',(0.,1.));
#4799 = ( GEOMETRIC_REPRESENTATION_CONTEXT(2) 
PARAMETRIC_REPRESENTATION_CONTEXT() REPRESENTATION_CONTEXT('2D SPACE',''
  ) );
#4800 = PCURVE('',#4801,#4806);
#4801 = PLANE('',#4802);
#4802 = AXIS2_PLACEMENT_3D('',#4803,#4804,#4805);
#4803 = CARTESIAN_POINT('',(40.,-760.,0.));
#4804 = DIRECTION('',(1.,0.,-0.));
#4805 = DIRECTION('',(0.,0.,1.));
#4806 = DEFINITIONAL_REPRESENTATION('',(#4807),#4811);
#4807 = LINE('',#4808,#4809);
#4808 = CARTESIAN_POINT('',(8.,0.));
#4809 = VECTOR('',#4810,1.);
#4810 = DIRECTION('',(0.,-1.));
#4811 = ( GEOMETRIC_REPRESENTATION_CONTEXT(2) 
PARAMETRIC_REPRESENTATION_CONTEXT() REPRESENTATION_CONTEXT('2D SPACE',''
  ) );
#4812 = ORIENTED_EDGE('',*,*,#4813,.F.);
#4813 = EDGE_CURVE('',#4730,#4786,#4814,.T.);
#4814 = SURFACE_CURVE('',#4815,(#4819,#4826),.PCURVE_S1.);
#4815 = LINE('',#4816,#4817);
#4816 = CARTESIAN_POINT('',(-40.,-680.,8.));
#4817 = VECTOR('',#4818,1.);
#4818 = DIRECTION('',(1.,0.,-0.));
#4819 = PCURVE('',#4683,#4820);
#4820 = DEFINITIONAL_REPRESENTATION('',(#4821),#4825);
#4821 = LINE('',#4822,#4823);
#4822 = CARTESIAN_POINT('',(0.,80.));
#4823 = VECTOR('',#4824,1.);
#4824 = DIRECTION('',(1.,0.));
#4825 = ( GEOMETRIC_REPRESENTATION_CONTEXT(2) 
PARAMETRIC_REPRESENTATION_CONTEXT() REPRESENTATION_CONTEXT('2D SPACE',''
  ) );
#4826 = PCURVE('',#4827,#4832);
#4827 = PLANE('',#4828);
#4828 = AXIS2_PLACEMENT_3D('',#4829,#4830,#4831);
#4829 = CARTESIAN_POINT('',(-40.,-680.,0.));
#4830 = DIRECTION('',(-0.,1.,0.));
#4831 = DIRECTION('',(0.,0.,1.));
#4832 = DEFINITIONAL_REPRESENTATION('',(#4833),#4837);
#4833 = LINE('',#4834,#4835);
#4834 = CARTESIAN_POINT('',(8.,0.));
#4835 = VECTOR('',#4836,1.);
#4836 = DIRECTION('',(0.,1.));
#4837 = ( GEOMETRIC_REPRESENTATION_CONTEXT(2) 
PARAMETRIC_REPRESENTATION_CONTEXT() REPRESENTATION_CONTEXT('2D SPACE',''
  ) );
#4838 = FACE_BOUND('',#4839,.T.);
#4839 = EDGE_LOOP('',(#4840));
#4840 = ORIENTED_EDGE('',*,*,#4639,.F.);
#4841 = ADVANCED_FACE('',(#4842),#4801,.T.);
#4842 = FACE_BOUND('',#4843,.T.);
#4843 = EDGE_LOOP('',(#4844,#4867,#4895,#4916));
#4844 = ORIENTED_EDGE('',*,*,#4845,.F.);
#4845 = EDGE_CURVE('',#4846,#4758,#4848,.T.);
#4846 = VERTEX_POINT('',#4847);
#4847 = CARTESIAN_POINT('',(40.,-760.,0.));
#4848 = SURFACE_CURVE('',#4849,(#4853,#4860),.PCURVE_S1.);
#4849 = LINE('',#4850,#4851);
#4850 = CARTESIAN_POINT('',(40.,-760.,0.));
#4851 = VECTOR('',#4852,1.);
#4852 = DIRECTION('',(0.,0.,1.));
#4853 = PCURVE('',#4801,#4854);
#4854 = DEFINITIONAL_REPRESENTATION('',(#4855),#4859);
#4855 = LINE('',#4856,#4857);
#4856 = CARTESIAN_POINT('',(0.,0.));
#4857 = VECTOR('',#4858,1.);
#4858 = DIRECTION('',(1.,0.));
#4859 = ( GEOMETRIC_REPRESENTATION_CONTEXT(2) 
PARAMETRIC_REPRESENTATION_CONTEXT() REPRESENTATION_CONTEXT('2D SPACE',''
  ) );
#4860 = PCURVE('',#4773,#4861);
#4861 = DEFINITIONAL_REPRESENTATION('',(#4862),#4866);
#4862 = LINE('',#4863,#4864);
#4863 = CARTESIAN_POINT('',(0.,80.));
#4864 = VECTOR('',#4865,1.);
#4865 = DIRECTION('',(1.,0.));
#4866 = ( GEOMETRIC_REPRESENTATION_CONTEXT(2) 
PARAMETRIC_REPRESENTATION_CONTEXT() REPRESENTATION_CONTEXT('2D SPACE',''
  ) );
#4867 = ORIENTED_EDGE('',*,*,#4868,.T.);
#4868 = EDGE_CURVE('',#4846,#4869,#4871,.T.);
#4869 = VERTEX_POINT('',#4870);
#4870 = CARTESIAN_POINT('',(40.,-680.,0.));
#4871 = SURFACE_CURVE('',#4872,(#4876,#4883),.PCURVE_S1.);
#4872 = LINE('',#4873,#4874);
#4873 = CARTESIAN_POINT('',(40.,-760.,0.));
#4874 = VECTOR('',#4875,1.);
#4875 = DIRECTION('',(-0.,1.,0.));
#4876 = PCURVE('',#4801,#4877);
#4877 = DEFINITIONAL_REPRESENTATION('',(#4878),#4882);
#4878 = LINE('',#4879,#4880);
#4879 = CARTESIAN_POINT('',(0.,0.));
#4880 = VECTOR('',#4881,1.);
#4881 = DIRECTION('',(0.,-1.));
#4882 = ( GEOMETRIC_REPRESENTATION_CONTEXT(2) 
PARAMETRIC_REPRESENTATION_CONTEXT() REPRESENTATION_CONTEXT('2D SPACE',''
  ) );
#4883 = PCURVE('',#4884,#4889);
#4884 = PLANE('',#4885);
#4885 = AXIS2_PLACEMENT_3D('',#4886,#4887,#4888);
#4886 = CARTESIAN_POINT('',(-40.,-760.,0.));
#4887 = DIRECTION('',(0.,0.,1.));
#4888 = DIRECTION('',(1.,0.,-0.));
#4889 = DEFINITIONAL_REPRESENTATION('',(#4890),#4894);
#4890 = LINE('',#4891,#4892);
#4891 = CARTESIAN_POINT('',(80.,0.));
#4892 = VECTOR('',#4893,1.);
#4893 = DIRECTION('',(0.,1.));
#4894 = ( GEOMETRIC_REPRESENTATION_CONTEXT(2) 
PARAMETRIC_REPRESENTATION_CONTEXT() REPRESENTATION_CONTEXT('2D SPACE',''
  ) );
#4895 = ORIENTED_EDGE('',*,*,#4896,.T.);
#4896 = EDGE_CURVE('',#4869,#4786,#4897,.T.);
#4897 = SURFACE_CURVE('',#4898,(#4902,#4909),.PCURVE_S1.);
#4898 = LINE('',#4899,#4900);
#4899 = CARTESIAN_POINT('',(40.,-680.,0.));
#4900 = VECTOR('',#4901,1.);
#4901 = DIRECTION('',(0.,0.,1.));
#4902 = PCURVE('',#4801,#4903);
#4903 = DEFINITIONAL_REPRESENTATION('',(#4904),#4908);
#4904 = LINE('',#4905,#4906);
#4905 = CARTESIAN_POINT('',(0.,-80.));
#4906 = VECTOR('',#4907,1.);
#4907 = DIRECTION('',(1.,0.));
#4908 = ( GEOMETRIC_REPRESENTATION_CONTEXT(2) 
PARAMETRIC_REPRESENTATION_CONTEXT() REPRESENTATION_CONTEXT('2D SPACE',''
  ) );
#4909 = PCURVE('',#4827,#4910);
#4910 = DEFINITIONAL_REPRESENTATION('',(#4911),#4915);
#4911 = LINE('',#4912,#4913);
#4912 = CARTESIAN_POINT('',(0.,80.));
#4913 = VECTOR('',#4914,1.);
#4914 = DIRECTION('',(1.,0.));
#4915 = ( GEOMETRIC_REPRESENTATION_CONTEXT(2) 
PARAMETRIC_REPRESENTATION_CONTEXT() REPRESENTATION_CONTEXT('2D SPACE',''
  ) );
#4916 = ORIENTED_EDGE('',*,*,#4785,.F.);
#4917 = ADVANCED_FACE('',(#4918,#4988),#4884,.F.);
#4918 = FACE_BOUND('',#4919,.F.);
#4919 = EDGE_LOOP('',(#4920,#4945,#4966,#4967));
#4920 = ORIENTED_EDGE('',*,*,#4921,.F.);
#4921 = EDGE_CURVE('',#4922,#4924,#4926,.T.);
#4922 = VERTEX_POINT('',#4923);
#4923 = CARTESIAN_POINT('',(-40.,-760.,0.));
#4924 = VERTEX_POINT('',#4925);
#4925 = CARTESIAN_POINT('',(-40.,-680.,0.));
#4926 = SURFACE_CURVE('',#4927,(#4931,#4938),.PCURVE_S1.);
#4927 = LINE('',#4928,#4929);
#4928 = CARTESIAN_POINT('',(-40.,-760.,0.));
#4929 = VECTOR('',#4930,1.);
#4930 = DIRECTION('',(-0.,1.,0.));
#4931 = PCURVE('',#4884,#4932);
#4932 = DEFINITIONAL_REPRESENTATION('',(#4933),#4937);
#4933 = LINE('',#4934,#4935);
#4934 = CARTESIAN_POINT('',(0.,0.));
#4935 = VECTOR('',#4936,1.);
#4936 = DIRECTION('',(0.,1.));
#4937 = ( GEOMETRIC_REPRESENTATION_CONTEXT(2) 
PARAMETRIC_REPRESENTATION_CONTEXT() REPRESENTATION_CONTEXT('2D SPACE',''
  ) );
#4938 = PCURVE('',#4745,#4939);
#4939 = DEFINITIONAL_REPRESENTATION('',(#4940),#4944);
#4940 = LINE('',#4941,#4942);
#4941 = CARTESIAN_POINT('',(0.,0.));
#4942 = VECTOR('',#4943,1.);
#4943 = DIRECTION('',(0.,-1.));
#4944 = ( GEOMETRIC_REPRESENTATION_CONTEXT(2) 
PARAMETRIC_REPRESENTATION_CONTEXT() REPRESENTATION_CONTEXT('2D SPACE',''
  ) );
#4945 = ORIENTED_EDGE('',*,*,#4946,.T.);
#4946 = EDGE_CURVE('',#4922,#4846,#4947,.T.);
#4947 = SURFACE_CURVE('',#4948,(#4952,#4959),.PCURVE_S1.);
#4948 = LINE('',#4949,#4950);
#4949 = CARTESIAN_POINT('',(-40.,-760.,0.));
#4950 = VECTOR('',#4951,1.);
#4951 = DIRECTION('',(1.,0.,-0.));
#4952 = PCURVE('',#4884,#4953);
#4953 = DEFINITIONAL_REPRESENTATION('',(#4954),#4958);
#4954 = LINE('',#4955,#4956);
#4955 = CARTESIAN_POINT('',(0.,0.));
#4956 = VECTOR('',#4957,1.);
#4957 = DIRECTION('',(1.,0.));
#4958 = ( GEOMETRIC_REPRESENTATION_CONTEXT(2) 
PARAMETRIC_REPRESENTATION_CONTEXT() REPRESENTATION_CONTEXT('2D SPACE',''
  ) );
#4959 = PCURVE('',#4773,#4960);
#4960 = DEFINITIONAL_REPRESENTATION('',(#4961),#4965);
#4961 = LINE('',#4962,#4963);
#4962 = CARTESIAN_POINT('',(0.,0.));
#4963 = VECTOR('',#4964,1.);
#4964 = DIRECTION('',(0.,1.));
#4965 = ( GEOMETRIC_REPRESENTATION_CONTEXT(2) 
PARAMETRIC_REPRESENTATION_CONTEXT() REPRESENTATION_CONTEXT('2D SPACE',''
  ) );
#4966 = ORIENTED_EDGE('',*,*,#4868,.T.);
#4967 = ORIENTED_EDGE('',*,*,#4968,.F.);
#4968 = EDGE_CURVE('',#4924,#4869,#4969,.T.);
#4969 = SURFACE_CURVE('',#4970,(#4974,#4981),.PCURVE_S1.);
#4970 = LINE('',#4971,#4972);
#4971 = CARTESIAN_POINT('',(-40.,-680.,0.));
#4972 = VECTOR('',#4973,1.);
#4973 = DIRECTION('',(1.,0.,-0.));
#4974 = PCURVE('',#4884,#4975);
#4975 = DEFINITIONAL_REPRESENTATION('',(#4976),#4980);
#4976 = LINE('',#4977,#4978);
#4977 = CARTESIAN_POINT('',(0.,80.));
#4978 = VECTOR('',#4979,1.);
#4979 = DIRECTION('',(1.,0.));
#4980 = ( GEOMETRIC_REPRESENTATION_CONTEXT(2) 
PARAMETRIC_REPRESENTATION_CONTEXT() REPRESENTATION_CONTEXT('2D SPACE',''
  ) );
#4981 = PCURVE('',#4827,#4982);
#4982 = DEFINITIONAL_REPRESENTATION('',(#4983),#4987);
#4983 = LINE('',#4984,#4985);
#4984 = CARTESIAN_POINT('',(0.,0.));
#4985 = VECTOR('',#4986,1.);
#4986 = DIRECTION('',(0.,1.));
#4987 = ( GEOMETRIC_REPRESENTATION_CONTEXT(2) 
PARAMETRIC_REPRESENTATION_CONTEXT() REPRESENTATION_CONTEXT('2D SPACE',''
  ) );
#4988 = FACE_BOUND('',#4989,.F.);
#4989 = EDGE_LOOP('',(#4990,#5027,#5057));
#4990 = ORIENTED_EDGE('',*,*,#4991,.F.);
#4991 = EDGE_CURVE('',#4992,#4994,#4996,.T.);
#4992 = VERTEX_POINT('',#4993);
#4993 = CARTESIAN_POINT('',(-1.28539651943E-13,-705.1792441333,0.));
#4994 = VERTEX_POINT('',#4995);
#4995 = CARTESIAN_POINT('',(-14.,-720.,1.536034519545E-15));
#4996 = SURFACE_CURVE('',#4997,(#5002,#5009),.PCURVE_S1.);
#4997 = ELLIPSE('',#4998,14.820755866619,14.);
#4998 = AXIS2_PLACEMENT_3D('',#4999,#5000,#5001);
#4999 = CARTESIAN_POINT('',(-1.322618543079E-13,-720.,0.));
#5000 = DIRECTION('',(0.,0.,1.));
#5001 = DIRECTION('',(1.836970198721E-16,1.,-0.));
#5002 = PCURVE('',#4884,#5003);
#5003 = DEFINITIONAL_REPRESENTATION('',(#5004),#5008);
#5004 = ELLIPSE('',#5005,14.820755866619,14.);
#5005 = AXIS2_PLACEMENT_2D('',#5006,#5007);
#5006 = CARTESIAN_POINT('',(40.,40.));
#5007 = DIRECTION('',(1.836970198721E-16,1.));
#5008 = ( GEOMETRIC_REPRESENTATION_CONTEXT(2) 
PARAMETRIC_REPRESENTATION_CONTEXT() REPRESENTATION_CONTEXT('2D SPACE',''
  ) );
#5009 = PCURVE('',#5010,#5015);
#5010 = CYLINDRICAL_SURFACE('',#5011,14.);
#5011 = AXIS2_PLACEMENT_3D('',#5012,#5013,#5014);
#5012 = CARTESIAN_POINT('',(-1.322618543079E-13,-720.,0.));
#5013 = DIRECTION('',(6.028252549177E-17,0.328162784207,0.94462118707));
#5014 = DIRECTION('',(6.162975822039E-33,0.94462118707,-0.328162784207)
  );
#5015 = DEFINITIONAL_REPRESENTATION('',(#5016),#5026);
#5016 = B_SPLINE_CURVE_WITH_KNOTS('',8,(#5017,#5018,#5019,#5020,#5021,
    #5022,#5023,#5024,#5025),.UNSPECIFIED.,.F.,.F.,(9,9),(0.,
    1.570796326795),.PIECEWISE_BEZIER_KNOTS.);
#5017 = CARTESIAN_POINT('',(6.28318530718,4.863620509243));
#5018 = CARTESIAN_POINT('',(6.479534848029,4.863620509243));
#5019 = CARTESIAN_POINT('',(6.675884388877,4.649325615502));
#5020 = CARTESIAN_POINT('',(6.872233929732,4.220737648468));
#5021 = CARTESIAN_POINT('',(7.068583470572,3.595474020939));
#5022 = CARTESIAN_POINT('',(7.26493301143,2.808805341588));
#5023 = CARTESIAN_POINT('',(7.461282552274,1.909939534447));
#5024 = CARTESIAN_POINT('',(7.657632093125,0.954969653856));
#5025 = CARTESIAN_POINT('',(7.853981633974,7.13383832496E-15));
#5026 = ( GEOMETRIC_REPRESENTATION_CONTEXT(2) 
PARAMETRIC_REPRESENTATION_CONTEXT() REPRESENTATION_CONTEXT('2D SPACE',''
  ) );
#5027 = ORIENTED_EDGE('',*,*,#5028,.F.);
#5028 = EDGE_CURVE('',#5029,#4992,#5031,.T.);
#5029 = VERTEX_POINT('',#5030);
#5030 = CARTESIAN_POINT('',(14.,-720.,4.673724583023E-17));
#5031 = SURFACE_CURVE('',#5032,(#5037,#5044),.PCURVE_S1.);
#5032 = ELLIPSE('',#5033,14.820755866619,14.);
#5033 = AXIS2_PLACEMENT_3D('',#5034,#5035,#5036);
#5034 = CARTESIAN_POINT('',(-1.322618543079E-13,-720.,0.));
#5035 = DIRECTION('',(0.,0.,1.));
#5036 = DIRECTION('',(1.836970198721E-16,1.,-0.));
#5037 = PCURVE('',#4884,#5038);
#5038 = DEFINITIONAL_REPRESENTATION('',(#5039),#5043);
#5039 = ELLIPSE('',#5040,14.820755866619,14.);
#5040 = AXIS2_PLACEMENT_2D('',#5041,#5042);
#5041 = CARTESIAN_POINT('',(40.,40.));
#5042 = DIRECTION('',(1.836970198721E-16,1.));
#5043 = ( GEOMETRIC_REPRESENTATION_CONTEXT(2) 
PARAMETRIC_REPRESENTATION_CONTEXT() REPRESENTATION_CONTEXT('2D SPACE',''
  ) );
#5044 = PCURVE('',#5010,#5045);
#5045 = DEFINITIONAL_REPRESENTATION('',(#5046),#5056);
#5046 = B_SPLINE_CURVE_WITH_KNOTS('',8,(#5047,#5048,#5049,#5050,#5051,
    #5052,#5053,#5054,#5055),.UNSPECIFIED.,.F.,.F.,(9,9),(4.712388980385
    ,6.28318530718),.PIECEWISE_BEZIER_KNOTS.);
#5047 = CARTESIAN_POINT('',(4.712388980385,8.179883992512E-15));
#5048 = CARTESIAN_POINT('',(4.908738521234,0.954969653856));
#5049 = CARTESIAN_POINT('',(5.105088062077,1.909939534445));
#5050 = CARTESIAN_POINT('',(5.301437602952,2.808805341583));
#5051 = CARTESIAN_POINT('',(5.49778714375,3.595474020919));
#5052 = CARTESIAN_POINT('',(5.694136684642,4.220737648462));
#5053 = CARTESIAN_POINT('',(5.890486225471,4.6493256155));
#5054 = CARTESIAN_POINT('',(6.08683576633,4.863620509243));
#5055 = CARTESIAN_POINT('',(6.28318530718,4.863620509243));
#5056 = ( GEOMETRIC_REPRESENTATION_CONTEXT(2) 
PARAMETRIC_REPRESENTATION_CONTEXT() REPRESENTATION_CONTEXT('2D SPACE',''
  ) );
#5057 = ORIENTED_EDGE('',*,*,#5058,.F.);
#5058 = EDGE_CURVE('',#4994,#5029,#5059,.T.);
#5059 = SURFACE_CURVE('',#5060,(#5064,#5070),.PCURVE_S1.);
#5060 = LINE('',#5061,#5062);
#5061 = CARTESIAN_POINT('',(-20.,-720.,0.));
#5062 = VECTOR('',#5063,1.);
#5063 = DIRECTION('',(1.,-1.836970198721E-16,0.));
#5064 = PCURVE('',#4884,#5065);
#5065 = DEFINITIONAL_REPRESENTATION('',(#5066),#5069);
#5066 = B_SPLINE_CURVE_WITH_KNOTS('',1,(#5067,#5068),.UNSPECIFIED.,.F.,
  .F.,(2,2),(6.,34.),.PIECEWISE_BEZIER_KNOTS.);
#5067 = CARTESIAN_POINT('',(26.,40.));
#5068 = CARTESIAN_POINT('',(54.,40.));
#5069 = ( GEOMETRIC_REPRESENTATION_CONTEXT(2) 
PARAMETRIC_REPRESENTATION_CONTEXT() REPRESENTATION_CONTEXT('2D SPACE',''
  ) );
#5070 = PCURVE('',#5071,#5076);
#5071 = PLANE('',#5072);
#5072 = AXIS2_PLACEMENT_3D('',#5073,#5074,#5075);
#5073 = CARTESIAN_POINT('',(-1.322618543079E-13,-720.,0.));
#5074 = DIRECTION('',(6.028252549177E-17,0.328162784207,0.94462118707));
#5075 = DIRECTION('',(6.162975822039E-33,0.94462118707,-0.328162784207)
  );
#5076 = DEFINITIONAL_REPRESENTATION('',(#5077),#5080);
#5077 = B_SPLINE_CURVE_WITH_KNOTS('',1,(#5078,#5079),.UNSPECIFIED.,.F.,
  .F.,(2,2),(6.,34.),.PIECEWISE_BEZIER_KNOTS.);
#5078 = CARTESIAN_POINT('',(-1.041144581837E-15,14.));
#5079 = CARTESIAN_POINT('',(-5.899819297075E-15,-14.));
#5080 = ( GEOMETRIC_REPRESENTATION_CONTEXT(2) 
PARAMETRIC_REPRESENTATION_CONTEXT() REPRESENTATION_CONTEXT('2D SPACE',''
  ) );
#5081 = ADVANCED_FACE('',(#5082),#5071,.F.);
#5082 = FACE_BOUND('',#5083,.F.);
#5083 = EDGE_LOOP('',(#5084,#5106));
#5084 = ORIENTED_EDGE('',*,*,#5085,.T.);
#5085 = EDGE_CURVE('',#5029,#4994,#5086,.T.);
#5086 = SURFACE_CURVE('',#5087,(#5092,#5099),.PCURVE_S1.);
#5087 = CIRCLE('',#5088,14.);
#5088 = AXIS2_PLACEMENT_3D('',#5089,#5090,#5091);
#5089 = CARTESIAN_POINT('',(-1.322618543079E-13,-720.,0.));
#5090 = DIRECTION('',(-3.153499474038E-18,0.328162784207,0.94462118707)
  );
#5091 = DIRECTION('',(1.,1.925929944387E-34,3.338374702159E-18));
#5092 = PCURVE('',#5071,#5093);
#5093 = DEFINITIONAL_REPRESENTATION('',(#5094),#5098);
#5094 = CIRCLE('',#5095,14.);
#5095 = AXIS2_PLACEMENT_2D('',#5096,#5097);
#5096 = CARTESIAN_POINT('',(0.,0.));
#5097 = DIRECTION('',(-1.095530336987E-18,-1.));
#5098 = ( GEOMETRIC_REPRESENTATION_CONTEXT(2) 
PARAMETRIC_REPRESENTATION_CONTEXT() REPRESENTATION_CONTEXT('2D SPACE',''
  ) );
#5099 = PCURVE('',#5010,#5100);
#5100 = DEFINITIONAL_REPRESENTATION('',(#5101),#5105);
#5101 = LINE('',#5102,#5103);
#5102 = CARTESIAN_POINT('',(4.712388980385,0.));
#5103 = VECTOR('',#5104,1.);
#5104 = DIRECTION('',(1.,0.));
#5105 = ( GEOMETRIC_REPRESENTATION_CONTEXT(2) 
PARAMETRIC_REPRESENTATION_CONTEXT() REPRESENTATION_CONTEXT('2D SPACE',''
  ) );
#5106 = ORIENTED_EDGE('',*,*,#5058,.T.);
#5107 = ADVANCED_FACE('',(#5108),#5010,.T.);
#5108 = FACE_BOUND('',#5109,.T.);
#5109 = EDGE_LOOP('',(#5110,#5111,#5112));
#5110 = ORIENTED_EDGE('',*,*,#4991,.F.);
#5111 = ORIENTED_EDGE('',*,*,#5028,.F.);
#5112 = ORIENTED_EDGE('',*,*,#5085,.T.);
#5113 = ADVANCED_FACE('',(#5114),#4773,.F.);
#5114 = FACE_BOUND('',#5115,.F.);
#5115 = EDGE_LOOP('',(#5116,#5117,#5138,#5139));
#5116 = ORIENTED_EDGE('',*,*,#4946,.F.);
#5117 = ORIENTED_EDGE('',*,*,#5118,.T.);
#5118 = EDGE_CURVE('',#4922,#4728,#5119,.T.);
#5119 = SURFACE_CURVE('',#5120,(#5124,#5131),.PCURVE_S1.);
#5120 = LINE('',#5121,#5122);
#5121 = CARTESIAN_POINT('',(-40.,-760.,0.));
#5122 = VECTOR('',#5123,1.);
#5123 = DIRECTION('',(0.,0.,1.));
#5124 = PCURVE('',#4773,#5125);
#5125 = DEFINITIONAL_REPRESENTATION('',(#5126),#5130);
#5126 = LINE('',#5127,#5128);
#5127 = CARTESIAN_POINT('',(0.,0.));
#5128 = VECTOR('',#5129,1.);
#5129 = DIRECTION('',(1.,0.));
#5130 = ( GEOMETRIC_REPRESENTATION_CONTEXT(2) 
PARAMETRIC_REPRESENTATION_CONTEXT() REPRESENTATION_CONTEXT('2D SPACE',''
  ) );
#5131 = PCURVE('',#4745,#5132);
#5132 = DEFINITIONAL_REPRESENTATION('',(#5133),#5137);
#5133 = LINE('',#5134,#5135);
#5134 = CARTESIAN_POINT('',(0.,0.));
#5135 = VECTOR('',#5136,1.);
#5136 = DIRECTION('',(1.,0.));
#5137 = ( GEOMETRIC_REPRESENTATION_CONTEXT(2) 
PARAMETRIC_REPRESENTATION_CONTEXT() REPRESENTATION_CONTEXT('2D SPACE',''
  ) );
#5138 = ORIENTED_EDGE('',*,*,#4757,.T.);
#5139 = ORIENTED_EDGE('',*,*,#4845,.F.);
#5140 = ADVANCED_FACE('',(#5141),#4827,.T.);
#5141 = FACE_BOUND('',#5142,.T.);
#5142 = EDGE_LOOP('',(#5143,#5144,#5165,#5166));
#5143 = ORIENTED_EDGE('',*,*,#4968,.F.);
#5144 = ORIENTED_EDGE('',*,*,#5145,.T.);
#5145 = EDGE_CURVE('',#4924,#4730,#5146,.T.);
#5146 = SURFACE_CURVE('',#5147,(#5151,#5158),.PCURVE_S1.);
#5147 = LINE('',#5148,#5149);
#5148 = CARTESIAN_POINT('',(-40.,-680.,0.));
#5149 = VECTOR('',#5150,1.);
#5150 = DIRECTION('',(0.,0.,1.));
#5151 = PCURVE('',#4827,#5152);
#5152 = DEFINITIONAL_REPRESENTATION('',(#5153),#5157);
#5153 = LINE('',#5154,#5155);
#5154 = CARTESIAN_POINT('',(0.,0.));
#5155 = VECTOR('',#5156,1.);
#5156 = DIRECTION('',(1.,0.));
#5157 = ( GEOMETRIC_REPRESENTATION_CONTEXT(2) 
PARAMETRIC_REPRESENTATION_CONTEXT() REPRESENTATION_CONTEXT('2D SPACE',''
  ) );
#5158 = PCURVE('',#4745,#5159);
#5159 = DEFINITIONAL_REPRESENTATION('',(#5160),#5164);
#5160 = LINE('',#5161,#5162);
#5161 = CARTESIAN_POINT('',(0.,-80.));
#5162 = VECTOR('',#5163,1.);
#5163 = DIRECTION('',(1.,0.));
#5164 = ( GEOMETRIC_REPRESENTATION_CONTEXT(2) 
PARAMETRIC_REPRESENTATION_CONTEXT() REPRESENTATION_CONTEXT('2D SPACE',''
  ) );
#5165 = ORIENTED_EDGE('',*,*,#4813,.T.);
#5166 = ORIENTED_EDGE('',*,*,#4896,.F.);
#5167 = ADVANCED_FACE('',(#5168),#4745,.F.);
#5168 = FACE_BOUND('',#5169,.F.);
#5169 = EDGE_LOOP('',(#5170,#5171,#5172,#5173));
#5170 = ORIENTED_EDGE('',*,*,#5118,.F.);
#5171 = ORIENTED_EDGE('',*,*,#4921,.T.);
#5172 = ORIENTED_EDGE('',*,*,#5145,.T.);
#5173 = ORIENTED_EDGE('',*,*,#4727,.F.);
#5174 = ADVANCED_FACE('',(#5175),#3507,.T.);
#5175 = FACE_BOUND('',#5176,.T.);
#5176 = EDGE_LOOP('',(#5177,#5201,#5223));
#5177 = ORIENTED_EDGE('',*,*,#5178,.T.);
#5178 = EDGE_CURVE('',#3233,#5179,#5181,.T.);
#5179 = VERTEX_POINT('',#5180);
#5180 = CARTESIAN_POINT('',(-178.8512435042,111.,1.429466571849E+03));
#5181 = SURFACE_CURVE('',#5182,(#5187,#5194),.PCURVE_S1.);
#5182 = CIRCLE('',#5183,14.);
#5183 = AXIS2_PLACEMENT_3D('',#5184,#5185,#5186);
#5184 = CARTESIAN_POINT('',(-192.2576396401,111.,1.4335E+03));
#5185 = DIRECTION('',(0.2841973077,-0.164081392104,0.94462118707));
#5186 = DIRECTION('',(0.957599723992,-6.938893903907E-18,-0.288102010772
    ));
#5187 = PCURVE('',#3507,#5188);
#5188 = DEFINITIONAL_REPRESENTATION('',(#5189),#5193);
#5189 = CIRCLE('',#5190,14.);
#5190 = AXIS2_PLACEMENT_2D('',#5191,#5192);
#5191 = CARTESIAN_POINT('',(0.,0.));
#5192 = DIRECTION('',(1.,0.));
#5193 = ( GEOMETRIC_REPRESENTATION_CONTEXT(2) 
PARAMETRIC_REPRESENTATION_CONTEXT() REPRESENTATION_CONTEXT('2D SPACE',''
  ) );
#5194 = PCURVE('',#2482,#5195);
#5195 = DEFINITIONAL_REPRESENTATION('',(#5196),#5200);
#5196 = LINE('',#5197,#5198);
#5197 = CARTESIAN_POINT('',(0.,1.5175395382E+03));
#5198 = VECTOR('',#5199,1.);
#5199 = DIRECTION('',(1.,0.));
#5200 = ( GEOMETRIC_REPRESENTATION_CONTEXT(2) 
PARAMETRIC_REPRESENTATION_CONTEXT() REPRESENTATION_CONTEXT('2D SPACE',''
  ) );
#5201 = ORIENTED_EDGE('',*,*,#5202,.T.);
#5202 = EDGE_CURVE('',#5179,#3484,#5203,.T.);
#5203 = SURFACE_CURVE('',#5204,(#5209,#5216),.PCURVE_S1.);
#5204 = CIRCLE('',#5205,14.);
#5205 = AXIS2_PLACEMENT_3D('',#5206,#5207,#5208);
#5206 = CARTESIAN_POINT('',(-192.2576396401,111.,1.4335E+03));
#5207 = DIRECTION('',(0.2841973077,-0.164081392104,0.94462118707));
#5208 = DIRECTION('',(0.957599723992,-6.938893903907E-18,-0.288102010772
    ));
#5209 = PCURVE('',#3507,#5210);
#5210 = DEFINITIONAL_REPRESENTATION('',(#5211),#5215);
#5211 = CIRCLE('',#5212,14.);
#5212 = AXIS2_PLACEMENT_2D('',#5213,#5214);
#5213 = CARTESIAN_POINT('',(0.,0.));
#5214 = DIRECTION('',(1.,0.));
#5215 = ( GEOMETRIC_REPRESENTATION_CONTEXT(2) 
PARAMETRIC_REPRESENTATION_CONTEXT() REPRESENTATION_CONTEXT('2D SPACE',''
  ) );
#5216 = PCURVE('',#2482,#5217);
#5217 = DEFINITIONAL_REPRESENTATION('',(#5218),#5222);
#5218 = LINE('',#5219,#5220);
#5219 = CARTESIAN_POINT('',(0.,1.5175395382E+03));
#5220 = VECTOR('',#5221,1.);
#5221 = DIRECTION('',(1.,0.));
#5222 = ( GEOMETRIC_REPRESENTATION_CONTEXT(2) 
PARAMETRIC_REPRESENTATION_CONTEXT() REPRESENTATION_CONTEXT('2D SPACE',''
  ) );
#5223 = ORIENTED_EDGE('',*,*,#3483,.T.);
#5224 = ADVANCED_FACE('',(#5225),#4078,.T.);
#5225 = FACE_BOUND('',#5226,.T.);
#5226 = EDGE_LOOP('',(#5227,#5228));
#5227 = ORIENTED_EDGE('',*,*,#4054,.F.);
#5228 = ORIENTED_EDGE('',*,*,#5229,.T.);
#5229 = EDGE_CURVE('',#3799,#4055,#5230,.T.);
#5230 = SURFACE_CURVE('',#5231,(#5236,#5243),.PCURVE_S1.);
#5231 = CIRCLE('',#5232,14.);
#5232 = AXIS2_PLACEMENT_3D('',#5233,#5234,#5235);
#5233 = CARTESIAN_POINT('',(192.25763964014,111.,1.4335E+03));
#5234 = DIRECTION('',(-0.2841973077,-0.164081392104,0.94462118707));
#5235 = DIRECTION('',(0.957599723992,6.938893903907E-18,0.288102010772)
  );
#5236 = PCURVE('',#4078,#5237);
#5237 = DEFINITIONAL_REPRESENTATION('',(#5238),#5242);
#5238 = CIRCLE('',#5239,14.);
#5239 = AXIS2_PLACEMENT_2D('',#5240,#5241);
#5240 = CARTESIAN_POINT('',(0.,0.));
#5241 = DIRECTION('',(1.,0.));
#5242 = ( GEOMETRIC_REPRESENTATION_CONTEXT(2) 
PARAMETRIC_REPRESENTATION_CONTEXT() REPRESENTATION_CONTEXT('2D SPACE',''
  ) );
#5243 = PCURVE('',#3966,#5244);
#5244 = DEFINITIONAL_REPRESENTATION('',(#5245),#5249);
#5245 = LINE('',#5246,#5247);
#5246 = CARTESIAN_POINT('',(0.,1.5175395382E+03));
#5247 = VECTOR('',#5248,1.);
#5248 = DIRECTION('',(1.,0.));
#5249 = ( GEOMETRIC_REPRESENTATION_CONTEXT(2) 
PARAMETRIC_REPRESENTATION_CONTEXT() REPRESENTATION_CONTEXT('2D SPACE',''
  ) );
#5250 = ADVANCED_FACE('',(#5251),#4431,.T.);
#5251 = FACE_BOUND('',#5252,.T.);
#5252 = EDGE_LOOP('',(#5253,#5277,#5299));
#5253 = ORIENTED_EDGE('',*,*,#5254,.T.);
#5254 = EDGE_CURVE('',#4370,#5255,#5257,.T.);
#5255 = VERTEX_POINT('',#5256);
#5256 = CARTESIAN_POINT('',(205.66403577603,111.,1.437533428151E+03));
#5257 = SURFACE_CURVE('',#5258,(#5263,#5270),.PCURVE_S1.);
#5258 = CIRCLE('',#5259,14.);
#5259 = AXIS2_PLACEMENT_3D('',#5260,#5261,#5262);
#5260 = CARTESIAN_POINT('',(192.25763964014,111.,1.4335E+03));
#5261 = DIRECTION('',(-0.2841973077,-0.164081392104,0.94462118707));
#5262 = DIRECTION('',(0.957599723992,6.938893903907E-18,0.288102010772)
  );
#5263 = PCURVE('',#4431,#5264);
#5264 = DEFINITIONAL_REPRESENTATION('',(#5265),#5269);
#5265 = CIRCLE('',#5266,14.);
#5266 = AXIS2_PLACEMENT_2D('',#5267,#5268);
#5267 = CARTESIAN_POINT('',(0.,0.));
#5268 = DIRECTION('',(1.,0.));
#5269 = ( GEOMETRIC_REPRESENTATION_CONTEXT(2) 
PARAMETRIC_REPRESENTATION_CONTEXT() REPRESENTATION_CONTEXT('2D SPACE',''
  ) );
#5270 = PCURVE('',#3966,#5271);
#5271 = DEFINITIONAL_REPRESENTATION('',(#5272),#5276);
#5272 = LINE('',#5273,#5274);
#5273 = CARTESIAN_POINT('',(0.,1.5175395382E+03));
#5274 = VECTOR('',#5275,1.);
#5275 = DIRECTION('',(1.,0.));
#5276 = ( GEOMETRIC_REPRESENTATION_CONTEXT(2) 
PARAMETRIC_REPRESENTATION_CONTEXT() REPRESENTATION_CONTEXT('2D SPACE',''
  ) );
#5277 = ORIENTED_EDGE('',*,*,#5278,.T.);
#5278 = EDGE_CURVE('',#5255,#4408,#5279,.T.);
#5279 = SURFACE_CURVE('',#5280,(#5285,#5292),.PCURVE_S1.);
#5280 = CIRCLE('',#5281,14.);
#5281 = AXIS2_PLACEMENT_3D('',#5282,#5283,#5284);
#5282 = CARTESIAN_POINT('',(192.25763964014,111.,1.4335E+03));
#5283 = DIRECTION('',(-0.2841973077,-0.164081392104,0.94462118707));
#5284 = DIRECTION('',(0.957599723992,6.938893903907E-18,0.288102010772)
  );
#5285 = PCURVE('',#4431,#5286);
#5286 = DEFINITIONAL_REPRESENTATION('',(#5287),#5291);
#5287 = CIRCLE('',#5288,14.);
#5288 = AXIS2_PLACEMENT_2D('',#5289,#5290);
#5289 = CARTESIAN_POINT('',(0.,0.));
#5290 = DIRECTION('',(1.,0.));
#5291 = ( GEOMETRIC_REPRESENTATION_CONTEXT(2) 
PARAMETRIC_REPRESENTATION_CONTEXT() REPRESENTATION_CONTEXT('2D SPACE',''
  ) );
#5292 = PCURVE('',#3966,#5293);
#5293 = DEFINITIONAL_REPRESENTATION('',(#5294),#5298);
#5294 = LINE('',#5295,#5296);
#5295 = CARTESIAN_POINT('',(0.,1.5175395382E+03));
#5296 = VECTOR('',#5297,1.);
#5297 = DIRECTION('',(1.,0.));
#5298 = ( GEOMETRIC_REPRESENTATION_CONTEXT(2) 
PARAMETRIC_REPRESENTATION_CONTEXT() REPRESENTATION_CONTEXT('2D SPACE',''
  ) );
#5299 = ORIENTED_EDGE('',*,*,#4407,.F.);
#5300 = ADVANCED_FACE('',(#5301),#3966,.T.);
#5301 = FACE_BOUND('',#5302,.T.);
#5302 = EDGE_LOOP('',(#5303,#5359,#5380,#5381,#5382,#5383,#5384,#5385,
    #5386,#5387));
#5303 = ORIENTED_EDGE('',*,*,#5304,.T.);
#5304 = EDGE_CURVE('',#5305,#5305,#5307,.T.);
#5305 = VERTEX_POINT('',#5306);
#5306 = CARTESIAN_POINT('',(635.75131002796,359.31100356438,8.));
#5307 = SURFACE_CURVE('',#5308,(#5313,#5347),.PCURVE_S1.);
#5308 = ELLIPSE('',#5309,14.820755866619,14.);
#5309 = AXIS2_PLACEMENT_3D('',#5310,#5311,#5312);
#5310 = CARTESIAN_POINT('',(621.13142277315,358.61039414021,8.));
#5311 = DIRECTION('',(0.,0.,1.));
#5312 = DIRECTION('',(-0.866025403784,-0.5,0.));
#5313 = PCURVE('',#3966,#5314);
#5314 = DEFINITIONAL_REPRESENTATION('',(#5315),#5346);
#5315 = B_SPLINE_CURVE_WITH_KNOTS('',8,(#5316,#5317,#5318,#5319,#5320,
    #5321,#5322,#5323,#5324,#5325,#5326,#5327,#5328,#5329,#5330,#5331,
    #5332,#5333,#5334,#5335,#5336,#5337,#5338,#5339,#5340,#5341,#5342,
    #5343,#5344,#5345),.UNSPECIFIED.,.F.,.F.,(9,7,7,7,9),(2.642305469556
    ,4.213101796351,5.391199041447,7.158344909091,8.925490776735),
  .UNSPECIFIED.);
#5316 = CARTESIAN_POINT('',(0.,4.19911378602));
#5317 = CARTESIAN_POINT('',(0.196349540849,3.741874447544));
#5318 = CARTESIAN_POINT('',(0.392699081698,3.47276964817));
#5319 = CARTESIAN_POINT('',(0.589048622547,3.418660520882));
#5320 = CARTESIAN_POINT('',(0.785398163394,3.590937661389));
#5321 = CARTESIAN_POINT('',(0.981747704248,3.982196900271));
#5322 = CARTESIAN_POINT('',(1.178097245095,4.566124978561));
#5323 = CARTESIAN_POINT('',(1.374446785946,5.301911667901));
#5324 = CARTESIAN_POINT('',(1.718058482432,6.769095665598));
#5325 = CARTESIAN_POINT('',(1.865320638069,7.455603685278));
#5326 = CARTESIAN_POINT('',(2.012582793705,8.179047868588));
#5327 = CARTESIAN_POINT('',(2.159844949342,8.915979282607));
#5328 = CARTESIAN_POINT('',(2.30710710498,9.641719778627));
#5329 = CARTESIAN_POINT('',(2.454369260617,10.332119494787));
#5330 = CARTESIAN_POINT('',(2.601631416254,10.965257435237));
#5331 = CARTESIAN_POINT('',(2.969786805347,12.358893103953));
#5332 = CARTESIAN_POINT('',(3.190680038805,13.024786451999));
#5333 = CARTESIAN_POINT('',(3.411573272248,13.458218915337));
#5334 = CARTESIAN_POINT('',(3.632466505725,13.614748023028));
#5335 = CARTESIAN_POINT('',(3.85335973916,13.477345324864));
#5336 = CARTESIAN_POINT('',(4.074252972624,13.061583677048));
#5337 = CARTESIAN_POINT('',(4.29514620608,12.410686223945));
#5338 = CARTESIAN_POINT('',(4.736932672991,10.76125973206));
#5339 = CARTESIAN_POINT('',(4.957825906447,9.762729780355));
#5340 = CARTESIAN_POINT('',(5.178719139876,8.651710495469));
#5341 = CARTESIAN_POINT('',(5.399612373367,7.507580367106));
#5342 = CARTESIAN_POINT('',(5.620505606799,6.418368003335));
#5343 = CARTESIAN_POINT('',(5.841398840271,5.466010834363));
#5344 = CARTESIAN_POINT('',(6.062292073724,4.713508041806));
#5345 = CARTESIAN_POINT('',(6.28318530718,4.19911378602));
#5346 = ( GEOMETRIC_REPRESENTATION_CONTEXT(2) 
PARAMETRIC_REPRESENTATION_CONTEXT() REPRESENTATION_CONTEXT('2D SPACE',''
  ) );
#5347 = PCURVE('',#5348,#5353);
#5348 = PLANE('',#5349);
#5349 = AXIS2_PLACEMENT_3D('',#5350,#5351,#5352);
#5350 = CARTESIAN_POINT('',(583.53829072479,320.,8.));
#5351 = DIRECTION('',(0.,0.,1.));
#5352 = DIRECTION('',(1.,0.,-0.));
#5353 = DEFINITIONAL_REPRESENTATION('',(#5354),#5358);
#5354 = ELLIPSE('',#5355,14.820755866619,14.);
#5355 = AXIS2_PLACEMENT_2D('',#5356,#5357);
#5356 = CARTESIAN_POINT('',(37.593132048359,38.610394140216));
#5357 = DIRECTION('',(-0.866025403784,-0.5));
#5358 = ( GEOMETRIC_REPRESENTATION_CONTEXT(2) 
PARAMETRIC_REPRESENTATION_CONTEXT() REPRESENTATION_CONTEXT('2D SPACE',''
  ) );
#5359 = ORIENTED_EDGE('',*,*,#5360,.T.);
#5360 = EDGE_CURVE('',#5305,#5255,#5361,.T.);
#5361 = SEAM_CURVE('',#5362,(#5366,#5373),.PCURVE_S1.);
#5362 = LINE('',#5363,#5364);
#5363 = CARTESIAN_POINT('',(636.94468686068,360.,4.033428150808));
#5364 = VECTOR('',#5365,1.);
#5365 = DIRECTION('',(-0.2841973077,-0.164081392104,0.94462118707));
#5366 = PCURVE('',#3966,#5367);
#5367 = DEFINITIONAL_REPRESENTATION('',(#5368),#5372);
#5368 = LINE('',#5369,#5370);
#5369 = CARTESIAN_POINT('',(0.,-0.));
#5370 = VECTOR('',#5371,1.);
#5371 = DIRECTION('',(0.,1.));
#5372 = ( GEOMETRIC_REPRESENTATION_CONTEXT(2) 
PARAMETRIC_REPRESENTATION_CONTEXT() REPRESENTATION_CONTEXT('2D SPACE',''
  ) );
#5373 = PCURVE('',#3966,#5374);
#5374 = DEFINITIONAL_REPRESENTATION('',(#5375),#5379);
#5375 = LINE('',#5376,#5377);
#5376 = CARTESIAN_POINT('',(6.28318530718,-0.));
#5377 = VECTOR('',#5378,1.);
#5378 = DIRECTION('',(0.,1.));
#5379 = ( GEOMETRIC_REPRESENTATION_CONTEXT(2) 
PARAMETRIC_REPRESENTATION_CONTEXT() REPRESENTATION_CONTEXT('2D SPACE',''
  ) );
#5380 = ORIENTED_EDGE('',*,*,#5254,.F.);
#5381 = ORIENTED_EDGE('',*,*,#4369,.F.);
#5382 = ORIENTED_EDGE('',*,*,#4094,.F.);
#5383 = ORIENTED_EDGE('',*,*,#5229,.F.);
#5384 = ORIENTED_EDGE('',*,*,#3798,.T.);
#5385 = ORIENTED_EDGE('',*,*,#4447,.T.);
#5386 = ORIENTED_EDGE('',*,*,#5278,.F.);
#5387 = ORIENTED_EDGE('',*,*,#5360,.F.);
#5388 = ADVANCED_FACE('',(#5389,#5503),#5348,.T.);
#5389 = FACE_BOUND('',#5390,.T.);
#5390 = EDGE_LOOP('',(#5391,#5421,#5449,#5477));
#5391 = ORIENTED_EDGE('',*,*,#5392,.F.);
#5392 = EDGE_CURVE('',#5393,#5395,#5397,.T.);
#5393 = VERTEX_POINT('',#5394);
#5394 = CARTESIAN_POINT('',(583.53829072479,320.,8.));
#5395 = VERTEX_POINT('',#5396);
#5396 = CARTESIAN_POINT('',(583.53829072479,400.,8.));
#5397 = SURFACE_CURVE('',#5398,(#5402,#5409),.PCURVE_S1.);
#5398 = LINE('',#5399,#5400);
#5399 = CARTESIAN_POINT('',(583.53829072479,320.,8.));
#5400 = VECTOR('',#5401,1.);
#5401 = DIRECTION('',(-0.,1.,0.));
#5402 = PCURVE('',#5348,#5403);
#5403 = DEFINITIONAL_REPRESENTATION('',(#5404),#5408);
#5404 = LINE('',#5405,#5406);
#5405 = CARTESIAN_POINT('',(0.,0.));
#5406 = VECTOR('',#5407,1.);
#5407 = DIRECTION('',(0.,1.));
#5408 = ( GEOMETRIC_REPRESENTATION_CONTEXT(2) 
PARAMETRIC_REPRESENTATION_CONTEXT() REPRESENTATION_CONTEXT('2D SPACE',''
  ) );
#5409 = PCURVE('',#5410,#5415);
#5410 = PLANE('',#5411);
#5411 = AXIS2_PLACEMENT_3D('',#5412,#5413,#5414);
#5412 = CARTESIAN_POINT('',(583.53829072479,320.,0.));
#5413 = DIRECTION('',(1.,0.,-0.));
#5414 = DIRECTION('',(0.,0.,1.));
#5415 = DEFINITIONAL_REPRESENTATION('',(#5416),#5420);
#5416 = LINE('',#5417,#5418);
#5417 = CARTESIAN_POINT('',(8.,0.));
#5418 = VECTOR('',#5419,1.);
#5419 = DIRECTION('',(0.,-1.));
#5420 = ( GEOMETRIC_REPRESENTATION_CONTEXT(2) 
PARAMETRIC_REPRESENTATION_CONTEXT() REPRESENTATION_CONTEXT('2D SPACE',''
  ) );
#5421 = ORIENTED_EDGE('',*,*,#5422,.T.);
#5422 = EDGE_CURVE('',#5393,#5423,#5425,.T.);
#5423 = VERTEX_POINT('',#5424);
#5424 = CARTESIAN_POINT('',(663.53829072479,320.,8.));
#5425 = SURFACE_CURVE('',#5426,(#5430,#5437),.PCURVE_S1.);
#5426 = LINE('',#5427,#5428);
#5427 = CARTESIAN_POINT('',(583.53829072479,320.,8.));
#5428 = VECTOR('',#5429,1.);
#5429 = DIRECTION('',(1.,0.,-0.));
#5430 = PCURVE('',#5348,#5431);
#5431 = DEFINITIONAL_REPRESENTATION('',(#5432),#5436);
#5432 = LINE('',#5433,#5434);
#5433 = CARTESIAN_POINT('',(0.,0.));
#5434 = VECTOR('',#5435,1.);
#5435 = DIRECTION('',(1.,0.));
#5436 = ( GEOMETRIC_REPRESENTATION_CONTEXT(2) 
PARAMETRIC_REPRESENTATION_CONTEXT() REPRESENTATION_CONTEXT('2D SPACE',''
  ) );
#5437 = PCURVE('',#5438,#5443);
#5438 = PLANE('',#5439);
#5439 = AXIS2_PLACEMENT_3D('',#5440,#5441,#5442);
#5440 = CARTESIAN_POINT('',(583.53829072479,320.,0.));
#5441 = DIRECTION('',(-0.,1.,0.));
#5442 = DIRECTION('',(0.,0.,1.));
#5443 = DEFINITIONAL_REPRESENTATION('',(#5444),#5448);
#5444 = LINE('',#5445,#5446);
#5445 = CARTESIAN_POINT('',(8.,0.));
#5446 = VECTOR('',#5447,1.);
#5447 = DIRECTION('',(0.,1.));
#5448 = ( GEOMETRIC_REPRESENTATION_CONTEXT(2) 
PARAMETRIC_REPRESENTATION_CONTEXT() REPRESENTATION_CONTEXT('2D SPACE',''
  ) );
#5449 = ORIENTED_EDGE('',*,*,#5450,.T.);
#5450 = EDGE_CURVE('',#5423,#5451,#5453,.T.);
#5451 = VERTEX_POINT('',#5452);
#5452 = CARTESIAN_POINT('',(663.53829072479,400.,8.));
#5453 = SURFACE_CURVE('',#5454,(#5458,#5465),.PCURVE_S1.);
#5454 = LINE('',#5455,#5456);
#5455 = CARTESIAN_POINT('',(663.53829072479,320.,8.));
#5456 = VECTOR('',#5457,1.);
#5457 = DIRECTION('',(-0.,1.,0.));
#5458 = PCURVE('',#5348,#5459);
#5459 = DEFINITIONAL_REPRESENTATION('',(#5460),#5464);
#5460 = LINE('',#5461,#5462);
#5461 = CARTESIAN_POINT('',(80.,0.));
#5462 = VECTOR('',#5463,1.);
#5463 = DIRECTION('',(0.,1.));
#5464 = ( GEOMETRIC_REPRESENTATION_CONTEXT(2) 
PARAMETRIC_REPRESENTATION_CONTEXT() REPRESENTATION_CONTEXT('2D SPACE',''
  ) );
#5465 = PCURVE('',#5466,#5471);
#5466 = PLANE('',#5467);
#5467 = AXIS2_PLACEMENT_3D('',#5468,#5469,#5470);
#5468 = CARTESIAN_POINT('',(663.53829072479,320.,0.));
#5469 = DIRECTION('',(1.,0.,-0.));
#5470 = DIRECTION('',(0.,0.,1.));
#5471 = DEFINITIONAL_REPRESENTATION('',(#5472),#5476);
#5472 = LINE('',#5473,#5474);
#5473 = CARTESIAN_POINT('',(8.,0.));
#5474 = VECTOR('',#5475,1.);
#5475 = DIRECTION('',(0.,-1.));
#5476 = ( GEOMETRIC_REPRESENTATION_CONTEXT(2) 
PARAMETRIC_REPRESENTATION_CONTEXT() REPRESENTATION_CONTEXT('2D SPACE',''
  ) );
#5477 = ORIENTED_EDGE('',*,*,#5478,.F.);
#5478 = EDGE_CURVE('',#5395,#5451,#5479,.T.);
#5479 = SURFACE_CURVE('',#5480,(#5484,#5491),.PCURVE_S1.);
#5480 = LINE('',#5481,#5482);
#5481 = CARTESIAN_POINT('',(583.53829072479,400.,8.));
#5482 = VECTOR('',#5483,1.);
#5483 = DIRECTION('',(1.,0.,-0.));
#5484 = PCURVE('',#5348,#5485);
#5485 = DEFINITIONAL_REPRESENTATION('',(#5486),#5490);
#5486 = LINE('',#5487,#5488);
#5487 = CARTESIAN_POINT('',(0.,80.));
#5488 = VECTOR('',#5489,1.);
#5489 = DIRECTION('',(1.,0.));
#5490 = ( GEOMETRIC_REPRESENTATION_CONTEXT(2) 
PARAMETRIC_REPRESENTATION_CONTEXT() REPRESENTATION_CONTEXT('2D SPACE',''
  ) );
#5491 = PCURVE('',#5492,#5497);
#5492 = PLANE('',#5493);
#5493 = AXIS2_PLACEMENT_3D('',#5494,#5495,#5496);
#5494 = CARTESIAN_POINT('',(583.53829072479,400.,0.));
#5495 = DIRECTION('',(-0.,1.,0.));
#5496 = DIRECTION('',(0.,0.,1.));
#5497 = DEFINITIONAL_REPRESENTATION('',(#5498),#5502);
#5498 = LINE('',#5499,#5500);
#5499 = CARTESIAN_POINT('',(8.,0.));
#5500 = VECTOR('',#5501,1.);
#5501 = DIRECTION('',(0.,1.));
#5502 = ( GEOMETRIC_REPRESENTATION_CONTEXT(2) 
PARAMETRIC_REPRESENTATION_CONTEXT() REPRESENTATION_CONTEXT('2D SPACE',''
  ) );
#5503 = FACE_BOUND('',#5504,.T.);
#5504 = EDGE_LOOP('',(#5505));
#5505 = ORIENTED_EDGE('',*,*,#5304,.F.);
#5506 = ADVANCED_FACE('',(#5507),#5466,.T.);
#5507 = FACE_BOUND('',#5508,.T.);
#5508 = EDGE_LOOP('',(#5509,#5532,#5560,#5581));
#5509 = ORIENTED_EDGE('',*,*,#5510,.F.);
#5510 = EDGE_CURVE('',#5511,#5423,#5513,.T.);
#5511 = VERTEX_POINT('',#5512);
#5512 = CARTESIAN_POINT('',(663.53829072479,320.,0.));
#5513 = SURFACE_CURVE('',#5514,(#5518,#5525),.PCURVE_S1.);
#5514 = LINE('',#5515,#5516);
#5515 = CARTESIAN_POINT('',(663.53829072479,320.,0.));
#5516 = VECTOR('',#5517,1.);
#5517 = DIRECTION('',(0.,0.,1.));
#5518 = PCURVE('',#5466,#5519);
#5519 = DEFINITIONAL_REPRESENTATION('',(#5520),#5524);
#5520 = LINE('',#5521,#5522);
#5521 = CARTESIAN_POINT('',(0.,0.));
#5522 = VECTOR('',#5523,1.);
#5523 = DIRECTION('',(1.,0.));
#5524 = ( GEOMETRIC_REPRESENTATION_CONTEXT(2) 
PARAMETRIC_REPRESENTATION_CONTEXT() REPRESENTATION_CONTEXT('2D SPACE',''
  ) );
#5525 = PCURVE('',#5438,#5526);
#5526 = DEFINITIONAL_REPRESENTATION('',(#5527),#5531);
#5527 = LINE('',#5528,#5529);
#5528 = CARTESIAN_POINT('',(0.,80.));
#5529 = VECTOR('',#5530,1.);
#5530 = DIRECTION('',(1.,0.));
#5531 = ( GEOMETRIC_REPRESENTATION_CONTEXT(2) 
PARAMETRIC_REPRESENTATION_CONTEXT() REPRESENTATION_CONTEXT('2D SPACE',''
  ) );
#5532 = ORIENTED_EDGE('',*,*,#5533,.T.);
#5533 = EDGE_CURVE('',#5511,#5534,#5536,.T.);
#5534 = VERTEX_POINT('',#5535);
#5535 = CARTESIAN_POINT('',(663.53829072479,400.,0.));
#5536 = SURFACE_CURVE('',#5537,(#5541,#5548),.PCURVE_S1.);
#5537 = LINE('',#5538,#5539);
#5538 = CARTESIAN_POINT('',(663.53829072479,320.,0.));
#5539 = VECTOR('',#5540,1.);
#5540 = DIRECTION('',(-0.,1.,0.));
#5541 = PCURVE('',#5466,#5542);
#5542 = DEFINITIONAL_REPRESENTATION('',(#5543),#5547);
#5543 = LINE('',#5544,#5545);
#5544 = CARTESIAN_POINT('',(0.,0.));
#5545 = VECTOR('',#5546,1.);
#5546 = DIRECTION('',(0.,-1.));
#5547 = ( GEOMETRIC_REPRESENTATION_CONTEXT(2) 
PARAMETRIC_REPRESENTATION_CONTEXT() REPRESENTATION_CONTEXT('2D SPACE',''
  ) );
#5548 = PCURVE('',#5549,#5554);
#5549 = PLANE('',#5550);
#5550 = AXIS2_PLACEMENT_3D('',#5551,#5552,#5553);
#5551 = CARTESIAN_POINT('',(583.53829072479,320.,0.));
#5552 = DIRECTION('',(0.,0.,1.));
#5553 = DIRECTION('',(1.,0.,-0.));
#5554 = DEFINITIONAL_REPRESENTATION('',(#5555),#5559);
#5555 = LINE('',#5556,#5557);
#5556 = CARTESIAN_POINT('',(80.,0.));
#5557 = VECTOR('',#5558,1.);
#5558 = DIRECTION('',(0.,1.));
#5559 = ( GEOMETRIC_REPRESENTATION_CONTEXT(2) 
PARAMETRIC_REPRESENTATION_CONTEXT() REPRESENTATION_CONTEXT('2D SPACE',''
  ) );
#5560 = ORIENTED_EDGE('',*,*,#5561,.T.);
#5561 = EDGE_CURVE('',#5534,#5451,#5562,.T.);
#5562 = SURFACE_CURVE('',#5563,(#5567,#5574),.PCURVE_S1.);
#5563 = LINE('',#5564,#5565);
#5564 = CARTESIAN_POINT('',(663.53829072479,400.,0.));
#5565 = VECTOR('',#5566,1.);
#5566 = DIRECTION('',(0.,0.,1.));
#5567 = PCURVE('',#5466,#5568);
#5568 = DEFINITIONAL_REPRESENTATION('',(#5569),#5573);
#5569 = LINE('',#5570,#5571);
#5570 = CARTESIAN_POINT('',(0.,-80.));
#5571 = VECTOR('',#5572,1.);
#5572 = DIRECTION('',(1.,0.));
#5573 = ( GEOMETRIC_REPRESENTATION_CONTEXT(2) 
PARAMETRIC_REPRESENTATION_CONTEXT() REPRESENTATION_CONTEXT('2D SPACE',''
  ) );
#5574 = PCURVE('',#5492,#5575);
#5575 = DEFINITIONAL_REPRESENTATION('',(#5576),#5580);
#5576 = LINE('',#5577,#5578);
#5577 = CARTESIAN_POINT('',(0.,80.));
#5578 = VECTOR('',#5579,1.);
#5579 = DIRECTION('',(1.,0.));
#5580 = ( GEOMETRIC_REPRESENTATION_CONTEXT(2) 
PARAMETRIC_REPRESENTATION_CONTEXT() REPRESENTATION_CONTEXT('2D SPACE',''
  ) );
#5581 = ORIENTED_EDGE('',*,*,#5450,.F.);
#5582 = ADVANCED_FACE('',(#5583,#5653),#5549,.F.);
#5583 = FACE_BOUND('',#5584,.F.);
#5584 = EDGE_LOOP('',(#5585,#5610,#5631,#5632));
#5585 = ORIENTED_EDGE('',*,*,#5586,.F.);
#5586 = EDGE_CURVE('',#5587,#5589,#5591,.T.);
#5587 = VERTEX_POINT('',#5588);
#5588 = CARTESIAN_POINT('',(583.53829072479,320.,0.));
#5589 = VERTEX_POINT('',#5590);
#5590 = CARTESIAN_POINT('',(583.53829072479,400.,0.));
#5591 = SURFACE_CURVE('',#5592,(#5596,#5603),.PCURVE_S1.);
#5592 = LINE('',#5593,#5594);
#5593 = CARTESIAN_POINT('',(583.53829072479,320.,0.));
#5594 = VECTOR('',#5595,1.);
#5595 = DIRECTION('',(-0.,1.,0.));
#5596 = PCURVE('',#5549,#5597);
#5597 = DEFINITIONAL_REPRESENTATION('',(#5598),#5602);
#5598 = LINE('',#5599,#5600);
#5599 = CARTESIAN_POINT('',(0.,0.));
#5600 = VECTOR('',#5601,1.);
#5601 = DIRECTION('',(0.,1.));
#5602 = ( GEOMETRIC_REPRESENTATION_CONTEXT(2) 
PARAMETRIC_REPRESENTATION_CONTEXT() REPRESENTATION_CONTEXT('2D SPACE',''
  ) );
#5603 = PCURVE('',#5410,#5604);
#5604 = DEFINITIONAL_REPRESENTATION('',(#5605),#5609);
#5605 = LINE('',#5606,#5607);
#5606 = CARTESIAN_POINT('',(0.,0.));
#5607 = VECTOR('',#5608,1.);
#5608 = DIRECTION('',(0.,-1.));
#5609 = ( GEOMETRIC_REPRESENTATION_CONTEXT(2) 
PARAMETRIC_REPRESENTATION_CONTEXT() REPRESENTATION_CONTEXT('2D SPACE',''
  ) );
#5610 = ORIENTED_EDGE('',*,*,#5611,.T.);
#5611 = EDGE_CURVE('',#5587,#5511,#5612,.T.);
#5612 = SURFACE_CURVE('',#5613,(#5617,#5624),.PCURVE_S1.);
#5613 = LINE('',#5614,#5615);
#5614 = CARTESIAN_POINT('',(583.53829072479,320.,0.));
#5615 = VECTOR('',#5616,1.);
#5616 = DIRECTION('',(1.,0.,-0.));
#5617 = PCURVE('',#5549,#5618);
#5618 = DEFINITIONAL_REPRESENTATION('',(#5619),#5623);
#5619 = LINE('',#5620,#5621);
#5620 = CARTESIAN_POINT('',(0.,0.));
#5621 = VECTOR('',#5622,1.);
#5622 = DIRECTION('',(1.,0.));
#5623 = ( GEOMETRIC_REPRESENTATION_CONTEXT(2) 
PARAMETRIC_REPRESENTATION_CONTEXT() REPRESENTATION_CONTEXT('2D SPACE',''
  ) );
#5624 = PCURVE('',#5438,#5625);
#5625 = DEFINITIONAL_REPRESENTATION('',(#5626),#5630);
#5626 = LINE('',#5627,#5628);
#5627 = CARTESIAN_POINT('',(0.,0.));
#5628 = VECTOR('',#5629,1.);
#5629 = DIRECTION('',(0.,1.));
#5630 = ( GEOMETRIC_REPRESENTATION_CONTEXT(2) 
PARAMETRIC_REPRESENTATION_CONTEXT() REPRESENTATION_CONTEXT('2D SPACE',''
  ) );
#5631 = ORIENTED_EDGE('',*,*,#5533,.T.);
#5632 = ORIENTED_EDGE('',*,*,#5633,.F.);
#5633 = EDGE_CURVE('',#5589,#5534,#5634,.T.);
#5634 = SURFACE_CURVE('',#5635,(#5639,#5646),.PCURVE_S1.);
#5635 = LINE('',#5636,#5637);
#5636 = CARTESIAN_POINT('',(583.53829072479,400.,0.));
#5637 = VECTOR('',#5638,1.);
#5638 = DIRECTION('',(1.,0.,-0.));
#5639 = PCURVE('',#5549,#5640);
#5640 = DEFINITIONAL_REPRESENTATION('',(#5641),#5645);
#5641 = LINE('',#5642,#5643);
#5642 = CARTESIAN_POINT('',(0.,80.));
#5643 = VECTOR('',#5644,1.);
#5644 = DIRECTION('',(1.,0.));
#5645 = ( GEOMETRIC_REPRESENTATION_CONTEXT(2) 
PARAMETRIC_REPRESENTATION_CONTEXT() REPRESENTATION_CONTEXT('2D SPACE',''
  ) );
#5646 = PCURVE('',#5492,#5647);
#5647 = DEFINITIONAL_REPRESENTATION('',(#5648),#5652);
#5648 = LINE('',#5649,#5650);
#5649 = CARTESIAN_POINT('',(0.,0.));
#5650 = VECTOR('',#5651,1.);
#5651 = DIRECTION('',(0.,1.));
#5652 = ( GEOMETRIC_REPRESENTATION_CONTEXT(2) 
PARAMETRIC_REPRESENTATION_CONTEXT() REPRESENTATION_CONTEXT('2D SPACE',''
  ) );
#5653 = FACE_BOUND('',#5654,.F.);
#5654 = EDGE_LOOP('',(#5655,#5699));
#5655 = ORIENTED_EDGE('',*,*,#5656,.F.);
#5656 = EDGE_CURVE('',#5657,#5659,#5661,.T.);
#5657 = VERTEX_POINT('',#5658);
#5658 = CARTESIAN_POINT('',(616.53829072479,372.12435565298,
    7.993605777301E-15));
#5659 = VERTEX_POINT('',#5660);
#5660 = CARTESIAN_POINT('',(630.53829072479,347.87564434701,
    5.773159728051E-15));
#5661 = SURFACE_CURVE('',#5662,(#5667,#5674),.PCURVE_S1.);
#5662 = ELLIPSE('',#5663,14.820755866619,14.);
#5663 = AXIS2_PLACEMENT_3D('',#5664,#5665,#5666);
#5664 = CARTESIAN_POINT('',(623.53829072479,360.,0.));
#5665 = DIRECTION('',(0.,0.,1.));
#5666 = DIRECTION('',(-0.866025403784,-0.5,0.));
#5667 = PCURVE('',#5549,#5668);
#5668 = DEFINITIONAL_REPRESENTATION('',(#5669),#5673);
#5669 = ELLIPSE('',#5670,14.820755866619,14.);
#5670 = AXIS2_PLACEMENT_2D('',#5671,#5672);
#5671 = CARTESIAN_POINT('',(40.,40.));
#5672 = DIRECTION('',(-0.866025403784,-0.5));
#5673 = ( GEOMETRIC_REPRESENTATION_CONTEXT(2) 
PARAMETRIC_REPRESENTATION_CONTEXT() REPRESENTATION_CONTEXT('2D SPACE',''
  ) );
#5674 = PCURVE('',#5675,#5680);
#5675 = CYLINDRICAL_SURFACE('',#5676,14.);
#5676 = AXIS2_PLACEMENT_3D('',#5677,#5678,#5679);
#5677 = CARTESIAN_POINT('',(623.53829072479,360.,0.));
#5678 = DIRECTION('',(-0.2841973077,-0.164081392104,0.94462118707));
#5679 = DIRECTION('',(0.957599723992,6.938893903907E-18,0.288102010772)
  );
#5680 = DEFINITIONAL_REPRESENTATION('',(#5681),#5698);
#5681 = B_SPLINE_CURVE_WITH_KNOTS('',8,(#5682,#5683,#5684,#5685,#5686,
    #5687,#5688,#5689,#5690,#5691,#5692,#5693,#5694,#5695,#5696,#5697),
  .UNSPECIFIED.,.F.,.F.,(9,7,9),(4.712388486925,6.28318530718,
    7.853982127434),.UNSPECIFIED.);
#5682 = CARTESIAN_POINT('',(2.070083017369,-2.399999971203E-06));
#5683 = CARTESIAN_POINT('',(2.266432619901,0.954967553855));
#5684 = CARTESIAN_POINT('',(2.462782222434,1.909937840191));
#5685 = CARTESIAN_POINT('',(2.659131824959,2.808804105958));
#5686 = CARTESIAN_POINT('',(2.855481427512,3.595473235233));
#5687 = CARTESIAN_POINT('',(3.051831030019,4.22073724457));
#5688 = CARTESIAN_POINT('',(3.24818063256,4.649325480857));
#5689 = CARTESIAN_POINT('',(3.444530235092,4.863620509243));
#5690 = CARTESIAN_POINT('',(3.837229440156,4.863620509243));
#5691 = CARTESIAN_POINT('',(4.033579042691,4.649325480861));
#5692 = CARTESIAN_POINT('',(4.229928645205,4.220737244539));
#5693 = CARTESIAN_POINT('',(4.426278247753,3.595473235246));
#5694 = CARTESIAN_POINT('',(4.622627850278,2.808804105942));
#5695 = CARTESIAN_POINT('',(4.818977452815,1.909937840194));
#5696 = CARTESIAN_POINT('',(5.015327055346,0.954967553855));
#5697 = CARTESIAN_POINT('',(5.211676657878,-2.399999971203E-06));
#5698 = ( GEOMETRIC_REPRESENTATION_CONTEXT(2) 
PARAMETRIC_REPRESENTATION_CONTEXT() REPRESENTATION_CONTEXT('2D SPACE',''
  ) );
#5699 = ORIENTED_EDGE('',*,*,#5700,.F.);
#5700 = EDGE_CURVE('',#5659,#5657,#5701,.T.);
#5701 = SURFACE_CURVE('',#5702,(#5706,#5712),.PCURVE_S1.);
#5702 = LINE('',#5703,#5704);
#5703 = CARTESIAN_POINT('',(627.19854476264,353.66025403784,0.));
#5704 = VECTOR('',#5705,1.);
#5705 = DIRECTION('',(-0.5,0.866025403784,0.));
#5706 = PCURVE('',#5549,#5707);
#5707 = DEFINITIONAL_REPRESENTATION('',(#5708),#5711);
#5708 = B_SPLINE_CURVE_WITH_KNOTS('',1,(#5709,#5710),.UNSPECIFIED.,.F.,
  .F.,(2,2),(-8.626201100649,23.267217252026),.PIECEWISE_BEZIER_KNOTS.);
#5709 = CARTESIAN_POINT('',(47.973354588169,26.189744746529));
#5710 = CARTESIAN_POINT('',(32.026645411831,53.810255253471));
#5711 = ( GEOMETRIC_REPRESENTATION_CONTEXT(2) 
PARAMETRIC_REPRESENTATION_CONTEXT() REPRESENTATION_CONTEXT('2D SPACE',''
  ) );
#5712 = PCURVE('',#5713,#5718);
#5713 = PLANE('',#5714);
#5714 = AXIS2_PLACEMENT_3D('',#5715,#5716,#5717);
#5715 = CARTESIAN_POINT('',(623.53829072479,360.,0.));
#5716 = DIRECTION('',(-0.2841973077,-0.164081392104,0.94462118707));
#5717 = DIRECTION('',(0.957599723992,6.938893903907E-18,0.288102010772)
  );
#5718 = DEFINITIONAL_REPRESENTATION('',(#5719),#5722);
#5719 = B_SPLINE_CURVE_WITH_KNOTS('',1,(#5720,#5721),.UNSPECIFIED.,.F.,
  .F.,(2,2),(-8.626201100649,23.267217252026),.PIECEWISE_BEZIER_KNOTS.);
#5720 = CARTESIAN_POINT('',(7.635282152919,-14.));
#5721 = CARTESIAN_POINT('',(-7.635282152919,14.));
#5722 = ( GEOMETRIC_REPRESENTATION_CONTEXT(2) 
PARAMETRIC_REPRESENTATION_CONTEXT() REPRESENTATION_CONTEXT('2D SPACE',''
  ) );
#5723 = ADVANCED_FACE('',(#5724),#5713,.F.);
#5724 = FACE_BOUND('',#5725,.F.);
#5725 = EDGE_LOOP('',(#5726,#5727));
#5726 = ORIENTED_EDGE('',*,*,#5700,.T.);
#5727 = ORIENTED_EDGE('',*,*,#5728,.T.);
#5728 = EDGE_CURVE('',#5657,#5659,#5729,.T.);
#5729 = SURFACE_CURVE('',#5730,(#5735,#5742),.PCURVE_S1.);
#5730 = CIRCLE('',#5731,14.);
#5731 = AXIS2_PLACEMENT_3D('',#5732,#5733,#5734);
#5732 = CARTESIAN_POINT('',(623.53829072479,360.,0.));
#5733 = DIRECTION('',(-0.2841973077,-0.164081392104,0.94462118707));
#5734 = DIRECTION('',(0.957599723992,6.938893903907E-18,0.288102010772)
  );
#5735 = PCURVE('',#5713,#5736);
#5736 = DEFINITIONAL_REPRESENTATION('',(#5737),#5741);
#5737 = CIRCLE('',#5738,14.);
#5738 = AXIS2_PLACEMENT_2D('',#5739,#5740);
#5739 = CARTESIAN_POINT('',(0.,0.));
#5740 = DIRECTION('',(1.,0.));
#5741 = ( GEOMETRIC_REPRESENTATION_CONTEXT(2) 
PARAMETRIC_REPRESENTATION_CONTEXT() REPRESENTATION_CONTEXT('2D SPACE',''
  ) );
#5742 = PCURVE('',#5675,#5743);
#5743 = DEFINITIONAL_REPRESENTATION('',(#5744),#5748);
#5744 = LINE('',#5745,#5746);
#5745 = CARTESIAN_POINT('',(0.,0.));
#5746 = VECTOR('',#5747,1.);
#5747 = DIRECTION('',(1.,0.));
#5748 = ( GEOMETRIC_REPRESENTATION_CONTEXT(2) 
PARAMETRIC_REPRESENTATION_CONTEXT() REPRESENTATION_CONTEXT('2D SPACE',''
  ) );
#5749 = ADVANCED_FACE('',(#5750),#5675,.T.);
#5750 = FACE_BOUND('',#5751,.T.);
#5751 = EDGE_LOOP('',(#5752,#5753));
#5752 = ORIENTED_EDGE('',*,*,#5656,.F.);
#5753 = ORIENTED_EDGE('',*,*,#5728,.T.);
#5754 = ADVANCED_FACE('',(#5755),#5438,.F.);
#5755 = FACE_BOUND('',#5756,.F.);
#5756 = EDGE_LOOP('',(#5757,#5758,#5779,#5780));
#5757 = ORIENTED_EDGE('',*,*,#5611,.F.);
#5758 = ORIENTED_EDGE('',*,*,#5759,.T.);
#5759 = EDGE_CURVE('',#5587,#5393,#5760,.T.);
#5760 = SURFACE_CURVE('',#5761,(#5765,#5772),.PCURVE_S1.);
#5761 = LINE('',#5762,#5763);
#5762 = CARTESIAN_POINT('',(583.53829072479,320.,0.));
#5763 = VECTOR('',#5764,1.);
#5764 = DIRECTION('',(0.,0.,1.));
#5765 = PCURVE('',#5438,#5766);
#5766 = DEFINITIONAL_REPRESENTATION('',(#5767),#5771);
#5767 = LINE('',#5768,#5769);
#5768 = CARTESIAN_POINT('',(0.,0.));
#5769 = VECTOR('',#5770,1.);
#5770 = DIRECTION('',(1.,0.));
#5771 = ( GEOMETRIC_REPRESENTATION_CONTEXT(2) 
PARAMETRIC_REPRESENTATION_CONTEXT() REPRESENTATION_CONTEXT('2D SPACE',''
  ) );
#5772 = PCURVE('',#5410,#5773);
#5773 = DEFINITIONAL_REPRESENTATION('',(#5774),#5778);
#5774 = LINE('',#5775,#5776);
#5775 = CARTESIAN_POINT('',(0.,0.));
#5776 = VECTOR('',#5777,1.);
#5777 = DIRECTION('',(1.,0.));
#5778 = ( GEOMETRIC_REPRESENTATION_CONTEXT(2) 
PARAMETRIC_REPRESENTATION_CONTEXT() REPRESENTATION_CONTEXT('2D SPACE',''
  ) );
#5779 = ORIENTED_EDGE('',*,*,#5422,.T.);
#5780 = ORIENTED_EDGE('',*,*,#5510,.F.);
#5781 = ADVANCED_FACE('',(#5782),#5492,.T.);
#5782 = FACE_BOUND('',#5783,.T.);
#5783 = EDGE_LOOP('',(#5784,#5785,#5806,#5807));
#5784 = ORIENTED_EDGE('',*,*,#5633,.F.);
#5785 = ORIENTED_EDGE('',*,*,#5786,.T.);
#5786 = EDGE_CURVE('',#5589,#5395,#5787,.T.);
#5787 = SURFACE_CURVE('',#5788,(#5792,#5799),.PCURVE_S1.);
#5788 = LINE('',#5789,#5790);
#5789 = CARTESIAN_POINT('',(583.53829072479,400.,0.));
#5790 = VECTOR('',#5791,1.);
#5791 = DIRECTION('',(0.,0.,1.));
#5792 = PCURVE('',#5492,#5793);
#5793 = DEFINITIONAL_REPRESENTATION('',(#5794),#5798);
#5794 = LINE('',#5795,#5796);
#5795 = CARTESIAN_POINT('',(0.,0.));
#5796 = VECTOR('',#5797,1.);
#5797 = DIRECTION('',(1.,0.));
#5798 = ( GEOMETRIC_REPRESENTATION_CONTEXT(2) 
PARAMETRIC_REPRESENTATION_CONTEXT() REPRESENTATION_CONTEXT('2D SPACE',''
  ) );
#5799 = PCURVE('',#5410,#5800);
#5800 = DEFINITIONAL_REPRESENTATION('',(#5801),#5805);
#5801 = LINE('',#5802,#5803);
#5802 = CARTESIAN_POINT('',(0.,-80.));
#5803 = VECTOR('',#5804,1.);
#5804 = DIRECTION('',(1.,0.));
#5805 = ( GEOMETRIC_REPRESENTATION_CONTEXT(2) 
PARAMETRIC_REPRESENTATION_CONTEXT() REPRESENTATION_CONTEXT('2D SPACE',''
  ) );
#5806 = ORIENTED_EDGE('',*,*,#5478,.T.);
#5807 = ORIENTED_EDGE('',*,*,#5561,.F.);
#5808 = ADVANCED_FACE('',(#5809),#5410,.F.);
#5809 = FACE_BOUND('',#5810,.F.);
#5810 = EDGE_LOOP('',(#5811,#5812,#5813,#5814));
#5811 = ORIENTED_EDGE('',*,*,#5759,.F.);
#5812 = ORIENTED_EDGE('',*,*,#5586,.T.);
#5813 = ORIENTED_EDGE('',*,*,#5786,.T.);
#5814 = ORIENTED_EDGE('',*,*,#5392,.F.);
#5815 = ADVANCED_FACE('',(#5816),#4544,.T.);
#5816 = FACE_BOUND('',#5817,.T.);
#5817 = EDGE_LOOP('',(#5818,#5819));
#5818 = ORIENTED_EDGE('',*,*,#4522,.F.);
#5819 = ORIENTED_EDGE('',*,*,#5820,.T.);
#5820 = EDGE_CURVE('',#4485,#2452,#5821,.T.);
#5821 = SURFACE_CURVE('',#5822,(#5827,#5834),.PCURVE_S1.);
#5822 = CIRCLE('',#5823,14.);
#5823 = AXIS2_PLACEMENT_3D('',#5824,#5825,#5826);
#5824 = CARTESIAN_POINT('',(-192.2576396401,111.,1.4335E+03));
#5825 = DIRECTION('',(0.2841973077,-0.164081392104,0.94462118707));
#5826 = DIRECTION('',(0.957599723992,-6.938893903907E-18,-0.288102010772
    ));
#5827 = PCURVE('',#4544,#5828);
#5828 = DEFINITIONAL_REPRESENTATION('',(#5829),#5833);
#5829 = CIRCLE('',#5830,14.);
#5830 = AXIS2_PLACEMENT_2D('',#5831,#5832);
#5831 = CARTESIAN_POINT('',(0.,0.));
#5832 = DIRECTION('',(1.,0.));
#5833 = ( GEOMETRIC_REPRESENTATION_CONTEXT(2) 
PARAMETRIC_REPRESENTATION_CONTEXT() REPRESENTATION_CONTEXT('2D SPACE',''
  ) );
#5834 = PCURVE('',#2482,#5835);
#5835 = DEFINITIONAL_REPRESENTATION('',(#5836),#5840);
#5836 = LINE('',#5837,#5838);
#5837 = CARTESIAN_POINT('',(0.,1.5175395382E+03));
#5838 = VECTOR('',#5839,1.);
#5839 = DIRECTION('',(1.,0.));
#5840 = ( GEOMETRIC_REPRESENTATION_CONTEXT(2) 
PARAMETRIC_REPRESENTATION_CONTEXT() REPRESENTATION_CONTEXT('2D SPACE',''
  ) );
#5841 = ADVANCED_FACE('',(#5842),#2482,.T.);
#5842 = FACE_BOUND('',#5843,.T.);
#5843 = EDGE_LOOP('',(#5844,#5900,#5921,#5922,#5923,#5924,#5925,#5926,
    #5927,#5928));
#5844 = ORIENTED_EDGE('',*,*,#5845,.T.);
#5845 = EDGE_CURVE('',#5846,#5846,#5848,.T.);
#5846 = VERTEX_POINT('',#5847);
#5847 = CARTESIAN_POINT('',(-606.5115355183,357.90978471604,8.));
#5848 = SURFACE_CURVE('',#5849,(#5854,#5888),.PCURVE_S1.);
#5849 = ELLIPSE('',#5850,14.820755866619,14.);
#5850 = AXIS2_PLACEMENT_3D('',#5851,#5852,#5853);
#5851 = CARTESIAN_POINT('',(-621.1314227731,358.61039414021,8.));
#5852 = DIRECTION('',(0.,0.,1.));
#5853 = DIRECTION('',(0.866025403784,-0.5,0.));
#5854 = PCURVE('',#2482,#5855);
#5855 = DEFINITIONAL_REPRESENTATION('',(#5856),#5887);
#5856 = B_SPLINE_CURVE_WITH_KNOTS('',8,(#5857,#5858,#5859,#5860,#5861,
    #5862,#5863,#5864,#5865,#5866,#5867,#5868,#5869,#5870,#5871,#5872,
    #5873,#5874,#5875,#5876,#5877,#5878,#5879,#5880,#5881,#5882,#5883,
    #5884,#5885,#5886),.UNSPECIFIED.,.F.,.F.,(9,7,7,7,9),(0.499287184034
    ,2.070083510829,4.426278001021,5.604375246117,6.782472491214),
  .UNSPECIFIED.);
#5857 = CARTESIAN_POINT('',(4.060244204343E-15,12.738892918688));
#5858 = CARTESIAN_POINT('',(0.196349540849,12.281653580212));
#5859 = CARTESIAN_POINT('',(0.392699081698,11.636279485492));
#5860 = CARTESIAN_POINT('',(0.589048622548,10.829634963993));
#5861 = CARTESIAN_POINT('',(0.785398163395,9.904044113173));
#5862 = CARTESIAN_POINT('',(0.981747704247,8.914032597233));
#5863 = CARTESIAN_POINT('',(1.178097245095,7.919688799981));
#5864 = CARTESIAN_POINT('',(1.374446785946,6.978693379555));
#5865 = CARTESIAN_POINT('',(1.865320638069,4.882716239987));
#5866 = CARTESIAN_POINT('',(2.15984494934,3.855989893785));
#5867 = CARTESIAN_POINT('',(2.454369260624,3.226353373761));
#5868 = CARTESIAN_POINT('',(2.748893571885,3.117301476581));
#5869 = CARTESIAN_POINT('',(3.043417883167,3.563601648295));
#5870 = CARTESIAN_POINT('',(3.337942194436,4.484004563217));
#5871 = CARTESIAN_POINT('',(3.632466505713,5.722152287905));
#5872 = CARTESIAN_POINT('',(4.074252972624,7.783487304584));
#5873 = CARTESIAN_POINT('',(4.221515128261,8.504618276519));
#5874 = CARTESIAN_POINT('',(4.3687772839,9.23706339104));
#5875 = CARTESIAN_POINT('',(4.516039439535,9.956540651182));
#5876 = CARTESIAN_POINT('',(4.66330159517,10.638774501099));
#5877 = CARTESIAN_POINT('',(4.81056375081,11.261247525222));
#5878 = CARTESIAN_POINT('',(4.957825906446,11.804762705966));
#5879 = CARTESIAN_POINT('',(5.25235021772,12.70415405469));
#5880 = CARTESIAN_POINT('',(5.399612373358,13.060029893517));
#5881 = CARTESIAN_POINT('',(5.546874528996,13.307228856173));
#5882 = CARTESIAN_POINT('',(5.694136684634,13.435220992274));
#5883 = CARTESIAN_POINT('',(5.841398840271,13.43887414139));
#5884 = CARTESIAN_POINT('',(5.988660995905,13.318925782314));
#5885 = CARTESIAN_POINT('',(6.135923151543,13.081822422545));
#5886 = CARTESIAN_POINT('',(6.28318530718,12.738892918688));
#5887 = ( GEOMETRIC_REPRESENTATION_CONTEXT(2) 
PARAMETRIC_REPRESENTATION_CONTEXT() REPRESENTATION_CONTEXT('2D SPACE',''
  ) );
#5888 = PCURVE('',#5889,#5894);
#5889 = PLANE('',#5890);
#5890 = AXIS2_PLACEMENT_3D('',#5891,#5892,#5893);
#5891 = CARTESIAN_POINT('',(-663.5382907247,320.,8.));
#5892 = DIRECTION('',(0.,0.,1.));
#5893 = DIRECTION('',(1.,0.,-0.));
#5894 = DEFINITIONAL_REPRESENTATION('',(#5895),#5899);
#5895 = ELLIPSE('',#5896,14.820755866619,14.);
#5896 = AXIS2_PLACEMENT_2D('',#5897,#5898);
#5897 = CARTESIAN_POINT('',(42.406867951641,38.610394140216));
#5898 = DIRECTION('',(0.866025403784,-0.5));
#5899 = ( GEOMETRIC_REPRESENTATION_CONTEXT(2) 
PARAMETRIC_REPRESENTATION_CONTEXT() REPRESENTATION_CONTEXT('2D SPACE',''
  ) );
#5900 = ORIENTED_EDGE('',*,*,#5901,.T.);
#5901 = EDGE_CURVE('',#5846,#5179,#5902,.T.);
#5902 = SEAM_CURVE('',#5903,(#5907,#5914),.PCURVE_S1.);
#5903 = LINE('',#5904,#5905);
#5904 = CARTESIAN_POINT('',(-610.1318945889,360.,-4.033428150808));
#5905 = VECTOR('',#5906,1.);
#5906 = DIRECTION('',(0.2841973077,-0.164081392104,0.94462118707));
#5907 = PCURVE('',#2482,#5908);
#5908 = DEFINITIONAL_REPRESENTATION('',(#5909),#5913);
#5909 = LINE('',#5910,#5911);
#5910 = CARTESIAN_POINT('',(0.,-0.));
#5911 = VECTOR('',#5912,1.);
#5912 = DIRECTION('',(0.,1.));
#5913 = ( GEOMETRIC_REPRESENTATION_CONTEXT(2) 
PARAMETRIC_REPRESENTATION_CONTEXT() REPRESENTATION_CONTEXT('2D SPACE',''
  ) );
#5914 = PCURVE('',#2482,#5915);
#5915 = DEFINITIONAL_REPRESENTATION('',(#5916),#5920);
#5916 = LINE('',#5917,#5918);
#5917 = CARTESIAN_POINT('',(6.28318530718,-0.));
#5918 = VECTOR('',#5919,1.);
#5919 = DIRECTION('',(0.,1.));
#5920 = ( GEOMETRIC_REPRESENTATION_CONTEXT(2) 
PARAMETRIC_REPRESENTATION_CONTEXT() REPRESENTATION_CONTEXT('2D SPACE',''
  ) );
#5921 = ORIENTED_EDGE('',*,*,#5178,.F.);
#5922 = ORIENTED_EDGE('',*,*,#3232,.T.);
#5923 = ORIENTED_EDGE('',*,*,#2449,.T.);
#5924 = ORIENTED_EDGE('',*,*,#5820,.F.);
#5925 = ORIENTED_EDGE('',*,*,#4484,.F.);
#5926 = ORIENTED_EDGE('',*,*,#3523,.F.);
#5927 = ORIENTED_EDGE('',*,*,#5202,.F.);
#5928 = ORIENTED_EDGE('',*,*,#5901,.F.);
#5929 = ADVANCED_FACE('',(#5930,#6044),#5889,.T.);
#5930 = FACE_BOUND('',#5931,.T.);
#5931 = EDGE_LOOP('',(#5932,#5962,#5990,#6018));
#5932 = ORIENTED_EDGE('',*,*,#5933,.F.);
#5933 = EDGE_CURVE('',#5934,#5936,#5938,.T.);
#5934 = VERTEX_POINT('',#5935);
#5935 = CARTESIAN_POINT('',(-663.5382907247,320.,8.));
#5936 = VERTEX_POINT('',#5937);
#5937 = CARTESIAN_POINT('',(-663.5382907247,400.,8.));
#5938 = SURFACE_CURVE('',#5939,(#5943,#5950),.PCURVE_S1.);
#5939 = LINE('',#5940,#5941);
#5940 = CARTESIAN_POINT('',(-663.5382907247,320.,8.));
#5941 = VECTOR('',#5942,1.);
#5942 = DIRECTION('',(-0.,1.,0.));
#5943 = PCURVE('',#5889,#5944);
#5944 = DEFINITIONAL_REPRESENTATION('',(#5945),#5949);
#5945 = LINE('',#5946,#5947);
#5946 = CARTESIAN_POINT('',(0.,0.));
#5947 = VECTOR('',#5948,1.);
#5948 = DIRECTION('',(0.,1.));
#5949 = ( GEOMETRIC_REPRESENTATION_CONTEXT(2) 
PARAMETRIC_REPRESENTATION_CONTEXT() REPRESENTATION_CONTEXT('2D SPACE',''
  ) );
#5950 = PCURVE('',#5951,#5956);
#5951 = PLANE('',#5952);
#5952 = AXIS2_PLACEMENT_3D('',#5953,#5954,#5955);
#5953 = CARTESIAN_POINT('',(-663.5382907247,320.,0.));
#5954 = DIRECTION('',(1.,0.,-0.));
#5955 = DIRECTION('',(0.,0.,1.));
#5956 = DEFINITIONAL_REPRESENTATION('',(#5957),#5961);
#5957 = LINE('',#5958,#5959);
#5958 = CARTESIAN_POINT('',(8.,0.));
#5959 = VECTOR('',#5960,1.);
#5960 = DIRECTION('',(0.,-1.));
#5961 = ( GEOMETRIC_REPRESENTATION_CONTEXT(2) 
PARAMETRIC_REPRESENTATION_CONTEXT() REPRESENTATION_CONTEXT('2D SPACE',''
  ) );
#5962 = ORIENTED_EDGE('',*,*,#5963,.T.);
#5963 = EDGE_CURVE('',#5934,#5964,#5966,.T.);
#5964 = VERTEX_POINT('',#5965);
#5965 = CARTESIAN_POINT('',(-583.5382907247,320.,8.));
#5966 = SURFACE_CURVE('',#5967,(#5971,#5978),.PCURVE_S1.);
#5967 = LINE('',#5968,#5969);
#5968 = CARTESIAN_POINT('',(-663.5382907247,320.,8.));
#5969 = VECTOR('',#5970,1.);
#5970 = DIRECTION('',(1.,0.,-0.));
#5971 = PCURVE('',#5889,#5972);
#5972 = DEFINITIONAL_REPRESENTATION('',(#5973),#5977);
#5973 = LINE('',#5974,#5975);
#5974 = CARTESIAN_POINT('',(0.,0.));
#5975 = VECTOR('',#5976,1.);
#5976 = DIRECTION('',(1.,0.));
#5977 = ( GEOMETRIC_REPRESENTATION_CONTEXT(2) 
PARAMETRIC_REPRESENTATION_CONTEXT() REPRESENTATION_CONTEXT('2D SPACE',''
  ) );
#5978 = PCURVE('',#5979,#5984);
#5979 = PLANE('',#5980);
#5980 = AXIS2_PLACEMENT_3D('',#5981,#5982,#5983);
#5981 = CARTESIAN_POINT('',(-663.5382907247,320.,0.));
#5982 = DIRECTION('',(-0.,1.,0.));
#5983 = DIRECTION('',(0.,0.,1.));
#5984 = DEFINITIONAL_REPRESENTATION('',(#5985),#5989);
#5985 = LINE('',#5986,#5987);
#5986 = CARTESIAN_POINT('',(8.,0.));
#5987 = VECTOR('',#5988,1.);
#5988 = DIRECTION('',(0.,1.));
#5989 = ( GEOMETRIC_REPRESENTATION_CONTEXT(2) 
PARAMETRIC_REPRESENTATION_CONTEXT() REPRESENTATION_CONTEXT('2D SPACE',''
  ) );
#5990 = ORIENTED_EDGE('',*,*,#5991,.T.);
#5991 = EDGE_CURVE('',#5964,#5992,#5994,.T.);
#5992 = VERTEX_POINT('',#5993);
#5993 = CARTESIAN_POINT('',(-583.5382907247,400.,8.));
#5994 = SURFACE_CURVE('',#5995,(#5999,#6006),.PCURVE_S1.);
#5995 = LINE('',#5996,#5997);
#5996 = CARTESIAN_POINT('',(-583.5382907247,320.,8.));
#5997 = VECTOR('',#5998,1.);
#5998 = DIRECTION('',(-0.,1.,0.));
#5999 = PCURVE('',#5889,#6000);
#6000 = DEFINITIONAL_REPRESENTATION('',(#6001),#6005);
#6001 = LINE('',#6002,#6003);
#6002 = CARTESIAN_POINT('',(80.,0.));
#6003 = VECTOR('',#6004,1.);
#6004 = DIRECTION('',(0.,1.));
#6005 = ( GEOMETRIC_REPRESENTATION_CONTEXT(2) 
PARAMETRIC_REPRESENTATION_CONTEXT() REPRESENTATION_CONTEXT('2D SPACE',''
  ) );
#6006 = PCURVE('',#6007,#6012);
#6007 = PLANE('',#6008);
#6008 = AXIS2_PLACEMENT_3D('',#6009,#6010,#6011);
#6009 = CARTESIAN_POINT('',(-583.5382907247,320.,0.));
#6010 = DIRECTION('',(1.,0.,-0.));
#6011 = DIRECTION('',(0.,0.,1.));
#6012 = DEFINITIONAL_REPRESENTATION('',(#6013),#6017);
#6013 = LINE('',#6014,#6015);
#6014 = CARTESIAN_POINT('',(8.,0.));
#6015 = VECTOR('',#6016,1.);
#6016 = DIRECTION('',(0.,-1.));
#6017 = ( GEOMETRIC_REPRESENTATION_CONTEXT(2) 
PARAMETRIC_REPRESENTATION_CONTEXT() REPRESENTATION_CONTEXT('2D SPACE',''
  ) );
#6018 = ORIENTED_EDGE('',*,*,#6019,.F.);
#6019 = EDGE_CURVE('',#5936,#5992,#6020,.T.);
#6020 = SURFACE_CURVE('',#6021,(#6025,#6032),.PCURVE_S1.);
#6021 = LINE('',#6022,#6023);
#6022 = CARTESIAN_POINT('',(-663.5382907247,400.,8.));
#6023 = VECTOR('',#6024,1.);
#6024 = DIRECTION('',(1.,0.,-0.));
#6025 = PCURVE('',#5889,#6026);
#6026 = DEFINITIONAL_REPRESENTATION('',(#6027),#6031);
#6027 = LINE('',#6028,#6029);
#6028 = CARTESIAN_POINT('',(0.,80.));
#6029 = VECTOR('',#6030,1.);
#6030 = DIRECTION('',(1.,0.));
#6031 = ( GEOMETRIC_REPRESENTATION_CONTEXT(2) 
PARAMETRIC_REPRESENTATION_CONTEXT() REPRESENTATION_CONTEXT('2D SPACE',''
  ) );
#6032 = PCURVE('',#6033,#6038);
#6033 = PLANE('',#6034);
#6034 = AXIS2_PLACEMENT_3D('',#6035,#6036,#6037);
#6035 = CARTESIAN_POINT('',(-663.5382907247,400.,0.));
#6036 = DIRECTION('',(-0.,1.,0.));
#6037 = DIRECTION('',(0.,0.,1.));
#6038 = DEFINITIONAL_REPRESENTATION('',(#6039),#6043);
#6039 = LINE('',#6040,#6041);
#6040 = CARTESIAN_POINT('',(8.,0.));
#6041 = VECTOR('',#6042,1.);
#6042 = DIRECTION('',(0.,1.));
#6043 = ( GEOMETRIC_REPRESENTATION_CONTEXT(2) 
PARAMETRIC_REPRESENTATION_CONTEXT() REPRESENTATION_CONTEXT('2D SPACE',''
  ) );
#6044 = FACE_BOUND('',#6045,.T.);
#6045 = EDGE_LOOP('',(#6046));
#6046 = ORIENTED_EDGE('',*,*,#5845,.F.);
#6047 = ADVANCED_FACE('',(#6048),#6007,.T.);
#6048 = FACE_BOUND('',#6049,.T.);
#6049 = EDGE_LOOP('',(#6050,#6073,#6101,#6122));
#6050 = ORIENTED_EDGE('',*,*,#6051,.F.);
#6051 = EDGE_CURVE('',#6052,#5964,#6054,.T.);
#6052 = VERTEX_POINT('',#6053);
#6053 = CARTESIAN_POINT('',(-583.5382907247,320.,0.));
#6054 = SURFACE_CURVE('',#6055,(#6059,#6066),.PCURVE_S1.);
#6055 = LINE('',#6056,#6057);
#6056 = CARTESIAN_POINT('',(-583.5382907247,320.,0.));
#6057 = VECTOR('',#6058,1.);
#6058 = DIRECTION('',(0.,0.,1.));
#6059 = PCURVE('',#6007,#6060);
#6060 = DEFINITIONAL_REPRESENTATION('',(#6061),#6065);
#6061 = LINE('',#6062,#6063);
#6062 = CARTESIAN_POINT('',(0.,0.));
#6063 = VECTOR('',#6064,1.);
#6064 = DIRECTION('',(1.,0.));
#6065 = ( GEOMETRIC_REPRESENTATION_CONTEXT(2) 
PARAMETRIC_REPRESENTATION_CONTEXT() REPRESENTATION_CONTEXT('2D SPACE',''
  ) );
#6066 = PCURVE('',#5979,#6067);
#6067 = DEFINITIONAL_REPRESENTATION('',(#6068),#6072);
#6068 = LINE('',#6069,#6070);
#6069 = CARTESIAN_POINT('',(0.,80.));
#6070 = VECTOR('',#6071,1.);
#6071 = DIRECTION('',(1.,0.));
#6072 = ( GEOMETRIC_REPRESENTATION_CONTEXT(2) 
PARAMETRIC_REPRESENTATION_CONTEXT() REPRESENTATION_CONTEXT('2D SPACE',''
  ) );
#6073 = ORIENTED_EDGE('',*,*,#6074,.T.);
#6074 = EDGE_CURVE('',#6052,#6075,#6077,.T.);
#6075 = VERTEX_POINT('',#6076);
#6076 = CARTESIAN_POINT('',(-583.5382907247,400.,0.));
#6077 = SURFACE_CURVE('',#6078,(#6082,#6089),.PCURVE_S1.);
#6078 = LINE('',#6079,#6080);
#6079 = CARTESIAN_POINT('',(-583.5382907247,320.,0.));
#6080 = VECTOR('',#6081,1.);
#6081 = DIRECTION('',(-0.,1.,0.));
#6082 = PCURVE('',#6007,#6083);
#6083 = DEFINITIONAL_REPRESENTATION('',(#6084),#6088);
#6084 = LINE('',#6085,#6086);
#6085 = CARTESIAN_POINT('',(0.,0.));
#6086 = VECTOR('',#6087,1.);
#6087 = DIRECTION('',(0.,-1.));
#6088 = ( GEOMETRIC_REPRESENTATION_CONTEXT(2) 
PARAMETRIC_REPRESENTATION_CONTEXT() REPRESENTATION_CONTEXT('2D SPACE',''
  ) );
#6089 = PCURVE('',#6090,#6095);
#6090 = PLANE('',#6091);
#6091 = AXIS2_PLACEMENT_3D('',#6092,#6093,#6094);
#6092 = CARTESIAN_POINT('',(-663.5382907247,320.,0.));
#6093 = DIRECTION('',(0.,0.,1.));
#6094 = DIRECTION('',(1.,0.,-0.));
#6095 = DEFINITIONAL_REPRESENTATION('',(#6096),#6100);
#6096 = LINE('',#6097,#6098);
#6097 = CARTESIAN_POINT('',(80.,0.));
#6098 = VECTOR('',#6099,1.);
#6099 = DIRECTION('',(0.,1.));
#6100 = ( GEOMETRIC_REPRESENTATION_CONTEXT(2) 
PARAMETRIC_REPRESENTATION_CONTEXT() REPRESENTATION_CONTEXT('2D SPACE',''
  ) );
#6101 = ORIENTED_EDGE('',*,*,#6102,.T.);
#6102 = EDGE_CURVE('',#6075,#5992,#6103,.T.);
#6103 = SURFACE_CURVE('',#6104,(#6108,#6115),.PCURVE_S1.);
#6104 = LINE('',#6105,#6106);
#6105 = CARTESIAN_POINT('',(-583.5382907247,400.,0.));
#6106 = VECTOR('',#6107,1.);
#6107 = DIRECTION('',(0.,0.,1.));
#6108 = PCURVE('',#6007,#6109);
#6109 = DEFINITIONAL_REPRESENTATION('',(#6110),#6114);
#6110 = LINE('',#6111,#6112);
#6111 = CARTESIAN_POINT('',(0.,-80.));
#6112 = VECTOR('',#6113,1.);
#6113 = DIRECTION('',(1.,0.));
#6114 = ( GEOMETRIC_REPRESENTATION_CONTEXT(2) 
PARAMETRIC_REPRESENTATION_CONTEXT() REPRESENTATION_CONTEXT('2D SPACE',''
  ) );
#6115 = PCURVE('',#6033,#6116);
#6116 = DEFINITIONAL_REPRESENTATION('',(#6117),#6121);
#6117 = LINE('',#6118,#6119);
#6118 = CARTESIAN_POINT('',(0.,80.));
#6119 = VECTOR('',#6120,1.);
#6120 = DIRECTION('',(1.,0.));
#6121 = ( GEOMETRIC_REPRESENTATION_CONTEXT(2) 
PARAMETRIC_REPRESENTATION_CONTEXT() REPRESENTATION_CONTEXT('2D SPACE',''
  ) );
#6122 = ORIENTED_EDGE('',*,*,#5991,.F.);
#6123 = ADVANCED_FACE('',(#6124,#6194),#6090,.F.);
#6124 = FACE_BOUND('',#6125,.F.);
#6125 = EDGE_LOOP('',(#6126,#6151,#6172,#6173));
#6126 = ORIENTED_EDGE('',*,*,#6127,.F.);
#6127 = EDGE_CURVE('',#6128,#6130,#6132,.T.);
#6128 = VERTEX_POINT('',#6129);
#6129 = CARTESIAN_POINT('',(-663.5382907247,320.,0.));
#6130 = VERTEX_POINT('',#6131);
#6131 = CARTESIAN_POINT('',(-663.5382907247,400.,0.));
#6132 = SURFACE_CURVE('',#6133,(#6137,#6144),.PCURVE_S1.);
#6133 = LINE('',#6134,#6135);
#6134 = CARTESIAN_POINT('',(-663.5382907247,320.,0.));
#6135 = VECTOR('',#6136,1.);
#6136 = DIRECTION('',(-0.,1.,0.));
#6137 = PCURVE('',#6090,#6138);
#6138 = DEFINITIONAL_REPRESENTATION('',(#6139),#6143);
#6139 = LINE('',#6140,#6141);
#6140 = CARTESIAN_POINT('',(0.,0.));
#6141 = VECTOR('',#6142,1.);
#6142 = DIRECTION('',(0.,1.));
#6143 = ( GEOMETRIC_REPRESENTATION_CONTEXT(2) 
PARAMETRIC_REPRESENTATION_CONTEXT() REPRESENTATION_CONTEXT('2D SPACE',''
  ) );
#6144 = PCURVE('',#5951,#6145);
#6145 = DEFINITIONAL_REPRESENTATION('',(#6146),#6150);
#6146 = LINE('',#6147,#6148);
#6147 = CARTESIAN_POINT('',(0.,0.));
#6148 = VECTOR('',#6149,1.);
#6149 = DIRECTION('',(0.,-1.));
#6150 = ( GEOMETRIC_REPRESENTATION_CONTEXT(2) 
PARAMETRIC_REPRESENTATION_CONTEXT() REPRESENTATION_CONTEXT('2D SPACE',''
  ) );
#6151 = ORIENTED_EDGE('',*,*,#6152,.T.);
#6152 = EDGE_CURVE('',#6128,#6052,#6153,.T.);
#6153 = SURFACE_CURVE('',#6154,(#6158,#6165),.PCURVE_S1.);
#6154 = LINE('',#6155,#6156);
#6155 = CARTESIAN_POINT('',(-663.5382907247,320.,0.));
#6156 = VECTOR('',#6157,1.);
#6157 = DIRECTION('',(1.,0.,-0.));
#6158 = PCURVE('',#6090,#6159);
#6159 = DEFINITIONAL_REPRESENTATION('',(#6160),#6164);
#6160 = LINE('',#6161,#6162);
#6161 = CARTESIAN_POINT('',(0.,0.));
#6162 = VECTOR('',#6163,1.);
#6163 = DIRECTION('',(1.,0.));
#6164 = ( GEOMETRIC_REPRESENTATION_CONTEXT(2) 
PARAMETRIC_REPRESENTATION_CONTEXT() REPRESENTATION_CONTEXT('2D SPACE',''
  ) );
#6165 = PCURVE('',#5979,#6166);
#6166 = DEFINITIONAL_REPRESENTATION('',(#6167),#6171);
#6167 = LINE('',#6168,#6169);
#6168 = CARTESIAN_POINT('',(0.,0.));
#6169 = VECTOR('',#6170,1.);
#6170 = DIRECTION('',(0.,1.));
#6171 = ( GEOMETRIC_REPRESENTATION_CONTEXT(2) 
PARAMETRIC_REPRESENTATION_CONTEXT() REPRESENTATION_CONTEXT('2D SPACE',''
  ) );
#6172 = ORIENTED_EDGE('',*,*,#6074,.T.);
#6173 = ORIENTED_EDGE('',*,*,#6174,.F.);
#6174 = EDGE_CURVE('',#6130,#6075,#6175,.T.);
#6175 = SURFACE_CURVE('',#6176,(#6180,#6187),.PCURVE_S1.);
#6176 = LINE('',#6177,#6178);
#6177 = CARTESIAN_POINT('',(-663.5382907247,400.,0.));
#6178 = VECTOR('',#6179,1.);
#6179 = DIRECTION('',(1.,0.,-0.));
#6180 = PCURVE('',#6090,#6181);
#6181 = DEFINITIONAL_REPRESENTATION('',(#6182),#6186);
#6182 = LINE('',#6183,#6184);
#6183 = CARTESIAN_POINT('',(0.,80.));
#6184 = VECTOR('',#6185,1.);
#6185 = DIRECTION('',(1.,0.));
#6186 = ( GEOMETRIC_REPRESENTATION_CONTEXT(2) 
PARAMETRIC_REPRESENTATION_CONTEXT() REPRESENTATION_CONTEXT('2D SPACE',''
  ) );
#6187 = PCURVE('',#6033,#6188);
#6188 = DEFINITIONAL_REPRESENTATION('',(#6189),#6193);
#6189 = LINE('',#6190,#6191);
#6190 = CARTESIAN_POINT('',(0.,0.));
#6191 = VECTOR('',#6192,1.);
#6192 = DIRECTION('',(0.,1.));
#6193 = ( GEOMETRIC_REPRESENTATION_CONTEXT(2) 
PARAMETRIC_REPRESENTATION_CONTEXT() REPRESENTATION_CONTEXT('2D SPACE',''
  ) );
#6194 = FACE_BOUND('',#6195,.F.);
#6195 = EDGE_LOOP('',(#6196,#6232,#6267));
#6196 = ORIENTED_EDGE('',*,*,#6197,.F.);
#6197 = EDGE_CURVE('',#6198,#6200,#6202,.T.);
#6198 = VERTEX_POINT('',#6199);
#6199 = CARTESIAN_POINT('',(-608.9184034699,359.29939057582,0.));
#6200 = VERTEX_POINT('',#6201);
#6201 = CARTESIAN_POINT('',(-616.5382907247,372.12435565298,
    1.398881011028E-14));
#6202 = SURFACE_CURVE('',#6203,(#6208,#6215),.PCURVE_S1.);
#6203 = ELLIPSE('',#6204,14.820755866619,14.);
#6204 = AXIS2_PLACEMENT_3D('',#6205,#6206,#6207);
#6205 = CARTESIAN_POINT('',(-623.5382907247,360.,0.));
#6206 = DIRECTION('',(0.,0.,1.));
#6207 = DIRECTION('',(0.866025403784,-0.5,0.));
#6208 = PCURVE('',#6090,#6209);
#6209 = DEFINITIONAL_REPRESENTATION('',(#6210),#6214);
#6210 = ELLIPSE('',#6211,14.820755866619,14.);
#6211 = AXIS2_PLACEMENT_2D('',#6212,#6213);
#6212 = CARTESIAN_POINT('',(40.,40.));
#6213 = DIRECTION('',(0.866025403784,-0.5));
#6214 = ( GEOMETRIC_REPRESENTATION_CONTEXT(2) 
PARAMETRIC_REPRESENTATION_CONTEXT() REPRESENTATION_CONTEXT('2D SPACE',''
  ) );
#6215 = PCURVE('',#6216,#6221);
#6216 = CYLINDRICAL_SURFACE('',#6217,14.);
#6217 = AXIS2_PLACEMENT_3D('',#6218,#6219,#6220);
#6218 = CARTESIAN_POINT('',(-623.5382907247,360.,0.));
#6219 = DIRECTION('',(0.2841973077,-0.164081392104,0.94462118707));
#6220 = DIRECTION('',(0.957599723992,-6.938893903907E-18,-0.288102010772
    ));
#6221 = DEFINITIONAL_REPRESENTATION('',(#6222),#6231);
#6222 = B_SPLINE_CURVE_WITH_KNOTS('',7,(#6223,#6224,#6225,#6226,#6227,
    #6228,#6229,#6230),.UNSPECIFIED.,.F.,.F.,(8,8),(0.499287184034,
    1.570796326795),.PIECEWISE_BEZIER_KNOTS.);
#6223 = CARTESIAN_POINT('',(6.28318530718,4.269889566334));
#6224 = CARTESIAN_POINT('',(6.43625804186,3.913428962244));
#6225 = CARTESIAN_POINT('',(6.58933077654,3.440244466955));
#6226 = CARTESIAN_POINT('',(6.74240351122,2.863979644204));
#6227 = CARTESIAN_POINT('',(6.8954762459,2.204971484423));
#6228 = CARTESIAN_POINT('',(7.04854898058,1.488975233117));
#6229 = CARTESIAN_POINT('',(7.20162171526,0.744487691796));
#6230 = CARTESIAN_POINT('',(7.354694449941,3.987401347038E-14));
#6231 = ( GEOMETRIC_REPRESENTATION_CONTEXT(2) 
PARAMETRIC_REPRESENTATION_CONTEXT() REPRESENTATION_CONTEXT('2D SPACE',''
  ) );
#6232 = ORIENTED_EDGE('',*,*,#6233,.F.);
#6233 = EDGE_CURVE('',#6234,#6198,#6236,.T.);
#6234 = VERTEX_POINT('',#6235);
#6235 = CARTESIAN_POINT('',(-630.5382907247,347.87564434701,
    1.532107773983E-14));
#6236 = SURFACE_CURVE('',#6237,(#6242,#6249),.PCURVE_S1.);
#6237 = ELLIPSE('',#6238,14.820755866619,14.);
#6238 = AXIS2_PLACEMENT_3D('',#6239,#6240,#6241);
#6239 = CARTESIAN_POINT('',(-623.5382907247,360.,0.));
#6240 = DIRECTION('',(0.,0.,1.));
#6241 = DIRECTION('',(0.866025403784,-0.5,0.));
#6242 = PCURVE('',#6090,#6243);
#6243 = DEFINITIONAL_REPRESENTATION('',(#6244),#6248);
#6244 = ELLIPSE('',#6245,14.820755866619,14.);
#6245 = AXIS2_PLACEMENT_2D('',#6246,#6247);
#6246 = CARTESIAN_POINT('',(40.,40.));
#6247 = DIRECTION('',(0.866025403784,-0.5));
#6248 = ( GEOMETRIC_REPRESENTATION_CONTEXT(2) 
PARAMETRIC_REPRESENTATION_CONTEXT() REPRESENTATION_CONTEXT('2D SPACE',''
  ) );
#6249 = PCURVE('',#6216,#6250);
#6250 = DEFINITIONAL_REPRESENTATION('',(#6251),#6266);
#6251 = B_SPLINE_CURVE_WITH_KNOTS('',7,(#6252,#6253,#6254,#6255,#6256,
    #6257,#6258,#6259,#6260,#6261,#6262,#6263,#6264,#6265),
  .UNSPECIFIED.,.F.,.F.,(8,6,8),(4.712388980385,5.747430489069,
    6.782472491214),.UNSPECIFIED.);
#6252 = CARTESIAN_POINT('',(4.213101796351,1.688520930962E-14));
#6253 = CARTESIAN_POINT('',(4.36096486902,0.719149872793));
#6254 = CARTESIAN_POINT('',(4.508827941689,1.438299635021));
#6255 = CARTESIAN_POINT('',(4.656691014358,2.131769060535));
#6256 = CARTESIAN_POINT('',(4.804554087029,2.773873764094));
#6257 = CARTESIAN_POINT('',(4.952417159697,3.341233429402));
#6258 = CARTESIAN_POINT('',(5.100280232366,3.815028263218));
#6259 = CARTESIAN_POINT('',(5.396006448199,4.549266421232));
#6260 = CARTESIAN_POINT('',(5.543869591362,4.809709442426));
#6261 = CARTESIAN_POINT('',(5.691732734526,4.95036882442));
#6262 = CARTESIAN_POINT('',(5.839595877689,4.963839791269));
#6263 = CARTESIAN_POINT('',(5.987459020853,4.849633571563));
#6264 = CARTESIAN_POINT('',(6.135322164016,4.614218590342));
#6265 = CARTESIAN_POINT('',(6.28318530718,4.269889566334));
#6266 = ( GEOMETRIC_REPRESENTATION_CONTEXT(2) 
PARAMETRIC_REPRESENTATION_CONTEXT() REPRESENTATION_CONTEXT('2D SPACE',''
  ) );
#6267 = ORIENTED_EDGE('',*,*,#6268,.F.);
#6268 = EDGE_CURVE('',#6200,#6234,#6269,.T.);
#6269 = SURFACE_CURVE('',#6270,(#6274,#6280),.PCURVE_S1.);
#6270 = LINE('',#6271,#6272);
#6271 = CARTESIAN_POINT('',(-637.1985447626,336.33974596215,0.));
#6272 = VECTOR('',#6273,1.);
#6273 = DIRECTION('',(-0.5,-0.866025403784,0.));
#6274 = PCURVE('',#6090,#6275);
#6275 = DEFINITIONAL_REPRESENTATION('',(#6276),#6279);
#6276 = B_SPLINE_CURVE_WITH_KNOTS('',1,(#6277,#6278),.UNSPECIFIED.,.F.,
  .F.,(2,2),(-43.26721725202,-11.37379889935),.PIECEWISE_BEZIER_KNOTS.);
#6277 = CARTESIAN_POINT('',(47.973354588169,53.810255253471));
#6278 = CARTESIAN_POINT('',(32.026645411831,26.189744746529));
#6279 = ( GEOMETRIC_REPRESENTATION_CONTEXT(2) 
PARAMETRIC_REPRESENTATION_CONTEXT() REPRESENTATION_CONTEXT('2D SPACE',''
  ) );
#6280 = PCURVE('',#6281,#6286);
#6281 = PLANE('',#6282);
#6282 = AXIS2_PLACEMENT_3D('',#6283,#6284,#6285);
#6283 = CARTESIAN_POINT('',(-623.5382907247,360.,0.));
#6284 = DIRECTION('',(0.2841973077,-0.164081392104,0.94462118707));
#6285 = DIRECTION('',(0.957599723992,-6.938893903907E-18,-0.288102010772
    ));
#6286 = DEFINITIONAL_REPRESENTATION('',(#6287),#6290);
#6287 = B_SPLINE_CURVE_WITH_KNOTS('',1,(#6288,#6289),.UNSPECIFIED.,.F.,
  .F.,(2,2),(-43.26721725202,-11.37379889935),.PIECEWISE_BEZIER_KNOTS.);
#6288 = CARTESIAN_POINT('',(7.635282152919,14.));
#6289 = CARTESIAN_POINT('',(-7.635282152919,-14.));
#6290 = ( GEOMETRIC_REPRESENTATION_CONTEXT(2) 
PARAMETRIC_REPRESENTATION_CONTEXT() REPRESENTATION_CONTEXT('2D SPACE',''
  ) );
#6291 = ADVANCED_FACE('',(#6292),#6281,.F.);
#6292 = FACE_BOUND('',#6293,.F.);
#6293 = EDGE_LOOP('',(#6294,#6316));
#6294 = ORIENTED_EDGE('',*,*,#6295,.T.);
#6295 = EDGE_CURVE('',#6234,#6200,#6296,.T.);
#6296 = SURFACE_CURVE('',#6297,(#6302,#6309),.PCURVE_S1.);
#6297 = CIRCLE('',#6298,14.);
#6298 = AXIS2_PLACEMENT_3D('',#6299,#6300,#6301);
#6299 = CARTESIAN_POINT('',(-623.5382907247,360.,0.));
#6300 = DIRECTION('',(0.2841973077,-0.164081392104,0.94462118707));
#6301 = DIRECTION('',(-0.5,-0.866025403784,1.110223024625E-15));
#6302 = PCURVE('',#6281,#6303);
#6303 = DEFINITIONAL_REPRESENTATION('',(#6304),#6308);
#6304 = CIRCLE('',#6305,14.);
#6305 = AXIS2_PLACEMENT_2D('',#6306,#6307);
#6306 = CARTESIAN_POINT('',(0.,0.));
#6307 = DIRECTION('',(-0.478799861996,-0.877924081087));
#6308 = ( GEOMETRIC_REPRESENTATION_CONTEXT(2) 
PARAMETRIC_REPRESENTATION_CONTEXT() REPRESENTATION_CONTEXT('2D SPACE',''
  ) );
#6309 = PCURVE('',#6216,#6310);
#6310 = DEFINITIONAL_REPRESENTATION('',(#6311),#6315);
#6311 = LINE('',#6312,#6313);
#6312 = CARTESIAN_POINT('',(4.213101796351,0.));
#6313 = VECTOR('',#6314,1.);
#6314 = DIRECTION('',(1.,0.));
#6315 = ( GEOMETRIC_REPRESENTATION_CONTEXT(2) 
PARAMETRIC_REPRESENTATION_CONTEXT() REPRESENTATION_CONTEXT('2D SPACE',''
  ) );
#6316 = ORIENTED_EDGE('',*,*,#6268,.T.);
#6317 = ADVANCED_FACE('',(#6318),#6216,.T.);
#6318 = FACE_BOUND('',#6319,.T.);
#6319 = EDGE_LOOP('',(#6320,#6321,#6322));
#6320 = ORIENTED_EDGE('',*,*,#6197,.F.);
#6321 = ORIENTED_EDGE('',*,*,#6233,.F.);
#6322 = ORIENTED_EDGE('',*,*,#6295,.T.);
#6323 = ADVANCED_FACE('',(#6324),#5979,.F.);
#6324 = FACE_BOUND('',#6325,.F.);
#6325 = EDGE_LOOP('',(#6326,#6327,#6348,#6349));
#6326 = ORIENTED_EDGE('',*,*,#6152,.F.);
#6327 = ORIENTED_EDGE('',*,*,#6328,.T.);
#6328 = EDGE_CURVE('',#6128,#5934,#6329,.T.);
#6329 = SURFACE_CURVE('',#6330,(#6334,#6341),.PCURVE_S1.);
#6330 = LINE('',#6331,#6332);
#6331 = CARTESIAN_POINT('',(-663.5382907247,320.,0.));
#6332 = VECTOR('',#6333,1.);
#6333 = DIRECTION('',(0.,0.,1.));
#6334 = PCURVE('',#5979,#6335);
#6335 = DEFINITIONAL_REPRESENTATION('',(#6336),#6340);
#6336 = LINE('',#6337,#6338);
#6337 = CARTESIAN_POINT('',(0.,0.));
#6338 = VECTOR('',#6339,1.);
#6339 = DIRECTION('',(1.,0.));
#6340 = ( GEOMETRIC_REPRESENTATION_CONTEXT(2) 
PARAMETRIC_REPRESENTATION_CONTEXT() REPRESENTATION_CONTEXT('2D SPACE',''
  ) );
#6341 = PCURVE('',#5951,#6342);
#6342 = DEFINITIONAL_REPRESENTATION('',(#6343),#6347);
#6343 = LINE('',#6344,#6345);
#6344 = CARTESIAN_POINT('',(0.,0.));
#6345 = VECTOR('',#6346,1.);
#6346 = DIRECTION('',(1.,0.));
#6347 = ( GEOMETRIC_REPRESENTATION_CONTEXT(2) 
PARAMETRIC_REPRESENTATION_CONTEXT() REPRESENTATION_CONTEXT('2D SPACE',''
  ) );
#6348 = ORIENTED_EDGE('',*,*,#5963,.T.);
#6349 = ORIENTED_EDGE('',*,*,#6051,.F.);
#6350 = ADVANCED_FACE('',(#6351),#6033,.T.);
#6351 = FACE_BOUND('',#6352,.T.);
#6352 = EDGE_LOOP('',(#6353,#6354,#6375,#6376));
#6353 = ORIENTED_EDGE('',*,*,#6174,.F.);
#6354 = ORIENTED_EDGE('',*,*,#6355,.T.);
#6355 = EDGE_CURVE('',#6130,#5936,#6356,.T.);
#6356 = SURFACE_CURVE('',#6357,(#6361,#6368),.PCURVE_S1.);
#6357 = LINE('',#6358,#6359);
#6358 = CARTESIAN_POINT('',(-663.5382907247,400.,0.));
#6359 = VECTOR('',#6360,1.);
#6360 = DIRECTION('',(0.,0.,1.));
#6361 = PCURVE('',#6033,#6362);
#6362 = DEFINITIONAL_REPRESENTATION('',(#6363),#6367);
#6363 = LINE('',#6364,#6365);
#6364 = CARTESIAN_POINT('',(0.,0.));
#6365 = VECTOR('',#6366,1.);
#6366 = DIRECTION('',(1.,0.));
#6367 = ( GEOMETRIC_REPRESENTATION_CONTEXT(2) 
PARAMETRIC_REPRESENTATION_CONTEXT() REPRESENTATION_CONTEXT('2D SPACE',''
  ) );
#6368 = PCURVE('',#5951,#6369);
#6369 = DEFINITIONAL_REPRESENTATION('',(#6370),#6374);
#6370 = LINE('',#6371,#6372);
#6371 = CARTESIAN_POINT('',(0.,-80.));
#6372 = VECTOR('',#6373,1.);
#6373 = DIRECTION('',(1.,0.));
#6374 = ( GEOMETRIC_REPRESENTATION_CONTEXT(2) 
PARAMETRIC_REPRESENTATION_CONTEXT() REPRESENTATION_CONTEXT('2D SPACE',''
  ) );
#6375 = ORIENTED_EDGE('',*,*,#6019,.T.);
#6376 = ORIENTED_EDGE('',*,*,#6102,.F.);
#6377 = ADVANCED_FACE('',(#6378),#5951,.F.);
#6378 = FACE_BOUND('',#6379,.F.);
#6379 = EDGE_LOOP('',(#6380,#6381,#6382,#6383));
#6380 = ORIENTED_EDGE('',*,*,#6328,.F.);
#6381 = ORIENTED_EDGE('',*,*,#6127,.T.);
#6382 = ORIENTED_EDGE('',*,*,#6355,.T.);
#6383 = ORIENTED_EDGE('',*,*,#5933,.F.);
#6384 = ( GEOMETRIC_REPRESENTATION_CONTEXT(3) 
GLOBAL_UNCERTAINTY_ASSIGNED_CONTEXT((#6388)) 
GLOBAL_UNIT_ASSIGNED_CONTEXT((#6385,#6386,#6387)) REPRESENTATION_CONTEXT
('Context #1','3D Context with UNIT and UNCERTAINTY') );
#6385 = ( LENGTH_UNIT() NAMED_UNIT(*) SI_UNIT(.MILLI.,.METRE.) );
#6386 = ( NAMED_UNIT(*) PLANE_ANGLE_UNIT() SI_UNIT($,.RADIAN.) );
#6387 = ( NAMED_UNIT(*) SI_UNIT($,.STERADIAN.) SOLID_ANGLE_UNIT() );
#6388 = UNCERTAINTY_MEASURE_WITH_UNIT(LENGTH_MEASURE(2.E-07),#6385,
  'distance_accuracy_value','confusion accuracy');
#6389 = PRODUCT_RELATED_PRODUCT_CATEGORY('part',$,(#7));
ENDSEC;
END-ISO-10303-21;
