ISO-10303-21;
HEADER;
FILE_DESCRIPTION(('Open CASCADE Model'),'2;1');
FILE_NAME('Open CASCADE Shape Model','2026-10-02T16:55:37',('Author'),(
    'Open CASCADE'),'Open CASCADE STEP processor 8.0','build123d',
  'Unknown');
FILE_SCHEMA(('AUTOMOTIVE_DESIGN { 1 0 10303 214 1 1 1 1 }'));
ENDSEC;
DATA;
#1 = APPLICATION_PROTOCOL_DEFINITION('international standard',
  'automotive_design',2000,#2);
#2 = APPLICATION_CONTEXT(
  'core data for automotive mechanical design processes');
#3 = SHAPE_DEFINITION_REPRESENTATION(#4,#10);
#4 = PRODUCT_DEFINITION_SHAPE('','',#5);
#5 = PRODUCT_DEFINITION('design','',#6,#9);
#6 = PRODUCT_DEFINITION_FORMATION('','',#7);
#7 = PRODUCT('COMPOUND','COMPOUND','',(#8));
#8 = PRODUCT_CONTEXT('',#2,'mechanical');
#9 = PRODUCT_DEFINITION_CONTEXT('part definition',#2,'design');
#10 = SHAPE_REPRESENTATION('',(#11,#15,#221,#427,#851,#1887,#2035,#6625,
    #7679),#8733);
#11 = AXIS2_PLACEMENT_3D('',#12,#13,#14);
#12 = CARTESIAN_POINT('',(0.,0.,0.));
#13 = DIRECTION('',(0.,0.,1.));
#14 = DIRECTION('',(1.,0.,-0.));
#15 = MANIFOLD_SOLID_BREP('',#16);
#16 = CLOSED_SHELL('',(#17,#129,#164,#194));
#17 = ADVANCED_FACE('',(#18),#32,.T.);
#18 = FACE_BOUND('',#19,.T.);
#19 = EDGE_LOOP('',(#20,#50,#77,#78,#101,#128));
#20 = ORIENTED_EDGE('',*,*,#21,.T.);
#21 = EDGE_CURVE('',#22,#24,#26,.T.);
#22 = VERTEX_POINT('',#23);
#23 = CARTESIAN_POINT('',(-1.1475E+03,1.2E+03,4.0305E+03));
#24 = VERTEX_POINT('',#25);
#25 = CARTESIAN_POINT('',(-1.1475E+03,1.19E+03,4.0305E+03));
#26 = SEAM_CURVE('',#27,(#31,#43),.PCURVE_S1.);
#27 = LINE('',#28,#29);
#28 = CARTESIAN_POINT('',(-1.1475E+03,1.21E+03,4.0305E+03));
#29 = VECTOR('',#30,1.);
#30 = DIRECTION('',(-1.224646799147E-16,-1.,0.));
#31 = PCURVE('',#32,#37);
#32 = CYLINDRICAL_SURFACE('',#33,50.);
#33 = AXIS2_PLACEMENT_3D('',#34,#35,#36);
#34 = CARTESIAN_POINT('',(-1.1475E+03,1.21E+03,3.9805E+03));
#35 = DIRECTION('',(-1.224646799147E-16,-1.,0.));
#36 = DIRECTION('',(0.,0.,1.));
#37 = DEFINITIONAL_REPRESENTATION('',(#38),#42);
#38 = LINE('',#39,#40);
#39 = CARTESIAN_POINT('',(6.28318530718,-0.));
#40 = VECTOR('',#41,1.);
#41 = DIRECTION('',(0.,1.));
#42 = ( GEOMETRIC_REPRESENTATION_CONTEXT(2) 
PARAMETRIC_REPRESENTATION_CONTEXT() REPRESENTATION_CONTEXT('2D SPACE',''
  ) );
#43 = PCURVE('',#32,#44);
#44 = DEFINITIONAL_REPRESENTATION('',(#45),#49);
#45 = LINE('',#46,#47);
#46 = CARTESIAN_POINT('',(0.,-0.));
#47 = VECTOR('',#48,1.);
#48 = DIRECTION('',(0.,1.));
#49 = ( GEOMETRIC_REPRESENTATION_CONTEXT(2) 
PARAMETRIC_REPRESENTATION_CONTEXT() REPRESENTATION_CONTEXT('2D SPACE',''
  ) );
#50 = ORIENTED_EDGE('',*,*,#51,.F.);
#51 = EDGE_CURVE('',#24,#24,#52,.T.);
#52 = SURFACE_CURVE('',#53,(#58,#65),.PCURVE_S1.);
#53 = CIRCLE('',#54,50.);
#54 = AXIS2_PLACEMENT_3D('',#55,#56,#57);
#55 = CARTESIAN_POINT('',(-1.1475E+03,1.19E+03,3.9805E+03));
#56 = DIRECTION('',(-1.224646799147E-16,-1.,0.));
#57 = DIRECTION('',(0.,0.,1.));
#58 = PCURVE('',#32,#59);
#59 = DEFINITIONAL_REPRESENTATION('',(#60),#64);
#60 = LINE('',#61,#62);
#61 = CARTESIAN_POINT('',(0.,20.));
#62 = VECTOR('',#63,1.);
#63 = DIRECTION('',(1.,0.));
#64 = ( GEOMETRIC_REPRESENTATION_CONTEXT(2) 
PARAMETRIC_REPRESENTATION_CONTEXT() REPRESENTATION_CONTEXT('2D SPACE',''
  ) );
#65 = PCURVE('',#66,#71);
#66 = PLANE('',#67);
#67 = AXIS2_PLACEMENT_3D('',#68,#69,#70);
#68 = CARTESIAN_POINT('',(-1.1475E+03,1.19E+03,3.9805E+03));
#69 = DIRECTION('',(-1.224646799147E-16,-1.,0.));
#70 = DIRECTION('',(0.,0.,1.));
#71 = DEFINITIONAL_REPRESENTATION('',(#72),#76);
#72 = CIRCLE('',#73,50.);
#73 = AXIS2_PLACEMENT_2D('',#74,#75);
#74 = CARTESIAN_POINT('',(0.,0.));
#75 = DIRECTION('',(1.,0.));
#76 = ( GEOMETRIC_REPRESENTATION_CONTEXT(2) 
PARAMETRIC_REPRESENTATION_CONTEXT() REPRESENTATION_CONTEXT('2D SPACE',''
  ) );
#77 = ORIENTED_EDGE('',*,*,#21,.F.);
#78 = ORIENTED_EDGE('',*,*,#79,.F.);
#79 = EDGE_CURVE('',#80,#22,#82,.T.);
#80 = VERTEX_POINT('',#81);
#81 = CARTESIAN_POINT('',(-1.1475E+03,1.21E+03,4.0305E+03));
#82 = SEAM_CURVE('',#83,(#87,#94),.PCURVE_S1.);
#83 = LINE('',#84,#85);
#84 = CARTESIAN_POINT('',(-1.1475E+03,1.21E+03,4.0305E+03));
#85 = VECTOR('',#86,1.);
#86 = DIRECTION('',(-1.224646799147E-16,-1.,0.));
#87 = PCURVE('',#32,#88);
#88 = DEFINITIONAL_REPRESENTATION('',(#89),#93);
#89 = LINE('',#90,#91);
#90 = CARTESIAN_POINT('',(6.28318530718,-0.));
#91 = VECTOR('',#92,1.);
#92 = DIRECTION('',(0.,1.));
#93 = ( GEOMETRIC_REPRESENTATION_CONTEXT(2) 
PARAMETRIC_REPRESENTATION_CONTEXT() REPRESENTATION_CONTEXT('2D SPACE',''
  ) );
#94 = PCURVE('',#32,#95);
#95 = DEFINITIONAL_REPRESENTATION('',(#96),#100);
#96 = LINE('',#97,#98);
#97 = CARTESIAN_POINT('',(0.,-0.));
#98 = VECTOR('',#99,1.);
#99 = DIRECTION('',(0.,1.));
#100 = ( GEOMETRIC_REPRESENTATION_CONTEXT(2) 
PARAMETRIC_REPRESENTATION_CONTEXT() REPRESENTATION_CONTEXT('2D SPACE',''
  ) );
#101 = ORIENTED_EDGE('',*,*,#102,.T.);
#102 = EDGE_CURVE('',#80,#80,#103,.T.);
#103 = SURFACE_CURVE('',#104,(#109,#116),.PCURVE_S1.);
#104 = CIRCLE('',#105,50.);
#105 = AXIS2_PLACEMENT_3D('',#106,#107,#108);
#106 = CARTESIAN_POINT('',(-1.1475E+03,1.21E+03,3.9805E+03));
#107 = DIRECTION('',(-1.224646799147E-16,-1.,0.));
#108 = DIRECTION('',(0.,0.,1.));
#109 = PCURVE('',#32,#110);
#110 = DEFINITIONAL_REPRESENTATION('',(#111),#115);
#111 = LINE('',#112,#113);
#112 = CARTESIAN_POINT('',(0.,0.));
#113 = VECTOR('',#114,1.);
#114 = DIRECTION('',(1.,0.));
#115 = ( GEOMETRIC_REPRESENTATION_CONTEXT(2) 
PARAMETRIC_REPRESENTATION_CONTEXT() REPRESENTATION_CONTEXT('2D SPACE',''
  ) );
#116 = PCURVE('',#117,#122);
#117 = PLANE('',#118);
#118 = AXIS2_PLACEMENT_3D('',#119,#120,#121);
#119 = CARTESIAN_POINT('',(-1.1475E+03,1.21E+03,3.9805E+03));
#120 = DIRECTION('',(-1.224646799147E-16,-1.,0.));
#121 = DIRECTION('',(0.,0.,1.));
#122 = DEFINITIONAL_REPRESENTATION('',(#123),#127);
#123 = CIRCLE('',#124,50.);
#124 = AXIS2_PLACEMENT_2D('',#125,#126);
#125 = CARTESIAN_POINT('',(0.,0.));
#126 = DIRECTION('',(1.,0.));
#127 = ( GEOMETRIC_REPRESENTATION_CONTEXT(2) 
PARAMETRIC_REPRESENTATION_CONTEXT() REPRESENTATION_CONTEXT('2D SPACE',''
  ) );
#128 = ORIENTED_EDGE('',*,*,#79,.T.);
#129 = ADVANCED_FACE('',(#130,#133),#117,.F.);
#130 = FACE_BOUND('',#131,.F.);
#131 = EDGE_LOOP('',(#132));
#132 = ORIENTED_EDGE('',*,*,#102,.T.);
#133 = FACE_BOUND('',#134,.F.);
#134 = EDGE_LOOP('',(#135));
#135 = ORIENTED_EDGE('',*,*,#136,.F.);
#136 = EDGE_CURVE('',#137,#137,#139,.T.);
#137 = VERTEX_POINT('',#138);
#138 = CARTESIAN_POINT('',(-1.1475E+03,1.21E+03,3.987E+03));
#139 = SURFACE_CURVE('',#140,(#145,#152),.PCURVE_S1.);
#140 = CIRCLE('',#141,6.5);
#141 = AXIS2_PLACEMENT_3D('',#142,#143,#144);
#142 = CARTESIAN_POINT('',(-1.1475E+03,1.21E+03,3.9805E+03));
#143 = DIRECTION('',(-1.224646799147E-16,-1.,0.));
#144 = DIRECTION('',(0.,0.,1.));
#145 = PCURVE('',#117,#146);
#146 = DEFINITIONAL_REPRESENTATION('',(#147),#151);
#147 = CIRCLE('',#148,6.5);
#148 = AXIS2_PLACEMENT_2D('',#149,#150);
#149 = CARTESIAN_POINT('',(0.,0.));
#150 = DIRECTION('',(1.,0.));
#151 = ( GEOMETRIC_REPRESENTATION_CONTEXT(2) 
PARAMETRIC_REPRESENTATION_CONTEXT() REPRESENTATION_CONTEXT('2D SPACE',''
  ) );
#152 = PCURVE('',#153,#158);
#153 = CYLINDRICAL_SURFACE('',#154,6.5);
#154 = AXIS2_PLACEMENT_3D('',#155,#156,#157);
#155 = CARTESIAN_POINT('',(-1.1475E+03,1.22E+03,3.9805E+03));
#156 = DIRECTION('',(-1.224646799147E-16,-1.,0.));
#157 = DIRECTION('',(0.,0.,1.));
#158 = DEFINITIONAL_REPRESENTATION('',(#159),#163);
#159 = LINE('',#160,#161);
#160 = CARTESIAN_POINT('',(0.,10.));
#161 = VECTOR('',#162,1.);
#162 = DIRECTION('',(1.,0.));
#163 = ( GEOMETRIC_REPRESENTATION_CONTEXT(2) 
PARAMETRIC_REPRESENTATION_CONTEXT() REPRESENTATION_CONTEXT('2D SPACE',''
  ) );
#164 = ADVANCED_FACE('',(#165,#168),#66,.T.);
#165 = FACE_BOUND('',#166,.T.);
#166 = EDGE_LOOP('',(#167));
#167 = ORIENTED_EDGE('',*,*,#51,.T.);
#168 = FACE_BOUND('',#169,.T.);
#169 = EDGE_LOOP('',(#170));
#170 = ORIENTED_EDGE('',*,*,#171,.F.);
#171 = EDGE_CURVE('',#172,#172,#174,.T.);
#172 = VERTEX_POINT('',#173);
#173 = CARTESIAN_POINT('',(-1.1475E+03,1.19E+03,3.987E+03));
#174 = SURFACE_CURVE('',#175,(#180,#187),.PCURVE_S1.);
#175 = CIRCLE('',#176,6.5);
#176 = AXIS2_PLACEMENT_3D('',#177,#178,#179);
#177 = CARTESIAN_POINT('',(-1.1475E+03,1.19E+03,3.9805E+03));
#178 = DIRECTION('',(-1.224646799147E-16,-1.,0.));
#179 = DIRECTION('',(0.,0.,1.));
#180 = PCURVE('',#66,#181);
#181 = DEFINITIONAL_REPRESENTATION('',(#182),#186);
#182 = CIRCLE('',#183,6.5);
#183 = AXIS2_PLACEMENT_2D('',#184,#185);
#184 = CARTESIAN_POINT('',(0.,0.));
#185 = DIRECTION('',(1.,0.));
#186 = ( GEOMETRIC_REPRESENTATION_CONTEXT(2) 
PARAMETRIC_REPRESENTATION_CONTEXT() REPRESENTATION_CONTEXT('2D SPACE',''
  ) );
#187 = PCURVE('',#153,#188);
#188 = DEFINITIONAL_REPRESENTATION('',(#189),#193);
#189 = LINE('',#190,#191);
#190 = CARTESIAN_POINT('',(0.,30.));
#191 = VECTOR('',#192,1.);
#192 = DIRECTION('',(1.,0.));
#193 = ( GEOMETRIC_REPRESENTATION_CONTEXT(2) 
PARAMETRIC_REPRESENTATION_CONTEXT() REPRESENTATION_CONTEXT('2D SPACE',''
  ) );
#194 = ADVANCED_FACE('',(#195),#153,.F.);
#195 = FACE_BOUND('',#196,.F.);
#196 = EDGE_LOOP('',(#197,#198,#219,#220));
#197 = ORIENTED_EDGE('',*,*,#171,.F.);
#198 = ORIENTED_EDGE('',*,*,#199,.F.);
#199 = EDGE_CURVE('',#137,#172,#200,.T.);
#200 = SEAM_CURVE('',#201,(#205,#212),.PCURVE_S1.);
#201 = LINE('',#202,#203);
#202 = CARTESIAN_POINT('',(-1.1475E+03,1.22E+03,3.987E+03));
#203 = VECTOR('',#204,1.);
#204 = DIRECTION('',(-1.224646799147E-16,-1.,0.));
#205 = PCURVE('',#153,#206);
#206 = DEFINITIONAL_REPRESENTATION('',(#207),#211);
#207 = LINE('',#208,#209);
#208 = CARTESIAN_POINT('',(6.28318530718,-0.));
#209 = VECTOR('',#210,1.);
#210 = DIRECTION('',(0.,1.));
#211 = ( GEOMETRIC_REPRESENTATION_CONTEXT(2) 
PARAMETRIC_REPRESENTATION_CONTEXT() REPRESENTATION_CONTEXT('2D SPACE',''
  ) );
#212 = PCURVE('',#153,#213);
#213 = DEFINITIONAL_REPRESENTATION('',(#214),#218);
#214 = LINE('',#215,#216);
#215 = CARTESIAN_POINT('',(0.,-0.));
#216 = VECTOR('',#217,1.);
#217 = DIRECTION('',(0.,1.));
#218 = ( GEOMETRIC_REPRESENTATION_CONTEXT(2) 
PARAMETRIC_REPRESENTATION_CONTEXT() REPRESENTATION_CONTEXT('2D SPACE',''
  ) );
#219 = ORIENTED_EDGE('',*,*,#136,.T.);
#220 = ORIENTED_EDGE('',*,*,#199,.T.);
#221 = MANIFOLD_SOLID_BREP('',#222);
#222 = CLOSED_SHELL('',(#223,#335,#370,#400));
#223 = ADVANCED_FACE('',(#224),#238,.T.);
#224 = FACE_BOUND('',#225,.T.);
#225 = EDGE_LOOP('',(#226,#256,#283,#284,#307,#334));
#226 = ORIENTED_EDGE('',*,*,#227,.T.);
#227 = EDGE_CURVE('',#228,#230,#232,.T.);
#228 = VERTEX_POINT('',#229);
#229 = CARTESIAN_POINT('',(100.,1.2E+03,4.0305E+03));
#230 = VERTEX_POINT('',#231);
#231 = CARTESIAN_POINT('',(100.,1.19E+03,4.0305E+03));
#232 = SEAM_CURVE('',#233,(#237,#249),.PCURVE_S1.);
#233 = LINE('',#234,#235);
#234 = CARTESIAN_POINT('',(100.,1.21E+03,4.0305E+03));
#235 = VECTOR('',#236,1.);
#236 = DIRECTION('',(-1.224646799147E-16,-1.,0.));
#237 = PCURVE('',#238,#243);
#238 = CYLINDRICAL_SURFACE('',#239,50.);
#239 = AXIS2_PLACEMENT_3D('',#240,#241,#242);
#240 = CARTESIAN_POINT('',(100.,1.21E+03,3.9805E+03));
#241 = DIRECTION('',(-1.224646799147E-16,-1.,0.));
#242 = DIRECTION('',(0.,0.,1.));
#243 = DEFINITIONAL_REPRESENTATION('',(#244),#248);
#244 = LINE('',#245,#246);
#245 = CARTESIAN_POINT('',(6.28318530718,-0.));
#246 = VECTOR('',#247,1.);
#247 = DIRECTION('',(0.,1.));
#248 = ( GEOMETRIC_REPRESENTATION_CONTEXT(2) 
PARAMETRIC_REPRESENTATION_CONTEXT() REPRESENTATION_CONTEXT('2D SPACE',''
  ) );
#249 = PCURVE('',#238,#250);
#250 = DEFINITIONAL_REPRESENTATION('',(#251),#255);
#251 = LINE('',#252,#253);
#252 = CARTESIAN_POINT('',(0.,-0.));
#253 = VECTOR('',#254,1.);
#254 = DIRECTION('',(0.,1.));
#255 = ( GEOMETRIC_REPRESENTATION_CONTEXT(2) 
PARAMETRIC_REPRESENTATION_CONTEXT() REPRESENTATION_CONTEXT('2D SPACE',''
  ) );
#256 = ORIENTED_EDGE('',*,*,#257,.F.);
#257 = EDGE_CURVE('',#230,#230,#258,.T.);
#258 = SURFACE_CURVE('',#259,(#264,#271),.PCURVE_S1.);
#259 = CIRCLE('',#260,50.);
#260 = AXIS2_PLACEMENT_3D('',#261,#262,#263);
#261 = CARTESIAN_POINT('',(100.,1.19E+03,3.9805E+03));
#262 = DIRECTION('',(-1.224646799147E-16,-1.,0.));
#263 = DIRECTION('',(0.,0.,1.));
#264 = PCURVE('',#238,#265);
#265 = DEFINITIONAL_REPRESENTATION('',(#266),#270);
#266 = LINE('',#267,#268);
#267 = CARTESIAN_POINT('',(0.,20.));
#268 = VECTOR('',#269,1.);
#269 = DIRECTION('',(1.,0.));
#270 = ( GEOMETRIC_REPRESENTATION_CONTEXT(2) 
PARAMETRIC_REPRESENTATION_CONTEXT() REPRESENTATION_CONTEXT('2D SPACE',''
  ) );
#271 = PCURVE('',#272,#277);
#272 = PLANE('',#273);
#273 = AXIS2_PLACEMENT_3D('',#274,#275,#276);
#274 = CARTESIAN_POINT('',(100.,1.19E+03,3.9805E+03));
#275 = DIRECTION('',(-1.224646799147E-16,-1.,0.));
#276 = DIRECTION('',(0.,0.,1.));
#277 = DEFINITIONAL_REPRESENTATION('',(#278),#282);
#278 = CIRCLE('',#279,50.);
#279 = AXIS2_PLACEMENT_2D('',#280,#281);
#280 = CARTESIAN_POINT('',(0.,0.));
#281 = DIRECTION('',(1.,0.));
#282 = ( GEOMETRIC_REPRESENTATION_CONTEXT(2) 
PARAMETRIC_REPRESENTATION_CONTEXT() REPRESENTATION_CONTEXT('2D SPACE',''
  ) );
#283 = ORIENTED_EDGE('',*,*,#227,.F.);
#284 = ORIENTED_EDGE('',*,*,#285,.F.);
#285 = EDGE_CURVE('',#286,#228,#288,.T.);
#286 = VERTEX_POINT('',#287);
#287 = CARTESIAN_POINT('',(100.,1.21E+03,4.0305E+03));
#288 = SEAM_CURVE('',#289,(#293,#300),.PCURVE_S1.);
#289 = LINE('',#290,#291);
#290 = CARTESIAN_POINT('',(100.,1.21E+03,4.0305E+03));
#291 = VECTOR('',#292,1.);
#292 = DIRECTION('',(-1.224646799147E-16,-1.,0.));
#293 = PCURVE('',#238,#294);
#294 = DEFINITIONAL_REPRESENTATION('',(#295),#299);
#295 = LINE('',#296,#297);
#296 = CARTESIAN_POINT('',(6.28318530718,-0.));
#297 = VECTOR('',#298,1.);
#298 = DIRECTION('',(0.,1.));
#299 = ( GEOMETRIC_REPRESENTATION_CONTEXT(2) 
PARAMETRIC_REPRESENTATION_CONTEXT() REPRESENTATION_CONTEXT('2D SPACE',''
  ) );
#300 = PCURVE('',#238,#301);
#301 = DEFINITIONAL_REPRESENTATION('',(#302),#306);
#302 = LINE('',#303,#304);
#303 = CARTESIAN_POINT('',(0.,-0.));
#304 = VECTOR('',#305,1.);
#305 = DIRECTION('',(0.,1.));
#306 = ( GEOMETRIC_REPRESENTATION_CONTEXT(2) 
PARAMETRIC_REPRESENTATION_CONTEXT() REPRESENTATION_CONTEXT('2D SPACE',''
  ) );
#307 = ORIENTED_EDGE('',*,*,#308,.T.);
#308 = EDGE_CURVE('',#286,#286,#309,.T.);
#309 = SURFACE_CURVE('',#310,(#315,#322),.PCURVE_S1.);
#310 = CIRCLE('',#311,50.);
#311 = AXIS2_PLACEMENT_3D('',#312,#313,#314);
#312 = CARTESIAN_POINT('',(100.,1.21E+03,3.9805E+03));
#313 = DIRECTION('',(-1.224646799147E-16,-1.,0.));
#314 = DIRECTION('',(0.,0.,1.));
#315 = PCURVE('',#238,#316);
#316 = DEFINITIONAL_REPRESENTATION('',(#317),#321);
#317 = LINE('',#318,#319);
#318 = CARTESIAN_POINT('',(0.,0.));
#319 = VECTOR('',#320,1.);
#320 = DIRECTION('',(1.,0.));
#321 = ( GEOMETRIC_REPRESENTATION_CONTEXT(2) 
PARAMETRIC_REPRESENTATION_CONTEXT() REPRESENTATION_CONTEXT('2D SPACE',''
  ) );
#322 = PCURVE('',#323,#328);
#323 = PLANE('',#324);
#324 = AXIS2_PLACEMENT_3D('',#325,#326,#327);
#325 = CARTESIAN_POINT('',(100.,1.21E+03,3.9805E+03));
#326 = DIRECTION('',(-1.224646799147E-16,-1.,0.));
#327 = DIRECTION('',(0.,0.,1.));
#328 = DEFINITIONAL_REPRESENTATION('',(#329),#333);
#329 = CIRCLE('',#330,50.);
#330 = AXIS2_PLACEMENT_2D('',#331,#332);
#331 = CARTESIAN_POINT('',(0.,0.));
#332 = DIRECTION('',(1.,0.));
#333 = ( GEOMETRIC_REPRESENTATION_CONTEXT(2) 
PARAMETRIC_REPRESENTATION_CONTEXT() REPRESENTATION_CONTEXT('2D SPACE',''
  ) );
#334 = ORIENTED_EDGE('',*,*,#285,.T.);
#335 = ADVANCED_FACE('',(#336,#339),#323,.F.);
#336 = FACE_BOUND('',#337,.F.);
#337 = EDGE_LOOP('',(#338));
#338 = ORIENTED_EDGE('',*,*,#308,.T.);
#339 = FACE_BOUND('',#340,.F.);
#340 = EDGE_LOOP('',(#341));
#341 = ORIENTED_EDGE('',*,*,#342,.F.);
#342 = EDGE_CURVE('',#343,#343,#345,.T.);
#343 = VERTEX_POINT('',#344);
#344 = CARTESIAN_POINT('',(100.,1.21E+03,3.987E+03));
#345 = SURFACE_CURVE('',#346,(#351,#358),.PCURVE_S1.);
#346 = CIRCLE('',#347,6.5);
#347 = AXIS2_PLACEMENT_3D('',#348,#349,#350);
#348 = CARTESIAN_POINT('',(100.,1.21E+03,3.9805E+03));
#349 = DIRECTION('',(-1.224646799147E-16,-1.,0.));
#350 = DIRECTION('',(0.,0.,1.));
#351 = PCURVE('',#323,#352);
#352 = DEFINITIONAL_REPRESENTATION('',(#353),#357);
#353 = CIRCLE('',#354,6.5);
#354 = AXIS2_PLACEMENT_2D('',#355,#356);
#355 = CARTESIAN_POINT('',(0.,0.));
#356 = DIRECTION('',(1.,0.));
#357 = ( GEOMETRIC_REPRESENTATION_CONTEXT(2) 
PARAMETRIC_REPRESENTATION_CONTEXT() REPRESENTATION_CONTEXT('2D SPACE',''
  ) );
#358 = PCURVE('',#359,#364);
#359 = CYLINDRICAL_SURFACE('',#360,6.5);
#360 = AXIS2_PLACEMENT_3D('',#361,#362,#363);
#361 = CARTESIAN_POINT('',(100.,1.22E+03,3.9805E+03));
#362 = DIRECTION('',(-1.224646799147E-16,-1.,0.));
#363 = DIRECTION('',(0.,0.,1.));
#364 = DEFINITIONAL_REPRESENTATION('',(#365),#369);
#365 = LINE('',#366,#367);
#366 = CARTESIAN_POINT('',(0.,10.));
#367 = VECTOR('',#368,1.);
#368 = DIRECTION('',(1.,0.));
#369 = ( GEOMETRIC_REPRESENTATION_CONTEXT(2) 
PARAMETRIC_REPRESENTATION_CONTEXT() REPRESENTATION_CONTEXT('2D SPACE',''
  ) );
#370 = ADVANCED_FACE('',(#371,#374),#272,.T.);
#371 = FACE_BOUND('',#372,.T.);
#372 = EDGE_LOOP('',(#373));
#373 = ORIENTED_EDGE('',*,*,#257,.T.);
#374 = FACE_BOUND('',#375,.T.);
#375 = EDGE_LOOP('',(#376));
#376 = ORIENTED_EDGE('',*,*,#377,.F.);
#377 = EDGE_CURVE('',#378,#378,#380,.T.);
#378 = VERTEX_POINT('',#379);
#379 = CARTESIAN_POINT('',(100.,1.19E+03,3.987E+03));
#380 = SURFACE_CURVE('',#381,(#386,#393),.PCURVE_S1.);
#381 = CIRCLE('',#382,6.5);
#382 = AXIS2_PLACEMENT_3D('',#383,#384,#385);
#383 = CARTESIAN_POINT('',(100.,1.19E+03,3.9805E+03));
#384 = DIRECTION('',(-1.224646799147E-16,-1.,0.));
#385 = DIRECTION('',(0.,0.,1.));
#386 = PCURVE('',#272,#387);
#387 = DEFINITIONAL_REPRESENTATION('',(#388),#392);
#388 = CIRCLE('',#389,6.5);
#389 = AXIS2_PLACEMENT_2D('',#390,#391);
#390 = CARTESIAN_POINT('',(0.,0.));
#391 = DIRECTION('',(1.,0.));
#392 = ( GEOMETRIC_REPRESENTATION_CONTEXT(2) 
PARAMETRIC_REPRESENTATION_CONTEXT() REPRESENTATION_CONTEXT('2D SPACE',''
  ) );
#393 = PCURVE('',#359,#394);
#394 = DEFINITIONAL_REPRESENTATION('',(#395),#399);
#395 = LINE('',#396,#397);
#396 = CARTESIAN_POINT('',(0.,30.));
#397 = VECTOR('',#398,1.);
#398 = DIRECTION('',(1.,0.));
#399 = ( GEOMETRIC_REPRESENTATION_CONTEXT(2) 
PARAMETRIC_REPRESENTATION_CONTEXT() REPRESENTATION_CONTEXT('2D SPACE',''
  ) );
#400 = ADVANCED_FACE('',(#401),#359,.F.);
#401 = FACE_BOUND('',#402,.F.);
#402 = EDGE_LOOP('',(#403,#404,#425,#426));
#403 = ORIENTED_EDGE('',*,*,#377,.F.);
#404 = ORIENTED_EDGE('',*,*,#405,.F.);
#405 = EDGE_CURVE('',#343,#378,#406,.T.);
#406 = SEAM_CURVE('',#407,(#411,#418),.PCURVE_S1.);
#407 = LINE('',#408,#409);
#408 = CARTESIAN_POINT('',(100.,1.22E+03,3.987E+03));
#409 = VECTOR('',#410,1.);
#410 = DIRECTION('',(-1.224646799147E-16,-1.,0.));
#411 = PCURVE('',#359,#412);
#412 = DEFINITIONAL_REPRESENTATION('',(#413),#417);
#413 = LINE('',#414,#415);
#414 = CARTESIAN_POINT('',(6.28318530718,-0.));
#415 = VECTOR('',#416,1.);
#416 = DIRECTION('',(0.,1.));
#417 = ( GEOMETRIC_REPRESENTATION_CONTEXT(2) 
PARAMETRIC_REPRESENTATION_CONTEXT() REPRESENTATION_CONTEXT('2D SPACE',''
  ) );
#418 = PCURVE('',#359,#419);
#419 = DEFINITIONAL_REPRESENTATION('',(#420),#424);
#420 = LINE('',#421,#422);
#421 = CARTESIAN_POINT('',(0.,-0.));
#422 = VECTOR('',#423,1.);
#423 = DIRECTION('',(0.,1.));
#424 = ( GEOMETRIC_REPRESENTATION_CONTEXT(2) 
PARAMETRIC_REPRESENTATION_CONTEXT() REPRESENTATION_CONTEXT('2D SPACE',''
  ) );
#425 = ORIENTED_EDGE('',*,*,#342,.T.);
#426 = ORIENTED_EDGE('',*,*,#405,.T.);
#427 = MANIFOLD_SOLID_BREP('',#428);
#428 = CLOSED_SHELL('',(#429,#549,#625,#709,#758,#785,#792,#847));
#429 = ADVANCED_FACE('',(#430),#444,.F.);
#430 = FACE_BOUND('',#431,.F.);
#431 = EDGE_LOOP('',(#432,#467,#495,#523));
#432 = ORIENTED_EDGE('',*,*,#433,.F.);
#433 = EDGE_CURVE('',#434,#436,#438,.T.);
#434 = VERTEX_POINT('',#435);
#435 = CARTESIAN_POINT('',(-1.19E+03,1.206E+03,3.6155E+03));
#436 = VERTEX_POINT('',#437);
#437 = CARTESIAN_POINT('',(-1.19E+03,1.206E+03,3.7055E+03));
#438 = SURFACE_CURVE('',#439,(#443,#455),.PCURVE_S1.);
#439 = LINE('',#440,#441);
#440 = CARTESIAN_POINT('',(-1.19E+03,1.206E+03,3.6155E+03));
#441 = VECTOR('',#442,1.);
#442 = DIRECTION('',(0.,0.,1.));
#443 = PCURVE('',#444,#449);
#444 = PLANE('',#445);
#445 = AXIS2_PLACEMENT_3D('',#446,#447,#448);
#446 = CARTESIAN_POINT('',(-1.19E+03,1.206E+03,3.6155E+03));
#447 = DIRECTION('',(-1.,1.224646799147E-16,0.));
#448 = DIRECTION('',(0.,0.,1.));
#449 = DEFINITIONAL_REPRESENTATION('',(#450),#454);
#450 = LINE('',#451,#452);
#451 = CARTESIAN_POINT('',(0.,0.));
#452 = VECTOR('',#453,1.);
#453 = DIRECTION('',(1.,0.));
#454 = ( GEOMETRIC_REPRESENTATION_CONTEXT(2) 
PARAMETRIC_REPRESENTATION_CONTEXT() REPRESENTATION_CONTEXT('2D SPACE',''
  ) );
#455 = PCURVE('',#456,#461);
#456 = PLANE('',#457);
#457 = AXIS2_PLACEMENT_3D('',#458,#459,#460);
#458 = CARTESIAN_POINT('',(-1.19E+03,1.206E+03,3.6155E+03));
#459 = DIRECTION('',(-1.224646799147E-16,-1.,0.));
#460 = DIRECTION('',(0.,0.,1.));
#461 = DEFINITIONAL_REPRESENTATION('',(#462),#466);
#462 = LINE('',#463,#464);
#463 = CARTESIAN_POINT('',(0.,0.));
#464 = VECTOR('',#465,1.);
#465 = DIRECTION('',(1.,0.));
#466 = ( GEOMETRIC_REPRESENTATION_CONTEXT(2) 
PARAMETRIC_REPRESENTATION_CONTEXT() REPRESENTATION_CONTEXT('2D SPACE',''
  ) );
#467 = ORIENTED_EDGE('',*,*,#468,.T.);
#468 = EDGE_CURVE('',#434,#469,#471,.T.);
#469 = VERTEX_POINT('',#470);
#470 = CARTESIAN_POINT('',(-1.19E+03,1.194E+03,3.6155E+03));
#471 = SURFACE_CURVE('',#472,(#476,#483),.PCURVE_S1.);
#472 = LINE('',#473,#474);
#473 = CARTESIAN_POINT('',(-1.19E+03,1.206E+03,3.6155E+03));
#474 = VECTOR('',#475,1.);
#475 = DIRECTION('',(-1.224646799147E-16,-1.,0.));
#476 = PCURVE('',#444,#477);
#477 = DEFINITIONAL_REPRESENTATION('',(#478),#482);
#478 = LINE('',#479,#480);
#479 = CARTESIAN_POINT('',(0.,0.));
#480 = VECTOR('',#481,1.);
#481 = DIRECTION('',(0.,-1.));
#482 = ( GEOMETRIC_REPRESENTATION_CONTEXT(2) 
PARAMETRIC_REPRESENTATION_CONTEXT() REPRESENTATION_CONTEXT('2D SPACE',''
  ) );
#483 = PCURVE('',#484,#489);
#484 = PLANE('',#485);
#485 = AXIS2_PLACEMENT_3D('',#486,#487,#488);
#486 = CARTESIAN_POINT('',(-1.19E+03,1.206E+03,3.6155E+03));
#487 = DIRECTION('',(0.,0.,1.));
#488 = DIRECTION('',(-1.,1.224646799147E-16,0.));
#489 = DEFINITIONAL_REPRESENTATION('',(#490),#494);
#490 = LINE('',#491,#492);
#491 = CARTESIAN_POINT('',(0.,0.));
#492 = VECTOR('',#493,1.);
#493 = DIRECTION('',(0.,1.));
#494 = ( GEOMETRIC_REPRESENTATION_CONTEXT(2) 
PARAMETRIC_REPRESENTATION_CONTEXT() REPRESENTATION_CONTEXT('2D SPACE',''
  ) );
#495 = ORIENTED_EDGE('',*,*,#496,.T.);
#496 = EDGE_CURVE('',#469,#497,#499,.T.);
#497 = VERTEX_POINT('',#498);
#498 = CARTESIAN_POINT('',(-1.19E+03,1.194E+03,3.7055E+03));
#499 = SURFACE_CURVE('',#500,(#504,#511),.PCURVE_S1.);
#500 = LINE('',#501,#502);
#501 = CARTESIAN_POINT('',(-1.19E+03,1.194E+03,3.6155E+03));
#502 = VECTOR('',#503,1.);
#503 = DIRECTION('',(0.,0.,1.));
#504 = PCURVE('',#444,#505);
#505 = DEFINITIONAL_REPRESENTATION('',(#506),#510);
#506 = LINE('',#507,#508);
#507 = CARTESIAN_POINT('',(0.,-12.));
#508 = VECTOR('',#509,1.);
#509 = DIRECTION('',(1.,0.));
#510 = ( GEOMETRIC_REPRESENTATION_CONTEXT(2) 
PARAMETRIC_REPRESENTATION_CONTEXT() REPRESENTATION_CONTEXT('2D SPACE',''
  ) );
#511 = PCURVE('',#512,#517);
#512 = PLANE('',#513);
#513 = AXIS2_PLACEMENT_3D('',#514,#515,#516);
#514 = CARTESIAN_POINT('',(-1.19E+03,1.194E+03,3.6155E+03));
#515 = DIRECTION('',(-1.224646799147E-16,-1.,0.));
#516 = DIRECTION('',(0.,0.,1.));
#517 = DEFINITIONAL_REPRESENTATION('',(#518),#522);
#518 = LINE('',#519,#520);
#519 = CARTESIAN_POINT('',(0.,0.));
#520 = VECTOR('',#521,1.);
#521 = DIRECTION('',(1.,0.));
#522 = ( GEOMETRIC_REPRESENTATION_CONTEXT(2) 
PARAMETRIC_REPRESENTATION_CONTEXT() REPRESENTATION_CONTEXT('2D SPACE',''
  ) );
#523 = ORIENTED_EDGE('',*,*,#524,.F.);
#524 = EDGE_CURVE('',#436,#497,#525,.T.);
#525 = SURFACE_CURVE('',#526,(#530,#537),.PCURVE_S1.);
#526 = LINE('',#527,#528);
#527 = CARTESIAN_POINT('',(-1.19E+03,1.206E+03,3.7055E+03));
#528 = VECTOR('',#529,1.);
#529 = DIRECTION('',(-1.224646799147E-16,-1.,0.));
#530 = PCURVE('',#444,#531);
#531 = DEFINITIONAL_REPRESENTATION('',(#532),#536);
#532 = LINE('',#533,#534);
#533 = CARTESIAN_POINT('',(90.,0.));
#534 = VECTOR('',#535,1.);
#535 = DIRECTION('',(0.,-1.));
#536 = ( GEOMETRIC_REPRESENTATION_CONTEXT(2) 
PARAMETRIC_REPRESENTATION_CONTEXT() REPRESENTATION_CONTEXT('2D SPACE',''
  ) );
#537 = PCURVE('',#538,#543);
#538 = PLANE('',#539);
#539 = AXIS2_PLACEMENT_3D('',#540,#541,#542);
#540 = CARTESIAN_POINT('',(-1.19E+03,1.206E+03,3.7055E+03));
#541 = DIRECTION('',(0.,0.,1.));
#542 = DIRECTION('',(-1.,1.224646799147E-16,0.));
#543 = DEFINITIONAL_REPRESENTATION('',(#544),#548);
#544 = LINE('',#545,#546);
#545 = CARTESIAN_POINT('',(0.,0.));
#546 = VECTOR('',#547,1.);
#547 = DIRECTION('',(0.,1.));
#548 = ( GEOMETRIC_REPRESENTATION_CONTEXT(2) 
PARAMETRIC_REPRESENTATION_CONTEXT() REPRESENTATION_CONTEXT('2D SPACE',''
  ) );
#549 = ADVANCED_FACE('',(#550),#456,.F.);
#550 = FACE_BOUND('',#551,.F.);
#551 = EDGE_LOOP('',(#552,#575,#576,#599));
#552 = ORIENTED_EDGE('',*,*,#553,.F.);
#553 = EDGE_CURVE('',#434,#554,#556,.T.);
#554 = VERTEX_POINT('',#555);
#555 = CARTESIAN_POINT('',(-1.21E+03,1.206E+03,3.6155E+03));
#556 = SURFACE_CURVE('',#557,(#561,#568),.PCURVE_S1.);
#557 = LINE('',#558,#559);
#558 = CARTESIAN_POINT('',(-1.19E+03,1.206E+03,3.6155E+03));
#559 = VECTOR('',#560,1.);
#560 = DIRECTION('',(-1.,1.224646799147E-16,0.));
#561 = PCURVE('',#456,#562);
#562 = DEFINITIONAL_REPRESENTATION('',(#563),#567);
#563 = LINE('',#564,#565);
#564 = CARTESIAN_POINT('',(0.,0.));
#565 = VECTOR('',#566,1.);
#566 = DIRECTION('',(0.,1.));
#567 = ( GEOMETRIC_REPRESENTATION_CONTEXT(2) 
PARAMETRIC_REPRESENTATION_CONTEXT() REPRESENTATION_CONTEXT('2D SPACE',''
  ) );
#568 = PCURVE('',#484,#569);
#569 = DEFINITIONAL_REPRESENTATION('',(#570),#574);
#570 = LINE('',#571,#572);
#571 = CARTESIAN_POINT('',(0.,0.));
#572 = VECTOR('',#573,1.);
#573 = DIRECTION('',(1.,0.));
#574 = ( GEOMETRIC_REPRESENTATION_CONTEXT(2) 
PARAMETRIC_REPRESENTATION_CONTEXT() REPRESENTATION_CONTEXT('2D SPACE',''
  ) );
#575 = ORIENTED_EDGE('',*,*,#433,.T.);
#576 = ORIENTED_EDGE('',*,*,#577,.T.);
#577 = EDGE_CURVE('',#436,#578,#580,.T.);
#578 = VERTEX_POINT('',#579);
#579 = CARTESIAN_POINT('',(-1.21E+03,1.206E+03,3.7055E+03));
#580 = SURFACE_CURVE('',#581,(#585,#592),.PCURVE_S1.);
#581 = LINE('',#582,#583);
#582 = CARTESIAN_POINT('',(-1.19E+03,1.206E+03,3.7055E+03));
#583 = VECTOR('',#584,1.);
#584 = DIRECTION('',(-1.,1.224646799147E-16,0.));
#585 = PCURVE('',#456,#586);
#586 = DEFINITIONAL_REPRESENTATION('',(#587),#591);
#587 = LINE('',#588,#589);
#588 = CARTESIAN_POINT('',(90.,0.));
#589 = VECTOR('',#590,1.);
#590 = DIRECTION('',(0.,1.));
#591 = ( GEOMETRIC_REPRESENTATION_CONTEXT(2) 
PARAMETRIC_REPRESENTATION_CONTEXT() REPRESENTATION_CONTEXT('2D SPACE',''
  ) );
#592 = PCURVE('',#538,#593);
#593 = DEFINITIONAL_REPRESENTATION('',(#594),#598);
#594 = LINE('',#595,#596);
#595 = CARTESIAN_POINT('',(0.,0.));
#596 = VECTOR('',#597,1.);
#597 = DIRECTION('',(1.,0.));
#598 = ( GEOMETRIC_REPRESENTATION_CONTEXT(2) 
PARAMETRIC_REPRESENTATION_CONTEXT() REPRESENTATION_CONTEXT('2D SPACE',''
  ) );
#599 = ORIENTED_EDGE('',*,*,#600,.F.);
#600 = EDGE_CURVE('',#554,#578,#601,.T.);
#601 = SURFACE_CURVE('',#602,(#606,#613),.PCURVE_S1.);
#602 = LINE('',#603,#604);
#603 = CARTESIAN_POINT('',(-1.21E+03,1.206E+03,3.6155E+03));
#604 = VECTOR('',#605,1.);
#605 = DIRECTION('',(0.,0.,1.));
#606 = PCURVE('',#456,#607);
#607 = DEFINITIONAL_REPRESENTATION('',(#608),#612);
#608 = LINE('',#609,#610);
#609 = CARTESIAN_POINT('',(0.,20.));
#610 = VECTOR('',#611,1.);
#611 = DIRECTION('',(1.,0.));
#612 = ( GEOMETRIC_REPRESENTATION_CONTEXT(2) 
PARAMETRIC_REPRESENTATION_CONTEXT() REPRESENTATION_CONTEXT('2D SPACE',''
  ) );
#613 = PCURVE('',#614,#619);
#614 = PLANE('',#615);
#615 = AXIS2_PLACEMENT_3D('',#616,#617,#618);
#616 = CARTESIAN_POINT('',(-1.21E+03,1.206E+03,3.6155E+03));
#617 = DIRECTION('',(-1.,1.224646799147E-16,0.));
#618 = DIRECTION('',(0.,0.,1.));
#619 = DEFINITIONAL_REPRESENTATION('',(#620),#624);
#620 = LINE('',#621,#622);
#621 = CARTESIAN_POINT('',(0.,0.));
#622 = VECTOR('',#623,1.);
#623 = DIRECTION('',(1.,0.));
#624 = ( GEOMETRIC_REPRESENTATION_CONTEXT(2) 
PARAMETRIC_REPRESENTATION_CONTEXT() REPRESENTATION_CONTEXT('2D SPACE',''
  ) );
#625 = ADVANCED_FACE('',(#626,#674),#538,.T.);
#626 = FACE_BOUND('',#627,.T.);
#627 = EDGE_LOOP('',(#628,#629,#630,#653));
#628 = ORIENTED_EDGE('',*,*,#524,.F.);
#629 = ORIENTED_EDGE('',*,*,#577,.T.);
#630 = ORIENTED_EDGE('',*,*,#631,.T.);
#631 = EDGE_CURVE('',#578,#632,#634,.T.);
#632 = VERTEX_POINT('',#633);
#633 = CARTESIAN_POINT('',(-1.21E+03,1.194E+03,3.7055E+03));
#634 = SURFACE_CURVE('',#635,(#639,#646),.PCURVE_S1.);
#635 = LINE('',#636,#637);
#636 = CARTESIAN_POINT('',(-1.21E+03,1.206E+03,3.7055E+03));
#637 = VECTOR('',#638,1.);
#638 = DIRECTION('',(-1.224646799147E-16,-1.,0.));
#639 = PCURVE('',#538,#640);
#640 = DEFINITIONAL_REPRESENTATION('',(#641),#645);
#641 = LINE('',#642,#643);
#642 = CARTESIAN_POINT('',(20.,0.));
#643 = VECTOR('',#644,1.);
#644 = DIRECTION('',(0.,1.));
#645 = ( GEOMETRIC_REPRESENTATION_CONTEXT(2) 
PARAMETRIC_REPRESENTATION_CONTEXT() REPRESENTATION_CONTEXT('2D SPACE',''
  ) );
#646 = PCURVE('',#614,#647);
#647 = DEFINITIONAL_REPRESENTATION('',(#648),#652);
#648 = LINE('',#649,#650);
#649 = CARTESIAN_POINT('',(90.,0.));
#650 = VECTOR('',#651,1.);
#651 = DIRECTION('',(0.,-1.));
#652 = ( GEOMETRIC_REPRESENTATION_CONTEXT(2) 
PARAMETRIC_REPRESENTATION_CONTEXT() REPRESENTATION_CONTEXT('2D SPACE',''
  ) );
#653 = ORIENTED_EDGE('',*,*,#654,.F.);
#654 = EDGE_CURVE('',#497,#632,#655,.T.);
#655 = SURFACE_CURVE('',#656,(#660,#667),.PCURVE_S1.);
#656 = LINE('',#657,#658);
#657 = CARTESIAN_POINT('',(-1.19E+03,1.194E+03,3.7055E+03));
#658 = VECTOR('',#659,1.);
#659 = DIRECTION('',(-1.,1.224646799147E-16,0.));
#660 = PCURVE('',#538,#661);
#661 = DEFINITIONAL_REPRESENTATION('',(#662),#666);
#662 = LINE('',#663,#664);
#663 = CARTESIAN_POINT('',(0.,12.));
#664 = VECTOR('',#665,1.);
#665 = DIRECTION('',(1.,0.));
#666 = ( GEOMETRIC_REPRESENTATION_CONTEXT(2) 
PARAMETRIC_REPRESENTATION_CONTEXT() REPRESENTATION_CONTEXT('2D SPACE',''
  ) );
#667 = PCURVE('',#512,#668);
#668 = DEFINITIONAL_REPRESENTATION('',(#669),#673);
#669 = LINE('',#670,#671);
#670 = CARTESIAN_POINT('',(90.,0.));
#671 = VECTOR('',#672,1.);
#672 = DIRECTION('',(0.,1.));
#673 = ( GEOMETRIC_REPRESENTATION_CONTEXT(2) 
PARAMETRIC_REPRESENTATION_CONTEXT() REPRESENTATION_CONTEXT('2D SPACE',''
  ) );
#674 = FACE_BOUND('',#675,.T.);
#675 = EDGE_LOOP('',(#676));
#676 = ORIENTED_EDGE('',*,*,#677,.T.);
#677 = EDGE_CURVE('',#678,#678,#680,.T.);
#678 = VERTEX_POINT('',#679);
#679 = CARTESIAN_POINT('',(-1.1975E+03,1.2E+03,3.7055E+03));
#680 = SURFACE_CURVE('',#681,(#686,#697),.PCURVE_S1.);
#681 = CIRCLE('',#682,2.5);
#682 = AXIS2_PLACEMENT_3D('',#683,#684,#685);
#683 = CARTESIAN_POINT('',(-1.2E+03,1.2E+03,3.7055E+03));
#684 = DIRECTION('',(0.,-0.,-1.));
#685 = DIRECTION('',(1.,-1.224646799147E-16,0.));
#686 = PCURVE('',#538,#687);
#687 = DEFINITIONAL_REPRESENTATION('',(#688),#696);
#688 = ( BOUNDED_CURVE() B_SPLINE_CURVE(2,(#689,#690,#691,#692,#693,#694
,#695),.UNSPECIFIED.,.T.,.F.) B_SPLINE_CURVE_WITH_KNOTS((1,2,2,2,2,1),(
    -2.094395102393,0.,2.094395102393,4.188790204786,6.28318530718,
8.377580409573),.UNSPECIFIED.) CURVE() GEOMETRIC_REPRESENTATION_ITEM() 
RATIONAL_B_SPLINE_CURVE((1.,0.5,1.,0.5,1.,0.5,1.)) REPRESENTATION_ITEM(
  '') );
#689 = CARTESIAN_POINT('',(7.5,6.));
#690 = CARTESIAN_POINT('',(7.5,10.330127018922));
#691 = CARTESIAN_POINT('',(11.25,8.165063509461));
#692 = CARTESIAN_POINT('',(15.,6.));
#693 = CARTESIAN_POINT('',(11.25,3.834936490539));
#694 = CARTESIAN_POINT('',(7.5,1.669872981078));
#695 = CARTESIAN_POINT('',(7.5,6.));
#696 = ( GEOMETRIC_REPRESENTATION_CONTEXT(2) 
PARAMETRIC_REPRESENTATION_CONTEXT() REPRESENTATION_CONTEXT('2D SPACE',''
  ) );
#697 = PCURVE('',#698,#703);
#698 = CYLINDRICAL_SURFACE('',#699,2.5);
#699 = AXIS2_PLACEMENT_3D('',#700,#701,#702);
#700 = CARTESIAN_POINT('',(-1.2E+03,1.2E+03,3.9805E+03));
#701 = DIRECTION('',(-0.,0.,-1.));
#702 = DIRECTION('',(1.,-1.224646799147E-16,0.));
#703 = DEFINITIONAL_REPRESENTATION('',(#704),#708);
#704 = LINE('',#705,#706);
#705 = CARTESIAN_POINT('',(0.,275.));
#706 = VECTOR('',#707,1.);
#707 = DIRECTION('',(1.,0.));
#708 = ( GEOMETRIC_REPRESENTATION_CONTEXT(2) 
PARAMETRIC_REPRESENTATION_CONTEXT() REPRESENTATION_CONTEXT('2D SPACE',''
  ) );
#709 = ADVANCED_FACE('',(#710),#512,.T.);
#710 = FACE_BOUND('',#711,.T.);
#711 = EDGE_LOOP('',(#712,#735,#736,#737));
#712 = ORIENTED_EDGE('',*,*,#713,.F.);
#713 = EDGE_CURVE('',#469,#714,#716,.T.);
#714 = VERTEX_POINT('',#715);
#715 = CARTESIAN_POINT('',(-1.21E+03,1.194E+03,3.6155E+03));
#716 = SURFACE_CURVE('',#717,(#721,#728),.PCURVE_S1.);
#717 = LINE('',#718,#719);
#718 = CARTESIAN_POINT('',(-1.19E+03,1.194E+03,3.6155E+03));
#719 = VECTOR('',#720,1.);
#720 = DIRECTION('',(-1.,1.224646799147E-16,0.));
#721 = PCURVE('',#512,#722);
#722 = DEFINITIONAL_REPRESENTATION('',(#723),#727);
#723 = LINE('',#724,#725);
#724 = CARTESIAN_POINT('',(0.,0.));
#725 = VECTOR('',#726,1.);
#726 = DIRECTION('',(0.,1.));
#727 = ( GEOMETRIC_REPRESENTATION_CONTEXT(2) 
PARAMETRIC_REPRESENTATION_CONTEXT() REPRESENTATION_CONTEXT('2D SPACE',''
  ) );
#728 = PCURVE('',#484,#729);
#729 = DEFINITIONAL_REPRESENTATION('',(#730),#734);
#730 = LINE('',#731,#732);
#731 = CARTESIAN_POINT('',(0.,12.));
#732 = VECTOR('',#733,1.);
#733 = DIRECTION('',(1.,0.));
#734 = ( GEOMETRIC_REPRESENTATION_CONTEXT(2) 
PARAMETRIC_REPRESENTATION_CONTEXT() REPRESENTATION_CONTEXT('2D SPACE',''
  ) );
#735 = ORIENTED_EDGE('',*,*,#496,.T.);
#736 = ORIENTED_EDGE('',*,*,#654,.T.);
#737 = ORIENTED_EDGE('',*,*,#738,.F.);
#738 = EDGE_CURVE('',#714,#632,#739,.T.);
#739 = SURFACE_CURVE('',#740,(#744,#751),.PCURVE_S1.);
#740 = LINE('',#741,#742);
#741 = CARTESIAN_POINT('',(-1.21E+03,1.194E+03,3.6155E+03));
#742 = VECTOR('',#743,1.);
#743 = DIRECTION('',(0.,0.,1.));
#744 = PCURVE('',#512,#745);
#745 = DEFINITIONAL_REPRESENTATION('',(#746),#750);
#746 = LINE('',#747,#748);
#747 = CARTESIAN_POINT('',(0.,20.));
#748 = VECTOR('',#749,1.);
#749 = DIRECTION('',(1.,0.));
#750 = ( GEOMETRIC_REPRESENTATION_CONTEXT(2) 
PARAMETRIC_REPRESENTATION_CONTEXT() REPRESENTATION_CONTEXT('2D SPACE',''
  ) );
#751 = PCURVE('',#614,#752);
#752 = DEFINITIONAL_REPRESENTATION('',(#753),#757);
#753 = LINE('',#754,#755);
#754 = CARTESIAN_POINT('',(0.,-12.));
#755 = VECTOR('',#756,1.);
#756 = DIRECTION('',(1.,0.));
#757 = ( GEOMETRIC_REPRESENTATION_CONTEXT(2) 
PARAMETRIC_REPRESENTATION_CONTEXT() REPRESENTATION_CONTEXT('2D SPACE',''
  ) );
#758 = ADVANCED_FACE('',(#759),#484,.F.);
#759 = FACE_BOUND('',#760,.F.);
#760 = EDGE_LOOP('',(#761,#762,#763,#784));
#761 = ORIENTED_EDGE('',*,*,#468,.F.);
#762 = ORIENTED_EDGE('',*,*,#553,.T.);
#763 = ORIENTED_EDGE('',*,*,#764,.T.);
#764 = EDGE_CURVE('',#554,#714,#765,.T.);
#765 = SURFACE_CURVE('',#766,(#770,#777),.PCURVE_S1.);
#766 = LINE('',#767,#768);
#767 = CARTESIAN_POINT('',(-1.21E+03,1.206E+03,3.6155E+03));
#768 = VECTOR('',#769,1.);
#769 = DIRECTION('',(-1.224646799147E-16,-1.,0.));
#770 = PCURVE('',#484,#771);
#771 = DEFINITIONAL_REPRESENTATION('',(#772),#776);
#772 = LINE('',#773,#774);
#773 = CARTESIAN_POINT('',(20.,0.));
#774 = VECTOR('',#775,1.);
#775 = DIRECTION('',(0.,1.));
#776 = ( GEOMETRIC_REPRESENTATION_CONTEXT(2) 
PARAMETRIC_REPRESENTATION_CONTEXT() REPRESENTATION_CONTEXT('2D SPACE',''
  ) );
#777 = PCURVE('',#614,#778);
#778 = DEFINITIONAL_REPRESENTATION('',(#779),#783);
#779 = LINE('',#780,#781);
#780 = CARTESIAN_POINT('',(0.,0.));
#781 = VECTOR('',#782,1.);
#782 = DIRECTION('',(0.,-1.));
#783 = ( GEOMETRIC_REPRESENTATION_CONTEXT(2) 
PARAMETRIC_REPRESENTATION_CONTEXT() REPRESENTATION_CONTEXT('2D SPACE',''
  ) );
#784 = ORIENTED_EDGE('',*,*,#713,.F.);
#785 = ADVANCED_FACE('',(#786),#614,.T.);
#786 = FACE_BOUND('',#787,.T.);
#787 = EDGE_LOOP('',(#788,#789,#790,#791));
#788 = ORIENTED_EDGE('',*,*,#600,.F.);
#789 = ORIENTED_EDGE('',*,*,#764,.T.);
#790 = ORIENTED_EDGE('',*,*,#738,.T.);
#791 = ORIENTED_EDGE('',*,*,#631,.F.);
#792 = ADVANCED_FACE('',(#793),#698,.T.);
#793 = FACE_BOUND('',#794,.T.);
#794 = EDGE_LOOP('',(#795,#796,#819,#846));
#795 = ORIENTED_EDGE('',*,*,#677,.F.);
#796 = ORIENTED_EDGE('',*,*,#797,.F.);
#797 = EDGE_CURVE('',#798,#678,#800,.T.);
#798 = VERTEX_POINT('',#799);
#799 = CARTESIAN_POINT('',(-1.1975E+03,1.2E+03,3.9805E+03));
#800 = SEAM_CURVE('',#801,(#805,#812),.PCURVE_S1.);
#801 = LINE('',#802,#803);
#802 = CARTESIAN_POINT('',(-1.1975E+03,1.2E+03,3.9805E+03));
#803 = VECTOR('',#804,1.);
#804 = DIRECTION('',(-0.,0.,-1.));
#805 = PCURVE('',#698,#806);
#806 = DEFINITIONAL_REPRESENTATION('',(#807),#811);
#807 = LINE('',#808,#809);
#808 = CARTESIAN_POINT('',(6.28318530718,-0.));
#809 = VECTOR('',#810,1.);
#810 = DIRECTION('',(0.,1.));
#811 = ( GEOMETRIC_REPRESENTATION_CONTEXT(2) 
PARAMETRIC_REPRESENTATION_CONTEXT() REPRESENTATION_CONTEXT('2D SPACE',''
  ) );
#812 = PCURVE('',#698,#813);
#813 = DEFINITIONAL_REPRESENTATION('',(#814),#818);
#814 = LINE('',#815,#816);
#815 = CARTESIAN_POINT('',(0.,-0.));
#816 = VECTOR('',#817,1.);
#817 = DIRECTION('',(0.,1.));
#818 = ( GEOMETRIC_REPRESENTATION_CONTEXT(2) 
PARAMETRIC_REPRESENTATION_CONTEXT() REPRESENTATION_CONTEXT('2D SPACE',''
  ) );
#819 = ORIENTED_EDGE('',*,*,#820,.T.);
#820 = EDGE_CURVE('',#798,#798,#821,.T.);
#821 = SURFACE_CURVE('',#822,(#827,#834),.PCURVE_S1.);
#822 = CIRCLE('',#823,2.5);
#823 = AXIS2_PLACEMENT_3D('',#824,#825,#826);
#824 = CARTESIAN_POINT('',(-1.2E+03,1.2E+03,3.9805E+03));
#825 = DIRECTION('',(0.,-0.,-1.));
#826 = DIRECTION('',(1.,-1.224646799147E-16,0.));
#827 = PCURVE('',#698,#828);
#828 = DEFINITIONAL_REPRESENTATION('',(#829),#833);
#829 = LINE('',#830,#831);
#830 = CARTESIAN_POINT('',(0.,0.));
#831 = VECTOR('',#832,1.);
#832 = DIRECTION('',(1.,0.));
#833 = ( GEOMETRIC_REPRESENTATION_CONTEXT(2) 
PARAMETRIC_REPRESENTATION_CONTEXT() REPRESENTATION_CONTEXT('2D SPACE',''
  ) );
#834 = PCURVE('',#835,#840);
#835 = PLANE('',#836);
#836 = AXIS2_PLACEMENT_3D('',#837,#838,#839);
#837 = CARTESIAN_POINT('',(-1.2E+03,1.2E+03,3.9805E+03));
#838 = DIRECTION('',(-0.,0.,-1.));
#839 = DIRECTION('',(1.,-1.224646799147E-16,0.));
#840 = DEFINITIONAL_REPRESENTATION('',(#841),#845);
#841 = CIRCLE('',#842,2.5);
#842 = AXIS2_PLACEMENT_2D('',#843,#844);
#843 = CARTESIAN_POINT('',(0.,0.));
#844 = DIRECTION('',(1.,0.));
#845 = ( GEOMETRIC_REPRESENTATION_CONTEXT(2) 
PARAMETRIC_REPRESENTATION_CONTEXT() REPRESENTATION_CONTEXT('2D SPACE',''
  ) );
#846 = ORIENTED_EDGE('',*,*,#797,.T.);
#847 = ADVANCED_FACE('',(#848),#835,.F.);
#848 = FACE_BOUND('',#849,.T.);
#849 = EDGE_LOOP('',(#850));
#850 = ORIENTED_EDGE('',*,*,#820,.F.);
#851 = MANIFOLD_SOLID_BREP('',#852);
#852 = CLOSED_SHELL('',(#853,#971,#1106,#1155,#1227,#1254,#1281,#1319,
    #1374,#1746,#1750,#1773,#1825,#1883));
#853 = ADVANCED_FACE('',(#854),#868,.T.);
#854 = FACE_BOUND('',#855,.T.);
#855 = EDGE_LOOP('',(#856,#891,#919,#947));
#856 = ORIENTED_EDGE('',*,*,#857,.F.);
#857 = EDGE_CURVE('',#858,#860,#862,.T.);
#858 = VERTEX_POINT('',#859);
#859 = CARTESIAN_POINT('',(44.45,1.255E+03,1.14E+03));
#860 = VERTEX_POINT('',#861);
#861 = CARTESIAN_POINT('',(44.45,1.2E+03,1.14E+03));
#862 = SURFACE_CURVE('',#863,(#867,#879),.PCURVE_S1.);
#863 = LINE('',#864,#865);
#864 = CARTESIAN_POINT('',(44.45,1.255E+03,1.14E+03));
#865 = VECTOR('',#866,1.);
#866 = DIRECTION('',(-1.224646799147E-16,-1.,0.));
#867 = PCURVE('',#868,#873);
#868 = PLANE('',#869);
#869 = AXIS2_PLACEMENT_3D('',#870,#871,#872);
#870 = CARTESIAN_POINT('',(44.45,1.255E+03,1.E+03));
#871 = DIRECTION('',(-1.,1.224646799147E-16,0.));
#872 = DIRECTION('',(0.,0.,1.));
#873 = DEFINITIONAL_REPRESENTATION('',(#874),#878);
#874 = LINE('',#875,#876);
#875 = CARTESIAN_POINT('',(140.,0.));
#876 = VECTOR('',#877,1.);
#877 = DIRECTION('',(0.,-1.));
#878 = ( GEOMETRIC_REPRESENTATION_CONTEXT(2) 
PARAMETRIC_REPRESENTATION_CONTEXT() REPRESENTATION_CONTEXT('2D SPACE',''
  ) );
#879 = PCURVE('',#880,#885);
#880 = PLANE('',#881);
#881 = AXIS2_PLACEMENT_3D('',#882,#883,#884);
#882 = CARTESIAN_POINT('',(164.45,1.255E+03,1.14E+03));
#883 = DIRECTION('',(0.,0.,1.));
#884 = DIRECTION('',(-1.,1.224646799147E-16,0.));
#885 = DEFINITIONAL_REPRESENTATION('',(#886),#890);
#886 = LINE('',#887,#888);
#887 = CARTESIAN_POINT('',(120.,0.));
#888 = VECTOR('',#889,1.);
#889 = DIRECTION('',(0.,1.));
#890 = ( GEOMETRIC_REPRESENTATION_CONTEXT(2) 
PARAMETRIC_REPRESENTATION_CONTEXT() REPRESENTATION_CONTEXT('2D SPACE',''
  ) );
#891 = ORIENTED_EDGE('',*,*,#892,.F.);
#892 = EDGE_CURVE('',#893,#858,#895,.T.);
#893 = VERTEX_POINT('',#894);
#894 = CARTESIAN_POINT('',(44.45,1.255E+03,1.E+03));
#895 = SURFACE_CURVE('',#896,(#900,#907),.PCURVE_S1.);
#896 = LINE('',#897,#898);
#897 = CARTESIAN_POINT('',(44.45,1.255E+03,1.E+03));
#898 = VECTOR('',#899,1.);
#899 = DIRECTION('',(0.,0.,1.));
#900 = PCURVE('',#868,#901);
#901 = DEFINITIONAL_REPRESENTATION('',(#902),#906);
#902 = LINE('',#903,#904);
#903 = CARTESIAN_POINT('',(0.,0.));
#904 = VECTOR('',#905,1.);
#905 = DIRECTION('',(1.,0.));
#906 = ( GEOMETRIC_REPRESENTATION_CONTEXT(2) 
PARAMETRIC_REPRESENTATION_CONTEXT() REPRESENTATION_CONTEXT('2D SPACE',''
  ) );
#907 = PCURVE('',#908,#913);
#908 = PLANE('',#909);
#909 = AXIS2_PLACEMENT_3D('',#910,#911,#912);
#910 = CARTESIAN_POINT('',(164.45,1.255E+03,1.E+03));
#911 = DIRECTION('',(-1.224646799147E-16,-1.,0.));
#912 = DIRECTION('',(0.,0.,1.));
#913 = DEFINITIONAL_REPRESENTATION('',(#914),#918);
#914 = LINE('',#915,#916);
#915 = CARTESIAN_POINT('',(0.,120.));
#916 = VECTOR('',#917,1.);
#917 = DIRECTION('',(1.,0.));
#918 = ( GEOMETRIC_REPRESENTATION_CONTEXT(2) 
PARAMETRIC_REPRESENTATION_CONTEXT() REPRESENTATION_CONTEXT('2D SPACE',''
  ) );
#919 = ORIENTED_EDGE('',*,*,#920,.T.);
#920 = EDGE_CURVE('',#893,#921,#923,.T.);
#921 = VERTEX_POINT('',#922);
#922 = CARTESIAN_POINT('',(44.45,1.2E+03,1.E+03));
#923 = SURFACE_CURVE('',#924,(#928,#935),.PCURVE_S1.);
#924 = LINE('',#925,#926);
#925 = CARTESIAN_POINT('',(44.45,1.255E+03,1.E+03));
#926 = VECTOR('',#927,1.);
#927 = DIRECTION('',(-1.224646799147E-16,-1.,0.));
#928 = PCURVE('',#868,#929);
#929 = DEFINITIONAL_REPRESENTATION('',(#930),#934);
#930 = LINE('',#931,#932);
#931 = CARTESIAN_POINT('',(0.,0.));
#932 = VECTOR('',#933,1.);
#933 = DIRECTION('',(0.,-1.));
#934 = ( GEOMETRIC_REPRESENTATION_CONTEXT(2) 
PARAMETRIC_REPRESENTATION_CONTEXT() REPRESENTATION_CONTEXT('2D SPACE',''
  ) );
#935 = PCURVE('',#936,#941);
#936 = PLANE('',#937);
#937 = AXIS2_PLACEMENT_3D('',#938,#939,#940);
#938 = CARTESIAN_POINT('',(164.45,1.255E+03,1.E+03));
#939 = DIRECTION('',(0.,0.,1.));
#940 = DIRECTION('',(-1.,1.224646799147E-16,0.));
#941 = DEFINITIONAL_REPRESENTATION('',(#942),#946);
#942 = LINE('',#943,#944);
#943 = CARTESIAN_POINT('',(120.,0.));
#944 = VECTOR('',#945,1.);
#945 = DIRECTION('',(0.,1.));
#946 = ( GEOMETRIC_REPRESENTATION_CONTEXT(2) 
PARAMETRIC_REPRESENTATION_CONTEXT() REPRESENTATION_CONTEXT('2D SPACE',''
  ) );
#947 = ORIENTED_EDGE('',*,*,#948,.T.);
#948 = EDGE_CURVE('',#921,#860,#949,.T.);
#949 = SURFACE_CURVE('',#950,(#954,#960),.PCURVE_S1.);
#950 = LINE('',#951,#952);
#951 = CARTESIAN_POINT('',(44.45,1.2E+03,-694.));
#952 = VECTOR('',#953,1.);
#953 = DIRECTION('',(0.,0.,1.));
#954 = PCURVE('',#868,#955);
#955 = DEFINITIONAL_REPRESENTATION('',(#956),#959);
#956 = B_SPLINE_CURVE_WITH_KNOTS('',1,(#957,#958),.UNSPECIFIED.,.F.,.F.,
  (2,2),(1.68E+03,1.848E+03),.PIECEWISE_BEZIER_KNOTS.);
#957 = CARTESIAN_POINT('',(-14.,-55.));
#958 = CARTESIAN_POINT('',(154.,-55.));
#959 = ( GEOMETRIC_REPRESENTATION_CONTEXT(2) 
PARAMETRIC_REPRESENTATION_CONTEXT() REPRESENTATION_CONTEXT('2D SPACE',''
  ) );
#960 = PCURVE('',#961,#966);
#961 = PLANE('',#962);
#962 = AXIS2_PLACEMENT_3D('',#963,#964,#965);
#963 = CARTESIAN_POINT('',(44.45,1.255E+03,1.E+03));
#964 = DIRECTION('',(-1.,1.224646799147E-16,0.));
#965 = DIRECTION('',(0.,0.,1.));
#966 = DEFINITIONAL_REPRESENTATION('',(#967),#970);
#967 = B_SPLINE_CURVE_WITH_KNOTS('',1,(#968,#969),.UNSPECIFIED.,.F.,.F.,
  (2,2),(1.68E+03,1.848E+03),.PIECEWISE_BEZIER_KNOTS.);
#968 = CARTESIAN_POINT('',(-14.,-55.));
#969 = CARTESIAN_POINT('',(154.,-55.));
#970 = ( GEOMETRIC_REPRESENTATION_CONTEXT(2) 
PARAMETRIC_REPRESENTATION_CONTEXT() REPRESENTATION_CONTEXT('2D SPACE',''
  ) );
#971 = ADVANCED_FACE('',(#972,#1075),#880,.T.);
#972 = FACE_BOUND('',#973,.T.);
#973 = EDGE_LOOP('',(#974,#1004,#1025,#1026,#1049));
#974 = ORIENTED_EDGE('',*,*,#975,.F.);
#975 = EDGE_CURVE('',#976,#978,#980,.T.);
#976 = VERTEX_POINT('',#977);
#977 = CARTESIAN_POINT('',(164.45,1.255E+03,1.14E+03));
#978 = VERTEX_POINT('',#979);
#979 = CARTESIAN_POINT('',(164.45,1.145E+03,1.14E+03));
#980 = SURFACE_CURVE('',#981,(#985,#992),.PCURVE_S1.);
#981 = LINE('',#982,#983);
#982 = CARTESIAN_POINT('',(164.45,1.255E+03,1.14E+03));
#983 = VECTOR('',#984,1.);
#984 = DIRECTION('',(-1.224646799147E-16,-1.,0.));
#985 = PCURVE('',#880,#986);
#986 = DEFINITIONAL_REPRESENTATION('',(#987),#991);
#987 = LINE('',#988,#989);
#988 = CARTESIAN_POINT('',(0.,0.));
#989 = VECTOR('',#990,1.);
#990 = DIRECTION('',(0.,1.));
#991 = ( GEOMETRIC_REPRESENTATION_CONTEXT(2) 
PARAMETRIC_REPRESENTATION_CONTEXT() REPRESENTATION_CONTEXT('2D SPACE',''
  ) );
#992 = PCURVE('',#993,#998);
#993 = PLANE('',#994);
#994 = AXIS2_PLACEMENT_3D('',#995,#996,#997);
#995 = CARTESIAN_POINT('',(164.45,1.255E+03,1.E+03));
#996 = DIRECTION('',(-1.,1.224646799147E-16,0.));
#997 = DIRECTION('',(0.,0.,1.));
#998 = DEFINITIONAL_REPRESENTATION('',(#999),#1003);
#999 = LINE('',#1000,#1001);
#1000 = CARTESIAN_POINT('',(140.,0.));
#1001 = VECTOR('',#1002,1.);
#1002 = DIRECTION('',(0.,-1.));
#1003 = ( GEOMETRIC_REPRESENTATION_CONTEXT(2) 
PARAMETRIC_REPRESENTATION_CONTEXT() REPRESENTATION_CONTEXT('2D SPACE',''
  ) );
#1004 = ORIENTED_EDGE('',*,*,#1005,.T.);
#1005 = EDGE_CURVE('',#976,#858,#1006,.T.);
#1006 = SURFACE_CURVE('',#1007,(#1011,#1018),.PCURVE_S1.);
#1007 = LINE('',#1008,#1009);
#1008 = CARTESIAN_POINT('',(164.45,1.255E+03,1.14E+03));
#1009 = VECTOR('',#1010,1.);
#1010 = DIRECTION('',(-1.,1.224646799147E-16,0.));
#1011 = PCURVE('',#880,#1012);
#1012 = DEFINITIONAL_REPRESENTATION('',(#1013),#1017);
#1013 = LINE('',#1014,#1015);
#1014 = CARTESIAN_POINT('',(0.,0.));
#1015 = VECTOR('',#1016,1.);
#1016 = DIRECTION('',(1.,0.));
#1017 = ( GEOMETRIC_REPRESENTATION_CONTEXT(2) 
PARAMETRIC_REPRESENTATION_CONTEXT() REPRESENTATION_CONTEXT('2D SPACE',''
  ) );
#1018 = PCURVE('',#908,#1019);
#1019 = DEFINITIONAL_REPRESENTATION('',(#1020),#1024);
#1020 = LINE('',#1021,#1022);
#1021 = CARTESIAN_POINT('',(140.,0.));
#1022 = VECTOR('',#1023,1.);
#1023 = DIRECTION('',(0.,1.));
#1024 = ( GEOMETRIC_REPRESENTATION_CONTEXT(2) 
PARAMETRIC_REPRESENTATION_CONTEXT() REPRESENTATION_CONTEXT('2D SPACE',''
  ) );
#1025 = ORIENTED_EDGE('',*,*,#857,.T.);
#1026 = ORIENTED_EDGE('',*,*,#1027,.T.);
#1027 = EDGE_CURVE('',#860,#1028,#1030,.T.);
#1028 = VERTEX_POINT('',#1029);
#1029 = CARTESIAN_POINT('',(44.45,1.145E+03,1.14E+03));
#1030 = SURFACE_CURVE('',#1031,(#1035,#1042),.PCURVE_S1.);
#1031 = LINE('',#1032,#1033);
#1032 = CARTESIAN_POINT('',(44.45,1.255E+03,1.14E+03));
#1033 = VECTOR('',#1034,1.);
#1034 = DIRECTION('',(-1.224646799147E-16,-1.,0.));
#1035 = PCURVE('',#880,#1036);
#1036 = DEFINITIONAL_REPRESENTATION('',(#1037),#1041);
#1037 = LINE('',#1038,#1039);
#1038 = CARTESIAN_POINT('',(120.,0.));
#1039 = VECTOR('',#1040,1.);
#1040 = DIRECTION('',(0.,1.));
#1041 = ( GEOMETRIC_REPRESENTATION_CONTEXT(2) 
PARAMETRIC_REPRESENTATION_CONTEXT() REPRESENTATION_CONTEXT('2D SPACE',''
  ) );
#1042 = PCURVE('',#961,#1043);
#1043 = DEFINITIONAL_REPRESENTATION('',(#1044),#1048);
#1044 = LINE('',#1045,#1046);
#1045 = CARTESIAN_POINT('',(140.,0.));
#1046 = VECTOR('',#1047,1.);
#1047 = DIRECTION('',(0.,-1.));
#1048 = ( GEOMETRIC_REPRESENTATION_CONTEXT(2) 
PARAMETRIC_REPRESENTATION_CONTEXT() REPRESENTATION_CONTEXT('2D SPACE',''
  ) );
#1049 = ORIENTED_EDGE('',*,*,#1050,.F.);
#1050 = EDGE_CURVE('',#978,#1028,#1051,.T.);
#1051 = SURFACE_CURVE('',#1052,(#1056,#1063),.PCURVE_S1.);
#1052 = LINE('',#1053,#1054);
#1053 = CARTESIAN_POINT('',(164.45,1.145E+03,1.14E+03));
#1054 = VECTOR('',#1055,1.);
#1055 = DIRECTION('',(-1.,1.224646799147E-16,0.));
#1056 = PCURVE('',#880,#1057);
#1057 = DEFINITIONAL_REPRESENTATION('',(#1058),#1062);
#1058 = LINE('',#1059,#1060);
#1059 = CARTESIAN_POINT('',(0.,110.));
#1060 = VECTOR('',#1061,1.);
#1061 = DIRECTION('',(1.,0.));
#1062 = ( GEOMETRIC_REPRESENTATION_CONTEXT(2) 
PARAMETRIC_REPRESENTATION_CONTEXT() REPRESENTATION_CONTEXT('2D SPACE',''
  ) );
#1063 = PCURVE('',#1064,#1069);
#1064 = PLANE('',#1065);
#1065 = AXIS2_PLACEMENT_3D('',#1066,#1067,#1068);
#1066 = CARTESIAN_POINT('',(164.45,1.145E+03,1.E+03));
#1067 = DIRECTION('',(-1.224646799147E-16,-1.,0.));
#1068 = DIRECTION('',(0.,0.,1.));
#1069 = DEFINITIONAL_REPRESENTATION('',(#1070),#1074);
#1070 = LINE('',#1071,#1072);
#1071 = CARTESIAN_POINT('',(140.,0.));
#1072 = VECTOR('',#1073,1.);
#1073 = DIRECTION('',(0.,1.));
#1074 = ( GEOMETRIC_REPRESENTATION_CONTEXT(2) 
PARAMETRIC_REPRESENTATION_CONTEXT() REPRESENTATION_CONTEXT('2D SPACE',''
  ) );
#1075 = FACE_BOUND('',#1076,.T.);
#1076 = EDGE_LOOP('',(#1077));
#1077 = ORIENTED_EDGE('',*,*,#1078,.F.);
#1078 = EDGE_CURVE('',#1079,#1079,#1081,.T.);
#1079 = VERTEX_POINT('',#1080);
#1080 = CARTESIAN_POINT('',(150.,1.2E+03,1.14E+03));
#1081 = SURFACE_CURVE('',#1082,(#1087,#1094),.PCURVE_S1.);
#1082 = CIRCLE('',#1083,2.5);
#1083 = AXIS2_PLACEMENT_3D('',#1084,#1085,#1086);
#1084 = CARTESIAN_POINT('',(152.5,1.2E+03,1.14E+03));
#1085 = DIRECTION('',(0.,0.,1.));
#1086 = DIRECTION('',(-1.,1.224646799147E-16,0.));
#1087 = PCURVE('',#880,#1088);
#1088 = DEFINITIONAL_REPRESENTATION('',(#1089),#1093);
#1089 = CIRCLE('',#1090,2.5);
#1090 = AXIS2_PLACEMENT_2D('',#1091,#1092);
#1091 = CARTESIAN_POINT('',(11.95,55.));
#1092 = DIRECTION('',(1.,0.));
#1093 = ( GEOMETRIC_REPRESENTATION_CONTEXT(2) 
PARAMETRIC_REPRESENTATION_CONTEXT() REPRESENTATION_CONTEXT('2D SPACE',''
  ) );
#1094 = PCURVE('',#1095,#1100);
#1095 = CYLINDRICAL_SURFACE('',#1096,2.5);
#1096 = AXIS2_PLACEMENT_3D('',#1097,#1098,#1099);
#1097 = CARTESIAN_POINT('',(152.5,1.2E+03,1.14E+03));
#1098 = DIRECTION('',(0.,0.,1.));
#1099 = DIRECTION('',(-1.,1.224646799147E-16,0.));
#1100 = DEFINITIONAL_REPRESENTATION('',(#1101),#1105);
#1101 = LINE('',#1102,#1103);
#1102 = CARTESIAN_POINT('',(0.,0.));
#1103 = VECTOR('',#1104,1.);
#1104 = DIRECTION('',(1.,0.));
#1105 = ( GEOMETRIC_REPRESENTATION_CONTEXT(2) 
PARAMETRIC_REPRESENTATION_CONTEXT() REPRESENTATION_CONTEXT('2D SPACE',''
  ) );
#1106 = ADVANCED_FACE('',(#1107),#961,.T.);
#1107 = FACE_BOUND('',#1108,.T.);
#1108 = EDGE_LOOP('',(#1109,#1110,#1111,#1134));
#1109 = ORIENTED_EDGE('',*,*,#1027,.F.);
#1110 = ORIENTED_EDGE('',*,*,#948,.F.);
#1111 = ORIENTED_EDGE('',*,*,#1112,.T.);
#1112 = EDGE_CURVE('',#921,#1113,#1115,.T.);
#1113 = VERTEX_POINT('',#1114);
#1114 = CARTESIAN_POINT('',(44.45,1.145E+03,1.E+03));
#1115 = SURFACE_CURVE('',#1116,(#1120,#1127),.PCURVE_S1.);
#1116 = LINE('',#1117,#1118);
#1117 = CARTESIAN_POINT('',(44.45,1.255E+03,1.E+03));
#1118 = VECTOR('',#1119,1.);
#1119 = DIRECTION('',(-1.224646799147E-16,-1.,0.));
#1120 = PCURVE('',#961,#1121);
#1121 = DEFINITIONAL_REPRESENTATION('',(#1122),#1126);
#1122 = LINE('',#1123,#1124);
#1123 = CARTESIAN_POINT('',(0.,0.));
#1124 = VECTOR('',#1125,1.);
#1125 = DIRECTION('',(0.,-1.));
#1126 = ( GEOMETRIC_REPRESENTATION_CONTEXT(2) 
PARAMETRIC_REPRESENTATION_CONTEXT() REPRESENTATION_CONTEXT('2D SPACE',''
  ) );
#1127 = PCURVE('',#936,#1128);
#1128 = DEFINITIONAL_REPRESENTATION('',(#1129),#1133);
#1129 = LINE('',#1130,#1131);
#1130 = CARTESIAN_POINT('',(120.,0.));
#1131 = VECTOR('',#1132,1.);
#1132 = DIRECTION('',(0.,1.));
#1133 = ( GEOMETRIC_REPRESENTATION_CONTEXT(2) 
PARAMETRIC_REPRESENTATION_CONTEXT() REPRESENTATION_CONTEXT('2D SPACE',''
  ) );
#1134 = ORIENTED_EDGE('',*,*,#1135,.T.);
#1135 = EDGE_CURVE('',#1113,#1028,#1136,.T.);
#1136 = SURFACE_CURVE('',#1137,(#1141,#1148),.PCURVE_S1.);
#1137 = LINE('',#1138,#1139);
#1138 = CARTESIAN_POINT('',(44.45,1.145E+03,1.E+03));
#1139 = VECTOR('',#1140,1.);
#1140 = DIRECTION('',(0.,0.,1.));
#1141 = PCURVE('',#961,#1142);
#1142 = DEFINITIONAL_REPRESENTATION('',(#1143),#1147);
#1143 = LINE('',#1144,#1145);
#1144 = CARTESIAN_POINT('',(0.,-110.));
#1145 = VECTOR('',#1146,1.);
#1146 = DIRECTION('',(1.,0.));
#1147 = ( GEOMETRIC_REPRESENTATION_CONTEXT(2) 
PARAMETRIC_REPRESENTATION_CONTEXT() REPRESENTATION_CONTEXT('2D SPACE',''
  ) );
#1148 = PCURVE('',#1064,#1149);
#1149 = DEFINITIONAL_REPRESENTATION('',(#1150),#1154);
#1150 = LINE('',#1151,#1152);
#1151 = CARTESIAN_POINT('',(0.,120.));
#1152 = VECTOR('',#1153,1.);
#1153 = DIRECTION('',(1.,0.));
#1154 = ( GEOMETRIC_REPRESENTATION_CONTEXT(2) 
PARAMETRIC_REPRESENTATION_CONTEXT() REPRESENTATION_CONTEXT('2D SPACE',''
  ) );
#1155 = ADVANCED_FACE('',(#1156),#936,.F.);
#1156 = FACE_BOUND('',#1157,.F.);
#1157 = EDGE_LOOP('',(#1158,#1183,#1204,#1205,#1206));
#1158 = ORIENTED_EDGE('',*,*,#1159,.F.);
#1159 = EDGE_CURVE('',#1160,#1162,#1164,.T.);
#1160 = VERTEX_POINT('',#1161);
#1161 = CARTESIAN_POINT('',(164.45,1.255E+03,1.E+03));
#1162 = VERTEX_POINT('',#1163);
#1163 = CARTESIAN_POINT('',(164.45,1.145E+03,1.E+03));
#1164 = SURFACE_CURVE('',#1165,(#1169,#1176),.PCURVE_S1.);
#1165 = LINE('',#1166,#1167);
#1166 = CARTESIAN_POINT('',(164.45,1.255E+03,1.E+03));
#1167 = VECTOR('',#1168,1.);
#1168 = DIRECTION('',(-1.224646799147E-16,-1.,0.));
#1169 = PCURVE('',#936,#1170);
#1170 = DEFINITIONAL_REPRESENTATION('',(#1171),#1175);
#1171 = LINE('',#1172,#1173);
#1172 = CARTESIAN_POINT('',(0.,0.));
#1173 = VECTOR('',#1174,1.);
#1174 = DIRECTION('',(0.,1.));
#1175 = ( GEOMETRIC_REPRESENTATION_CONTEXT(2) 
PARAMETRIC_REPRESENTATION_CONTEXT() REPRESENTATION_CONTEXT('2D SPACE',''
  ) );
#1176 = PCURVE('',#993,#1177);
#1177 = DEFINITIONAL_REPRESENTATION('',(#1178),#1182);
#1178 = LINE('',#1179,#1180);
#1179 = CARTESIAN_POINT('',(0.,0.));
#1180 = VECTOR('',#1181,1.);
#1181 = DIRECTION('',(0.,-1.));
#1182 = ( GEOMETRIC_REPRESENTATION_CONTEXT(2) 
PARAMETRIC_REPRESENTATION_CONTEXT() REPRESENTATION_CONTEXT('2D SPACE',''
  ) );
#1183 = ORIENTED_EDGE('',*,*,#1184,.T.);
#1184 = EDGE_CURVE('',#1160,#893,#1185,.T.);
#1185 = SURFACE_CURVE('',#1186,(#1190,#1197),.PCURVE_S1.);
#1186 = LINE('',#1187,#1188);
#1187 = CARTESIAN_POINT('',(164.45,1.255E+03,1.E+03));
#1188 = VECTOR('',#1189,1.);
#1189 = DIRECTION('',(-1.,1.224646799147E-16,0.));
#1190 = PCURVE('',#936,#1191);
#1191 = DEFINITIONAL_REPRESENTATION('',(#1192),#1196);
#1192 = LINE('',#1193,#1194);
#1193 = CARTESIAN_POINT('',(0.,0.));
#1194 = VECTOR('',#1195,1.);
#1195 = DIRECTION('',(1.,0.));
#1196 = ( GEOMETRIC_REPRESENTATION_CONTEXT(2) 
PARAMETRIC_REPRESENTATION_CONTEXT() REPRESENTATION_CONTEXT('2D SPACE',''
  ) );
#1197 = PCURVE('',#908,#1198);
#1198 = DEFINITIONAL_REPRESENTATION('',(#1199),#1203);
#1199 = LINE('',#1200,#1201);
#1200 = CARTESIAN_POINT('',(0.,0.));
#1201 = VECTOR('',#1202,1.);
#1202 = DIRECTION('',(0.,1.));
#1203 = ( GEOMETRIC_REPRESENTATION_CONTEXT(2) 
PARAMETRIC_REPRESENTATION_CONTEXT() REPRESENTATION_CONTEXT('2D SPACE',''
  ) );
#1204 = ORIENTED_EDGE('',*,*,#920,.T.);
#1205 = ORIENTED_EDGE('',*,*,#1112,.T.);
#1206 = ORIENTED_EDGE('',*,*,#1207,.F.);
#1207 = EDGE_CURVE('',#1162,#1113,#1208,.T.);
#1208 = SURFACE_CURVE('',#1209,(#1213,#1220),.PCURVE_S1.);
#1209 = LINE('',#1210,#1211);
#1210 = CARTESIAN_POINT('',(164.45,1.145E+03,1.E+03));
#1211 = VECTOR('',#1212,1.);
#1212 = DIRECTION('',(-1.,1.224646799147E-16,0.));
#1213 = PCURVE('',#936,#1214);
#1214 = DEFINITIONAL_REPRESENTATION('',(#1215),#1219);
#1215 = LINE('',#1216,#1217);
#1216 = CARTESIAN_POINT('',(0.,110.));
#1217 = VECTOR('',#1218,1.);
#1218 = DIRECTION('',(1.,0.));
#1219 = ( GEOMETRIC_REPRESENTATION_CONTEXT(2) 
PARAMETRIC_REPRESENTATION_CONTEXT() REPRESENTATION_CONTEXT('2D SPACE',''
  ) );
#1220 = PCURVE('',#1064,#1221);
#1221 = DEFINITIONAL_REPRESENTATION('',(#1222),#1226);
#1222 = LINE('',#1223,#1224);
#1223 = CARTESIAN_POINT('',(0.,0.));
#1224 = VECTOR('',#1225,1.);
#1225 = DIRECTION('',(0.,1.));
#1226 = ( GEOMETRIC_REPRESENTATION_CONTEXT(2) 
PARAMETRIC_REPRESENTATION_CONTEXT() REPRESENTATION_CONTEXT('2D SPACE',''
  ) );
#1227 = ADVANCED_FACE('',(#1228),#908,.F.);
#1228 = FACE_BOUND('',#1229,.F.);
#1229 = EDGE_LOOP('',(#1230,#1231,#1252,#1253));
#1230 = ORIENTED_EDGE('',*,*,#1184,.F.);
#1231 = ORIENTED_EDGE('',*,*,#1232,.T.);
#1232 = EDGE_CURVE('',#1160,#976,#1233,.T.);
#1233 = SURFACE_CURVE('',#1234,(#1238,#1245),.PCURVE_S1.);
#1234 = LINE('',#1235,#1236);
#1235 = CARTESIAN_POINT('',(164.45,1.255E+03,1.E+03));
#1236 = VECTOR('',#1237,1.);
#1237 = DIRECTION('',(0.,0.,1.));
#1238 = PCURVE('',#908,#1239);
#1239 = DEFINITIONAL_REPRESENTATION('',(#1240),#1244);
#1240 = LINE('',#1241,#1242);
#1241 = CARTESIAN_POINT('',(0.,0.));
#1242 = VECTOR('',#1243,1.);
#1243 = DIRECTION('',(1.,0.));
#1244 = ( GEOMETRIC_REPRESENTATION_CONTEXT(2) 
PARAMETRIC_REPRESENTATION_CONTEXT() REPRESENTATION_CONTEXT('2D SPACE',''
  ) );
#1245 = PCURVE('',#993,#1246);
#1246 = DEFINITIONAL_REPRESENTATION('',(#1247),#1251);
#1247 = LINE('',#1248,#1249);
#1248 = CARTESIAN_POINT('',(0.,0.));
#1249 = VECTOR('',#1250,1.);
#1250 = DIRECTION('',(1.,0.));
#1251 = ( GEOMETRIC_REPRESENTATION_CONTEXT(2) 
PARAMETRIC_REPRESENTATION_CONTEXT() REPRESENTATION_CONTEXT('2D SPACE',''
  ) );
#1252 = ORIENTED_EDGE('',*,*,#1005,.T.);
#1253 = ORIENTED_EDGE('',*,*,#892,.F.);
#1254 = ADVANCED_FACE('',(#1255),#993,.F.);
#1255 = FACE_BOUND('',#1256,.F.);
#1256 = EDGE_LOOP('',(#1257,#1258,#1259,#1280));
#1257 = ORIENTED_EDGE('',*,*,#1232,.F.);
#1258 = ORIENTED_EDGE('',*,*,#1159,.T.);
#1259 = ORIENTED_EDGE('',*,*,#1260,.T.);
#1260 = EDGE_CURVE('',#1162,#978,#1261,.T.);
#1261 = SURFACE_CURVE('',#1262,(#1266,#1273),.PCURVE_S1.);
#1262 = LINE('',#1263,#1264);
#1263 = CARTESIAN_POINT('',(164.45,1.145E+03,1.E+03));
#1264 = VECTOR('',#1265,1.);
#1265 = DIRECTION('',(0.,0.,1.));
#1266 = PCURVE('',#993,#1267);
#1267 = DEFINITIONAL_REPRESENTATION('',(#1268),#1272);
#1268 = LINE('',#1269,#1270);
#1269 = CARTESIAN_POINT('',(0.,-110.));
#1270 = VECTOR('',#1271,1.);
#1271 = DIRECTION('',(1.,0.));
#1272 = ( GEOMETRIC_REPRESENTATION_CONTEXT(2) 
PARAMETRIC_REPRESENTATION_CONTEXT() REPRESENTATION_CONTEXT('2D SPACE',''
  ) );
#1273 = PCURVE('',#1064,#1274);
#1274 = DEFINITIONAL_REPRESENTATION('',(#1275),#1279);
#1275 = LINE('',#1276,#1277);
#1276 = CARTESIAN_POINT('',(0.,0.));
#1277 = VECTOR('',#1278,1.);
#1278 = DIRECTION('',(1.,0.));
#1279 = ( GEOMETRIC_REPRESENTATION_CONTEXT(2) 
PARAMETRIC_REPRESENTATION_CONTEXT() REPRESENTATION_CONTEXT('2D SPACE',''
  ) );
#1280 = ORIENTED_EDGE('',*,*,#975,.F.);
#1281 = ADVANCED_FACE('',(#1282,#1288),#1064,.T.);
#1282 = FACE_BOUND('',#1283,.T.);
#1283 = EDGE_LOOP('',(#1284,#1285,#1286,#1287));
#1284 = ORIENTED_EDGE('',*,*,#1207,.F.);
#1285 = ORIENTED_EDGE('',*,*,#1260,.T.);
#1286 = ORIENTED_EDGE('',*,*,#1050,.T.);
#1287 = ORIENTED_EDGE('',*,*,#1135,.F.);
#1288 = FACE_BOUND('',#1289,.T.);
#1289 = EDGE_LOOP('',(#1290));
#1290 = ORIENTED_EDGE('',*,*,#1291,.F.);
#1291 = EDGE_CURVE('',#1292,#1292,#1294,.T.);
#1292 = VERTEX_POINT('',#1293);
#1293 = CARTESIAN_POINT('',(104.45,1.145E+03,1.076E+03));
#1294 = SURFACE_CURVE('',#1295,(#1300,#1307),.PCURVE_S1.);
#1295 = CIRCLE('',#1296,6.);
#1296 = AXIS2_PLACEMENT_3D('',#1297,#1298,#1299);
#1297 = CARTESIAN_POINT('',(104.45,1.145E+03,1.07E+03));
#1298 = DIRECTION('',(-1.224646799147E-16,-1.,0.));
#1299 = DIRECTION('',(0.,0.,1.));
#1300 = PCURVE('',#1064,#1301);
#1301 = DEFINITIONAL_REPRESENTATION('',(#1302),#1306);
#1302 = CIRCLE('',#1303,6.);
#1303 = AXIS2_PLACEMENT_2D('',#1304,#1305);
#1304 = CARTESIAN_POINT('',(70.,60.));
#1305 = DIRECTION('',(1.,0.));
#1306 = ( GEOMETRIC_REPRESENTATION_CONTEXT(2) 
PARAMETRIC_REPRESENTATION_CONTEXT() REPRESENTATION_CONTEXT('2D SPACE',''
  ) );
#1307 = PCURVE('',#1308,#1313);
#1308 = CYLINDRICAL_SURFACE('',#1309,6.);
#1309 = AXIS2_PLACEMENT_3D('',#1310,#1311,#1312);
#1310 = CARTESIAN_POINT('',(104.45,1.145E+03,1.07E+03));
#1311 = DIRECTION('',(-1.224646799147E-16,-1.,0.));
#1312 = DIRECTION('',(0.,0.,1.));
#1313 = DEFINITIONAL_REPRESENTATION('',(#1314),#1318);
#1314 = LINE('',#1315,#1316);
#1315 = CARTESIAN_POINT('',(0.,0.));
#1316 = VECTOR('',#1317,1.);
#1317 = DIRECTION('',(1.,0.));
#1318 = ( GEOMETRIC_REPRESENTATION_CONTEXT(2) 
PARAMETRIC_REPRESENTATION_CONTEXT() REPRESENTATION_CONTEXT('2D SPACE',''
  ) );
#1319 = ADVANCED_FACE('',(#1320),#1095,.T.);
#1320 = FACE_BOUND('',#1321,.T.);
#1321 = EDGE_LOOP('',(#1322,#1351,#1372,#1373));
#1322 = ORIENTED_EDGE('',*,*,#1323,.F.);
#1323 = EDGE_CURVE('',#1324,#1324,#1326,.T.);
#1324 = VERTEX_POINT('',#1325);
#1325 = CARTESIAN_POINT('',(150.,1.2E+03,3.9805E+03));
#1326 = SURFACE_CURVE('',#1327,(#1332,#1339),.PCURVE_S1.);
#1327 = CIRCLE('',#1328,2.5);
#1328 = AXIS2_PLACEMENT_3D('',#1329,#1330,#1331);
#1329 = CARTESIAN_POINT('',(152.5,1.2E+03,3.9805E+03));
#1330 = DIRECTION('',(0.,0.,1.));
#1331 = DIRECTION('',(-1.,1.224646799147E-16,0.));
#1332 = PCURVE('',#1095,#1333);
#1333 = DEFINITIONAL_REPRESENTATION('',(#1334),#1338);
#1334 = LINE('',#1335,#1336);
#1335 = CARTESIAN_POINT('',(0.,2.8405E+03));
#1336 = VECTOR('',#1337,1.);
#1337 = DIRECTION('',(1.,0.));
#1338 = ( GEOMETRIC_REPRESENTATION_CONTEXT(2) 
PARAMETRIC_REPRESENTATION_CONTEXT() REPRESENTATION_CONTEXT('2D SPACE',''
  ) );
#1339 = PCURVE('',#1340,#1345);
#1340 = PLANE('',#1341);
#1341 = AXIS2_PLACEMENT_3D('',#1342,#1343,#1344);
#1342 = CARTESIAN_POINT('',(152.5,1.2E+03,3.9805E+03));
#1343 = DIRECTION('',(0.,0.,1.));
#1344 = DIRECTION('',(-1.,1.224646799147E-16,0.));
#1345 = DEFINITIONAL_REPRESENTATION('',(#1346),#1350);
#1346 = CIRCLE('',#1347,2.5);
#1347 = AXIS2_PLACEMENT_2D('',#1348,#1349);
#1348 = CARTESIAN_POINT('',(0.,0.));
#1349 = DIRECTION('',(1.,0.));
#1350 = ( GEOMETRIC_REPRESENTATION_CONTEXT(2) 
PARAMETRIC_REPRESENTATION_CONTEXT() REPRESENTATION_CONTEXT('2D SPACE',''
  ) );
#1351 = ORIENTED_EDGE('',*,*,#1352,.F.);
#1352 = EDGE_CURVE('',#1079,#1324,#1353,.T.);
#1353 = SEAM_CURVE('',#1354,(#1358,#1365),.PCURVE_S1.);
#1354 = LINE('',#1355,#1356);
#1355 = CARTESIAN_POINT('',(150.,1.2E+03,1.14E+03));
#1356 = VECTOR('',#1357,1.);
#1357 = DIRECTION('',(0.,0.,1.));
#1358 = PCURVE('',#1095,#1359);
#1359 = DEFINITIONAL_REPRESENTATION('',(#1360),#1364);
#1360 = LINE('',#1361,#1362);
#1361 = CARTESIAN_POINT('',(6.28318530718,-0.));
#1362 = VECTOR('',#1363,1.);
#1363 = DIRECTION('',(0.,1.));
#1364 = ( GEOMETRIC_REPRESENTATION_CONTEXT(2) 
PARAMETRIC_REPRESENTATION_CONTEXT() REPRESENTATION_CONTEXT('2D SPACE',''
  ) );
#1365 = PCURVE('',#1095,#1366);
#1366 = DEFINITIONAL_REPRESENTATION('',(#1367),#1371);
#1367 = LINE('',#1368,#1369);
#1368 = CARTESIAN_POINT('',(0.,-0.));
#1369 = VECTOR('',#1370,1.);
#1370 = DIRECTION('',(0.,1.));
#1371 = ( GEOMETRIC_REPRESENTATION_CONTEXT(2) 
PARAMETRIC_REPRESENTATION_CONTEXT() REPRESENTATION_CONTEXT('2D SPACE',''
  ) );
#1372 = ORIENTED_EDGE('',*,*,#1078,.T.);
#1373 = ORIENTED_EDGE('',*,*,#1352,.T.);
#1374 = ADVANCED_FACE('',(#1375),#1308,.T.);
#1375 = FACE_BOUND('',#1376,.T.);
#1376 = EDGE_LOOP('',(#1377,#1408,#1434,#1579,#1600,#1601,#1602,#1727));
#1377 = ORIENTED_EDGE('',*,*,#1378,.F.);
#1378 = EDGE_CURVE('',#1379,#1381,#1383,.T.);
#1379 = VERTEX_POINT('',#1380);
#1380 = CARTESIAN_POINT('',(98.45,1.075E+03,1.07E+03));
#1381 = VERTEX_POINT('',#1382);
#1382 = CARTESIAN_POINT('',(110.45,1.075E+03,1.07E+03));
#1383 = SURFACE_CURVE('',#1384,(#1389,#1396),.PCURVE_S1.);
#1384 = CIRCLE('',#1385,6.);
#1385 = AXIS2_PLACEMENT_3D('',#1386,#1387,#1388);
#1386 = CARTESIAN_POINT('',(104.45,1.075E+03,1.07E+03));
#1387 = DIRECTION('',(-1.224646799147E-16,-1.,0.));
#1388 = DIRECTION('',(0.,0.,1.));
#1389 = PCURVE('',#1308,#1390);
#1390 = DEFINITIONAL_REPRESENTATION('',(#1391),#1395);
#1391 = LINE('',#1392,#1393);
#1392 = CARTESIAN_POINT('',(0.,70.));
#1393 = VECTOR('',#1394,1.);
#1394 = DIRECTION('',(1.,0.));
#1395 = ( GEOMETRIC_REPRESENTATION_CONTEXT(2) 
PARAMETRIC_REPRESENTATION_CONTEXT() REPRESENTATION_CONTEXT('2D SPACE',''
  ) );
#1396 = PCURVE('',#1397,#1402);
#1397 = PLANE('',#1398);
#1398 = AXIS2_PLACEMENT_3D('',#1399,#1400,#1401);
#1399 = CARTESIAN_POINT('',(104.45,1.075E+03,1.07E+03));
#1400 = DIRECTION('',(-1.224646799147E-16,-1.,0.));
#1401 = DIRECTION('',(0.,0.,1.));
#1402 = DEFINITIONAL_REPRESENTATION('',(#1403),#1407);
#1403 = CIRCLE('',#1404,6.);
#1404 = AXIS2_PLACEMENT_2D('',#1405,#1406);
#1405 = CARTESIAN_POINT('',(0.,0.));
#1406 = DIRECTION('',(1.,0.));
#1407 = ( GEOMETRIC_REPRESENTATION_CONTEXT(2) 
PARAMETRIC_REPRESENTATION_CONTEXT() REPRESENTATION_CONTEXT('2D SPACE',''
  ) );
#1408 = ORIENTED_EDGE('',*,*,#1409,.F.);
#1409 = EDGE_CURVE('',#1410,#1379,#1412,.T.);
#1410 = VERTEX_POINT('',#1411);
#1411 = CARTESIAN_POINT('',(98.45,1.083E+03,1.07E+03));
#1412 = SURFACE_CURVE('',#1413,(#1417,#1423),.PCURVE_S1.);
#1413 = LINE('',#1414,#1415);
#1414 = CARTESIAN_POINT('',(98.45,1.145E+03,1.07E+03));
#1415 = VECTOR('',#1416,1.);
#1416 = DIRECTION('',(-1.224646799147E-16,-1.,0.));
#1417 = PCURVE('',#1308,#1418);
#1418 = DEFINITIONAL_REPRESENTATION('',(#1419),#1422);
#1419 = B_SPLINE_CURVE_WITH_KNOTS('',1,(#1420,#1421),.UNSPECIFIED.,.F.,
  .F.,(2,2),(58.,70.0000024),.PIECEWISE_BEZIER_KNOTS.);
#1420 = CARTESIAN_POINT('',(1.570796326795,58.));
#1421 = CARTESIAN_POINT('',(1.570796326795,70.0000024));
#1422 = ( GEOMETRIC_REPRESENTATION_CONTEXT(2) 
PARAMETRIC_REPRESENTATION_CONTEXT() REPRESENTATION_CONTEXT('2D SPACE',''
  ) );
#1423 = PCURVE('',#1424,#1429);
#1424 = PLANE('',#1425);
#1425 = AXIS2_PLACEMENT_3D('',#1426,#1427,#1428);
#1426 = CARTESIAN_POINT('',(104.45,1.075E+03,1.07E+03));
#1427 = DIRECTION('',(0.,0.,1.));
#1428 = DIRECTION('',(-1.,1.224646799147E-16,0.));
#1429 = DEFINITIONAL_REPRESENTATION('',(#1430),#1433);
#1430 = B_SPLINE_CURVE_WITH_KNOTS('',1,(#1431,#1432),.UNSPECIFIED.,.F.,
  .F.,(2,2),(58.,70.0000024),.PIECEWISE_BEZIER_KNOTS.);
#1431 = CARTESIAN_POINT('',(6.,-12.));
#1432 = CARTESIAN_POINT('',(6.,2.399999999625E-06));
#1433 = ( GEOMETRIC_REPRESENTATION_CONTEXT(2) 
PARAMETRIC_REPRESENTATION_CONTEXT() REPRESENTATION_CONTEXT('2D SPACE',''
  ) );
#1434 = ORIENTED_EDGE('',*,*,#1435,.F.);
#1435 = EDGE_CURVE('',#1436,#1410,#1438,.T.);
#1436 = VERTEX_POINT('',#1437);
#1437 = CARTESIAN_POINT('',(104.45,1.085E+03,1.076E+03));
#1438 = SURFACE_CURVE('',#1439,(#1482,#1528),.PCURVE_S1.);
#1439 = B_SPLINE_CURVE_WITH_KNOTS('',6,(#1440,#1441,#1442,#1443,#1444,
    #1445,#1446,#1447,#1448,#1449,#1450,#1451,#1452,#1453,#1454,#1455,
    #1456,#1457,#1458,#1459,#1460,#1461,#1462,#1463,#1464,#1465,#1466,
    #1467,#1468,#1469,#1470,#1471,#1472,#1473,#1474,#1475,#1476,#1477,
    #1478,#1479,#1480,#1481),.UNSPECIFIED.,.F.,.F.,(7,5,5,5,5,5,5,5,7),(
    0.,0.134970166206,0.217731170658,0.318404761901,0.395121683128,
    0.60181034729,0.800171398458,0.912942339732,1.),.UNSPECIFIED.);
#1440 = CARTESIAN_POINT('',(104.45,1.085E+03,1.076E+03));
#1441 = CARTESIAN_POINT('',(104.18440311851,1.085E+03,1.076E+03));
#1442 = CARTESIAN_POINT('',(103.91930175069,1.084991534971E+03,
    1.075985891624E+03));
#1443 = CARTESIAN_POINT('',(103.6567078737,1.0849746643E+03,
    1.075957773811E+03));
#1444 = CARTESIAN_POINT('',(103.39861905953,1.084949820257E+03,
    1.075916207905E+03));
#1445 = CARTESIAN_POINT('',(103.14697789718,1.084917802183E+03,
    1.075862214824E+03));
#1446 = CARTESIAN_POINT('',(102.75442105257,1.084856359475E+03,
    1.075757504735E+03));
#1447 = CARTESIAN_POINT('',(102.60816034456,1.084830696327E+03,
    1.075713554832E+03));
#1448 = CARTESIAN_POINT('',(102.46499166449,1.084802922709E+03,
    1.075665706984E+03));
#1449 = CARTESIAN_POINT('',(102.32504208612,1.08477324458E+03,
    1.075614217827E+03));
#1450 = CARTESIAN_POINT('',(102.18842641141,1.08474187357E+03,
    1.075559350904E+03));
#1451 = CARTESIAN_POINT('',(101.89324301995,1.084669065922E+03,
    1.075430857413E+03));
#1452 = CARTESIAN_POINT('',(101.73629278381,1.08462691263E+03,
    1.075355727379E+03));
#1453 = CARTESIAN_POINT('',(101.58437547801,1.084582898331E+03,
    1.075276382057E+03));
#1454 = CARTESIAN_POINT('',(101.43745404923,1.084537337596E+03,
    1.075193181747E+03));
#1455 = CARTESIAN_POINT('',(101.2954758083,1.084490524668E+03,
    1.07510645351E+03));
#1456 = CARTESIAN_POINT('',(101.05389539617,1.084406312532E+03,
    1.074947937824E+03));
#1457 = CARTESIAN_POINT('',(100.95223119622,1.084369317883E+03,
    1.074877494321E+03));
#1458 = CARTESIAN_POINT('',(100.85333363344,1.084331861926E+03,
    1.074805278434E+03));
#1459 = CARTESIAN_POINT('',(100.75715438983,1.084294050852E+03,
    1.074731393788E+03));
#1460 = CARTESIAN_POINT('',(100.66364342559,1.084255983332E+03,
    1.074655930554E+03));
#1461 = CARTESIAN_POINT('',(100.3278636082,1.084114744682E+03,
    1.074371608111E+03));
#1462 = CARTESIAN_POINT('',(100.10187037054,1.084010497118E+03,
    1.074153263795E+03));
#1463 = CARTESIAN_POINT('',(99.893928398465,1.083906850648E+03,
    1.073925527289E+03));
#1464 = CARTESIAN_POINT('',(99.703251172871,1.083805363909E+03,
    1.073689479491E+03));
#1465 = CARTESIAN_POINT('',(99.529196411449,1.083707425854E+03,
    1.073445803085E+03));
#1466 = CARTESIAN_POINT('',(99.219874991051,1.0835250639E+03,
    1.072954102481E+03));
#1467 = CARTESIAN_POINT('',(99.08329163095,1.083440233442E+03,
    1.072706591666E+03));
#1468 = CARTESIAN_POINT('',(98.961527429686,1.083361218165E+03,
    1.072453140289E+03));
#1469 = CARTESIAN_POINT('',(98.854535225412,1.083289271478E+03,
    1.07219438814E+03));
#1470 = CARTESIAN_POINT('',(98.762337704946,1.083225535894E+03,
    1.071930860769E+03));
#1471 = CARTESIAN_POINT('',(98.641135939123,1.083140023882E+03,
    1.071510701777E+03));
#1472 = CARTESIAN_POINT('',(98.602044620292,1.08311201906E+03,
    1.071357059958E+03));
#1473 = CARTESIAN_POINT('',(98.567839998186,1.083087205772E+03,
    1.071202248481E+03));
#1474 = CARTESIAN_POINT('',(98.538558713722,1.083065755957E+03,
    1.071046442267E+03));
#1475 = CARTESIAN_POINT('',(98.51423021806,1.083047808225E+03,
    1.070889807243E+03));
#1476 = CARTESIAN_POINT('',(98.479943536743,1.083022391885E+03,
    1.070611061639E+03));
#1477 = CARTESIAN_POINT('',(98.467975319196,1.083013468173E+03,
    1.070489235946E+03));
#1478 = CARTESIAN_POINT('',(98.458989966885,1.083006742513E+03,
    1.070367120974E+03));
#1479 = CARTESIAN_POINT('',(98.452996636479,1.083002247597E+03,
    1.070244813087E+03));
#1480 = CARTESIAN_POINT('',(98.449999951037,1.082999999963E+03,
    1.070122407363E+03));
#1481 = CARTESIAN_POINT('',(98.450000000001,1.083E+03,1.0699999976E+03)
  );
#1482 = PCURVE('',#1308,#1483);
#1483 = DEFINITIONAL_REPRESENTATION('',(#1484),#1527);
#1484 = B_SPLINE_CURVE_WITH_KNOTS('',6,(#1485,#1486,#1487,#1488,#1489,
    #1490,#1491,#1492,#1493,#1494,#1495,#1496,#1497,#1498,#1499,#1500,
    #1501,#1502,#1503,#1504,#1505,#1506,#1507,#1508,#1509,#1510,#1511,
    #1512,#1513,#1514,#1515,#1516,#1517,#1518,#1519,#1520,#1521,#1522,
    #1523,#1524,#1525,#1526),.UNSPECIFIED.,.F.,.F.,(7,5,5,5,5,5,5,5,7),(
    0.,0.134970166206,0.217731170658,0.318404761901,0.395121683128,
    0.60181034729,0.800171398458,0.912942339732,1.),.UNSPECIFIED.);
#1485 = CARTESIAN_POINT('',(0.,60.));
#1486 = CARTESIAN_POINT('',(4.426614691431E-02,60.));
#1487 = CARTESIAN_POINT('',(8.844970603504E-02,60.008465029225));
#1488 = CARTESIAN_POINT('',(0.132371494957,60.025335700388));
#1489 = CARTESIAN_POINT('',(0.175851734187,60.050179742818));
#1490 = CARTESIAN_POINT('',(0.218694337157,60.082197816841));
#1491 = CARTESIAN_POINT('',(0.286408006999,60.143640524828));
#1492 = CARTESIAN_POINT('',(0.311849138931,60.169303673309));
#1493 = CARTESIAN_POINT('',(0.336990458352,60.197077290967));
#1494 = CARTESIAN_POINT('',(0.361827649692,60.226755420393));
#1495 = CARTESIAN_POINT('',(0.386354513304,60.258126429779));
#1496 = CARTESIAN_POINT('',(0.440010778263,60.330934078296));
#1497 = CARTESIAN_POINT('',(0.468993019876,60.373087369926));
#1498 = CARTESIAN_POINT('',(0.497532489311,60.417101668986));
#1499 = CARTESIAN_POINT('',(0.525649661099,60.462662404474));
#1500 = CARTESIAN_POINT('',(0.553363811642,60.509475331945));
#1501 = CARTESIAN_POINT('',(0.601521053579,60.593687468354));
#1502 = CARTESIAN_POINT('',(0.622128663254,60.63068211686));
#1503 = CARTESIAN_POINT('',(0.642528923794,60.668138074303));
#1504 = CARTESIAN_POINT('',(0.66273379052,60.70594914807));
#1505 = CARTESIAN_POINT('',(0.682755340725,60.744016668108));
#1506 = CARTESIAN_POINT('',(0.756086275763,60.885255318242));
#1507 = CARTESIAN_POINT('',(0.808347362658,60.98950288178));
#1508 = CARTESIAN_POINT('',(0.8595984286,61.093149352206));
#1509 = CARTESIAN_POINT('',(0.910038089486,61.194636090694));
#1510 = CARTESIAN_POINT('',(0.959861047225,61.292574146243));
#1511 = CARTESIAN_POINT('',(1.056678347302,61.474936100139));
#1512 = CARTESIAN_POINT('',(1.103716904337,61.559766557852));
#1513 = CARTESIAN_POINT('',(1.150470327636,61.638781834775));
#1514 = CARTESIAN_POINT('',(1.197029016968,61.710728522479));
#1515 = CARTESIAN_POINT('',(1.243488536776,61.774464106418));
#1516 = CARTESIAN_POINT('',(1.316370375455,61.859976117563));
#1517 = CARTESIAN_POINT('',(1.342779910248,61.887980940133));
#1518 = CARTESIAN_POINT('',(1.369184212767,61.912794227754));
#1519 = CARTESIAN_POINT('',(1.395586629525,61.934244043087));
#1520 = CARTESIAN_POINT('',(1.421992213706,61.952191775127));
#1521 = CARTESIAN_POINT('',(1.468799943464,61.977608114728));
#1522 = CARTESIAN_POINT('',(1.489195855963,61.986531827499));
#1523 = CARTESIAN_POINT('',(1.509594214084,61.993257487015));
#1524 = CARTESIAN_POINT('',(1.529994157592,61.9977524031));
#1525 = CARTESIAN_POINT('',(1.550395099646,62.000000036723));
#1526 = CARTESIAN_POINT('',(1.570796726797,62.));
#1527 = ( GEOMETRIC_REPRESENTATION_CONTEXT(2) 
PARAMETRIC_REPRESENTATION_CONTEXT() REPRESENTATION_CONTEXT('2D SPACE',''
  ) );
#1528 = PCURVE('',#1529,#1534);
#1529 = CYLINDRICAL_SURFACE('',#1530,10.);
#1530 = AXIS2_PLACEMENT_3D('',#1531,#1532,#1533);
#1531 = CARTESIAN_POINT('',(104.45,1.075E+03,1.07E+03));
#1532 = DIRECTION('',(0.,0.,1.));
#1533 = DIRECTION('',(-1.,1.224646799147E-16,0.));
#1534 = DEFINITIONAL_REPRESENTATION('',(#1535),#1578);
#1535 = B_SPLINE_CURVE_WITH_KNOTS('',6,(#1536,#1537,#1538,#1539,#1540,
    #1541,#1542,#1543,#1544,#1545,#1546,#1547,#1548,#1549,#1550,#1551,
    #1552,#1553,#1554,#1555,#1556,#1557,#1558,#1559,#1560,#1561,#1562,
    #1563,#1564,#1565,#1566,#1567,#1568,#1569,#1570,#1571,#1572,#1573,
    #1574,#1575,#1576,#1577),.UNSPECIFIED.,.F.,.F.,(7,5,5,5,5,5,5,5,7),(
    0.,0.134970166206,0.217731170658,0.318404761901,0.395121683128,
    0.60181034729,0.800171398458,0.912942339732,1.),.UNSPECIFIED.);
#1536 = CARTESIAN_POINT('',(4.712388980385,6.));
#1537 = CARTESIAN_POINT('',(4.738948668533,6.));
#1538 = CARTESIAN_POINT('',(4.76545881046,5.985891623769));
#1539 = CARTESIAN_POINT('',(4.791751897454,5.957773810627));
#1540 = CARTESIAN_POINT('',(4.817661388488,5.916207904856));
#1541 = CARTESIAN_POINT('',(4.843017937223,5.86221482431));
#1542 = CARTESIAN_POINT('',(4.882751560593,5.757504735224));
#1543 = CARTESIAN_POINT('',(4.897598545469,5.713554832426));
#1544 = CARTESIAN_POINT('',(4.912178887955,5.665706984303));
#1545 = CARTESIAN_POINT('',(4.926481987375,5.614217826932));
#1546 = CARTESIAN_POINT('',(4.940497296101,5.559350903756));
#1547 = CARTESIAN_POINT('',(4.970900287447,5.430857413249));
#1548 = CARTESIAN_POINT('',(4.987148092284,5.355727379347));
#1549 = CARTESIAN_POINT('',(5.00296017498,5.276382056548));
#1550 = CARTESIAN_POINT('',(5.018338772931,5.193181746559));
#1551 = CARTESIAN_POINT('',(5.03328630432,5.106453509964));
#1552 = CARTESIAN_POINT('',(5.058870045142,4.947937823949));
#1553 = CARTESIAN_POINT('',(5.069687666695,4.877494321233));
#1554 = CARTESIAN_POINT('',(5.080261629219,4.805278433944));
#1555 = CARTESIAN_POINT('',(5.090594931481,4.73139378831));
#1556 = CARTESIAN_POINT('',(5.100690529154,4.655930553627));
#1557 = CARTESIAN_POINT('',(5.137118051998,4.371608110893));
#1558 = CARTESIAN_POINT('',(5.161991577564,4.153263795038));
#1559 = CARTESIAN_POINT('',(5.185211267398,3.925527289325));
#1560 = CARTESIAN_POINT('',(5.206802356176,3.689479491042));
#1561 = CARTESIAN_POINT('',(5.226769921068,3.445803084836));
#1562 = CARTESIAN_POINT('',(5.262677527971,2.954102480535));
#1563 = CARTESIAN_POINT('',(5.278751562336,2.706591666168));
#1564 = CARTESIAN_POINT('',(5.293263472133,2.453140288751));
#1565 = CARTESIAN_POINT('',(5.306155044609,2.194388139775));
#1566 = CARTESIAN_POINT('',(5.317362829158,1.930860769341));
#1567 = CARTESIAN_POINT('',(5.332195958325,1.510701777177));
#1568 = CARTESIAN_POINT('',(5.337004577427,1.357059957739));
#1569 = CARTESIAN_POINT('',(5.341230190519,1.202248481107));
#1570 = CARTESIAN_POINT('',(5.344859882242,1.046442267258));
#1571 = CARTESIAN_POINT('',(5.347883111252,0.889807243187));
#1572 = CARTESIAN_POINT('',(5.352151093017,0.611061639047));
#1573 = CARTESIAN_POINT('',(5.353643976618,0.489235945594));
#1574 = CARTESIAN_POINT('',(5.354766340283,0.367120974454));
#1575 = CARTESIAN_POINT('',(5.355515500007,0.244813087013));
#1576 = CARTESIAN_POINT('',(5.355890095298,0.122407362903));
#1577 = CARTESIAN_POINT('',(5.355890089178,-2.4E-06));
#1578 = ( GEOMETRIC_REPRESENTATION_CONTEXT(2) 
PARAMETRIC_REPRESENTATION_CONTEXT() REPRESENTATION_CONTEXT('2D SPACE',''
  ) );
#1579 = ORIENTED_EDGE('',*,*,#1580,.F.);
#1580 = EDGE_CURVE('',#1292,#1436,#1581,.T.);
#1581 = SEAM_CURVE('',#1582,(#1586,#1593),.PCURVE_S1.);
#1582 = LINE('',#1583,#1584);
#1583 = CARTESIAN_POINT('',(104.45,1.145E+03,1.076E+03));
#1584 = VECTOR('',#1585,1.);
#1585 = DIRECTION('',(-1.224646799147E-16,-1.,0.));
#1586 = PCURVE('',#1308,#1587);
#1587 = DEFINITIONAL_REPRESENTATION('',(#1588),#1592);
#1588 = LINE('',#1589,#1590);
#1589 = CARTESIAN_POINT('',(6.28318530718,-0.));
#1590 = VECTOR('',#1591,1.);
#1591 = DIRECTION('',(0.,1.));
#1592 = ( GEOMETRIC_REPRESENTATION_CONTEXT(2) 
PARAMETRIC_REPRESENTATION_CONTEXT() REPRESENTATION_CONTEXT('2D SPACE',''
  ) );
#1593 = PCURVE('',#1308,#1594);
#1594 = DEFINITIONAL_REPRESENTATION('',(#1595),#1599);
#1595 = LINE('',#1596,#1597);
#1596 = CARTESIAN_POINT('',(0.,-0.));
#1597 = VECTOR('',#1598,1.);
#1598 = DIRECTION('',(0.,1.));
#1599 = ( GEOMETRIC_REPRESENTATION_CONTEXT(2) 
PARAMETRIC_REPRESENTATION_CONTEXT() REPRESENTATION_CONTEXT('2D SPACE',''
  ) );
#1600 = ORIENTED_EDGE('',*,*,#1291,.T.);
#1601 = ORIENTED_EDGE('',*,*,#1580,.T.);
#1602 = ORIENTED_EDGE('',*,*,#1603,.F.);
#1603 = EDGE_CURVE('',#1604,#1436,#1606,.T.);
#1604 = VERTEX_POINT('',#1605);
#1605 = CARTESIAN_POINT('',(110.45,1.083E+03,1.07E+03));
#1606 = SURFACE_CURVE('',#1607,(#1645,#1686),.PCURVE_S1.);
#1607 = B_SPLINE_CURVE_WITH_KNOTS('',6,(#1608,#1609,#1610,#1611,#1612,
    #1613,#1614,#1615,#1616,#1617,#1618,#1619,#1620,#1621,#1622,#1623,
    #1624,#1625,#1626,#1627,#1628,#1629,#1630,#1631,#1632,#1633,#1634,
    #1635,#1636,#1637,#1638,#1639,#1640,#1641,#1642,#1643,#1644),
  .UNSPECIFIED.,.F.,.F.,(7,5,5,5,5,5,5,7),(0.,0.201834399202,
    0.395830709362,0.548052741464,0.68155431778,0.783457251318,
    0.865926747058,1.),.UNSPECIFIED.);
#1608 = CARTESIAN_POINT('',(110.45,1.083E+03,1.069999997601E+03));
#1609 = CARTESIAN_POINT('',(110.45000011349,1.082999999915E+03,
    1.070283904517E+03));
#1610 = CARTESIAN_POINT('',(110.43387968075,1.083012090232E+03,
    1.070567589072E+03));
#1611 = CARTESIAN_POINT('',(110.40168550846,1.083036235895E+03,
    1.070850047763E+03));
#1612 = CARTESIAN_POINT('',(110.35352167155,1.08307197804E+03,
    1.071130254502E+03));
#1613 = CARTESIAN_POINT('',(110.28956181466,1.083118432667E+03,
    1.071407109725E+03));
#1614 = CARTESIAN_POINT('',(110.13387520661,1.08322813925E+03,
    1.071941101816E+03));
#1615 = CARTESIAN_POINT('',(110.0433082879,1.083290679746E+03,
    1.072198639265E+03));
#1616 = CARTESIAN_POINT('',(109.93859621768,1.083361048368E+03,
    1.072451598631E+03));
#1617 = CARTESIAN_POINT('',(109.81976060096,1.083438176095E+03,
    1.072699487363E+03));
#1618 = CARTESIAN_POINT('',(109.68675926918,1.083520892575E+03,
    1.072941708569E+03));
#1619 = CARTESIAN_POINT('',(109.42398796805,1.08367625828E+03,
    1.073362593539E+03));
#1620 = CARTESIAN_POINT('',(109.29964659814,1.083747264936E+03,
    1.073543780102E+03));
#1621 = CARTESIAN_POINT('',(109.16634530441,1.083820429393E+03,
    1.07372091641E+03));
#1622 = CARTESIAN_POINT('',(109.02387015088,1.083895194494E+03,
    1.073893740649E+03));
#1623 = CARTESIAN_POINT('',(108.87195988801,1.083970963803E+03,
    1.074061891799E+03));
#1624 = CARTESIAN_POINT('',(108.56856104208,1.084113836031E+03,
    1.074367835315E+03));
#1625 = CARTESIAN_POINT('',(108.41930901211,1.084180863161E+03,
    1.074506827928E+03));
#1626 = CARTESIAN_POINT('',(108.26230866727,1.084247744773E+03,
    1.074641590691E+03));
#1627 = CARTESIAN_POINT('',(108.09730236236,1.08431401162E+03,
    1.074771738089E+03));
#1628 = CARTESIAN_POINT('',(107.92403087208,1.084379135233E+03,
    1.074896774168E+03));
#1629 = CARTESIAN_POINT('',(107.60346509822,1.084490903819E+03,
    1.075107172371E+03));
#1630 = CARTESIAN_POINT('',(107.45970065466,1.084538284096E+03,
    1.075194938748E+03));
#1631 = CARTESIAN_POINT('',(107.31086977344,1.08458437877E+03,
    1.075279087411E+03));
#1632 = CARTESIAN_POINT('',(107.15691862973,1.084628882163E+03,
    1.075359278353E+03));
#1633 = CARTESIAN_POINT('',(106.99780991041,1.084671467339E+03,
    1.075435136817E+03));
#1634 = CARTESIAN_POINT('',(106.7005669266,1.084744418437E+03,
    1.075563806099E+03));
#1635 = CARTESIAN_POINT('',(106.56419897271,1.084775570852E+03,
    1.075618262087E+03));
#1636 = CARTESIAN_POINT('',(106.42452372053,1.084805031321E+03,
    1.075669350333E+03));
#1637 = CARTESIAN_POINT('',(106.28165761604,1.084832589974E+03,
    1.075716809225E+03));
#1638 = CARTESIAN_POINT('',(106.13572923757,1.08485804287E+03,
    1.07576038445E+03));
#1639 = CARTESIAN_POINT('',(105.74488933197,1.084918832462E+03,
    1.075863951968E+03));
#1640 = CARTESIAN_POINT('',(105.49471233294,1.084950460342E+03,
    1.075917278873E+03));
#1641 = CARTESIAN_POINT('',(105.23818539051,1.084974992827E+03,
    1.075958321359E+03));
#1642 = CARTESIAN_POINT('',(104.97723544431,1.084991646434E+03,
    1.075986077395E+03));
#1643 = CARTESIAN_POINT('',(104.71384249527,1.085E+03,1.076E+03));
#1644 = CARTESIAN_POINT('',(104.45,1.085E+03,1.076E+03));
#1645 = PCURVE('',#1308,#1646);
#1646 = DEFINITIONAL_REPRESENTATION('',(#1647),#1685);
#1647 = B_SPLINE_CURVE_WITH_KNOTS('',6,(#1648,#1649,#1650,#1651,#1652,
    #1653,#1654,#1655,#1656,#1657,#1658,#1659,#1660,#1661,#1662,#1663,
    #1664,#1665,#1666,#1667,#1668,#1669,#1670,#1671,#1672,#1673,#1674,
    #1675,#1676,#1677,#1678,#1679,#1680,#1681,#1682,#1683,#1684),
  .UNSPECIFIED.,.F.,.F.,(7,5,5,5,5,5,5,7),(0.,0.201834399202,
    0.395830709362,0.548052741464,0.68155431778,0.783457251318,
    0.865926747058,1.),.UNSPECIFIED.);
#1648 = CARTESIAN_POINT('',(4.712388580838,62.));
#1649 = CARTESIAN_POINT('',(4.759706400033,62.000000085123));
#1650 = CARTESIAN_POINT('',(4.806987138446,61.987909767768));
#1651 = CARTESIAN_POINT('',(4.854254373637,61.963764104773));
#1652 = CARTESIAN_POINT('',(4.901525864801,61.928021959727));
#1653 = CARTESIAN_POINT('',(4.94880776072,61.881567332755));
#1654 = CARTESIAN_POINT('',(5.041511870804,61.771860750181));
#1655 = CARTESIAN_POINT('',(5.086944088598,61.709320253948));
#1656 = CARTESIAN_POINT('',(5.132472349131,61.638951632039));
#1657 = CARTESIAN_POINT('',(5.178185953373,61.561823904791));
#1658 = CARTESIAN_POINT('',(5.224169459597,61.479107425342));
#1659 = CARTESIAN_POINT('',(5.306865844491,61.323741719719));
#1660 = CARTESIAN_POINT('',(5.343456174177,61.252735064479));
#1661 = CARTESIAN_POINT('',(5.380351359516,61.179570606521));
#1662 = CARTESIAN_POINT('',(5.417625073096,61.10480550556));
#1663 = CARTESIAN_POINT('',(5.45535236675,61.029036197482));
#1664 = CARTESIAN_POINT('',(5.527164679024,60.886163968815));
#1665 = CARTESIAN_POINT('',(5.561129260398,60.819136839147));
#1666 = CARTESIAN_POINT('',(5.595570696043,60.752255227476));
#1667 = CARTESIAN_POINT('',(5.630549726762,60.685988379809));
#1668 = CARTESIAN_POINT('',(5.666127359692,60.620864767464));
#1669 = CARTESIAN_POINT('',(5.73003480564,60.509096180512));
#1670 = CARTESIAN_POINT('',(5.758092668264,60.461715904015));
#1671 = CARTESIAN_POINT('',(5.786563766416,60.41562122963));
#1672 = CARTESIAN_POINT('',(5.815467963483,60.371117836873));
#1673 = CARTESIAN_POINT('',(5.844826393908,60.328532661116));
#1674 = CARTESIAN_POINT('',(5.898809203823,60.255581563419));
#1675 = CARTESIAN_POINT('',(5.923272354452,60.224429148241));
#1676 = CARTESIAN_POINT('',(5.948043736571,60.194968678754));
#1677 = CARTESIAN_POINT('',(5.973116862587,60.167410026443));
#1678 = CARTESIAN_POINT('',(5.998487124083,60.141957130015));
#1679 = CARTESIAN_POINT('',(6.065875315995,60.081167538473));
#1680 = CARTESIAN_POINT('',(6.108456994568,60.049539658418));
#1681 = CARTESIAN_POINT('',(6.151668009341,60.025007173408));
#1682 = CARTESIAN_POINT('',(6.195312735045,60.008353565633));
#1683 = CARTESIAN_POINT('',(6.239211557968,60.));
#1684 = CARTESIAN_POINT('',(6.28318530718,60.));
#1685 = ( GEOMETRIC_REPRESENTATION_CONTEXT(2) 
PARAMETRIC_REPRESENTATION_CONTEXT() REPRESENTATION_CONTEXT('2D SPACE',''
  ) );
#1686 = PCURVE('',#1529,#1687);
#1687 = DEFINITIONAL_REPRESENTATION('',(#1688),#1726);
#1688 = B_SPLINE_CURVE_WITH_KNOTS('',6,(#1689,#1690,#1691,#1692,#1693,
    #1694,#1695,#1696,#1697,#1698,#1699,#1700,#1701,#1702,#1703,#1704,
    #1705,#1706,#1707,#1708,#1709,#1710,#1711,#1712,#1713,#1714,#1715,
    #1716,#1717,#1718,#1719,#1720,#1721,#1722,#1723,#1724,#1725),
  .UNSPECIFIED.,.F.,.F.,(7,5,5,5,5,5,5,7),(0.,0.201834399202,
    0.395830709362,0.548052741464,0.68155431778,0.783457251318,
    0.865926747058,1.),.UNSPECIFIED.);
#1689 = CARTESIAN_POINT('',(4.068887871591,-2.4E-06));
#1690 = CARTESIAN_POINT('',(4.068887857404,0.283904515167));
#1691 = CARTESIAN_POINT('',(4.070902906197,0.567589077079));
#1692 = CARTESIAN_POINT('',(4.074927202503,0.850047757118));
#1693 = CARTESIAN_POINT('',(4.080924782867,1.130254504106));
#1694 = CARTESIAN_POINT('',(4.088828962523,1.407109725464));
#1695 = CARTESIAN_POINT('',(4.107874658674,1.941101816254));
#1696 = CARTESIAN_POINT('',(4.118880373968,2.198639264864));
#1697 = CARTESIAN_POINT('',(4.131494765523,2.451598630647));
#1698 = CARTESIAN_POINT('',(4.145658512786,2.699487362755));
#1699 = CARTESIAN_POINT('',(4.16131707232,2.941708568879));
#1700 = CARTESIAN_POINT('',(4.191843660596,3.362593538901));
#1701 = CARTESIAN_POINT('',(4.20616078904,3.543780102172));
#1702 = CARTESIAN_POINT('',(4.221363398606,3.720916410414));
#1703 = CARTESIAN_POINT('',(4.237448704831,3.893740648844));
#1704 = CARTESIAN_POINT('',(4.254420176271,4.061891798582));
#1705 = CARTESIAN_POINT('',(4.287955729559,4.36783531507));
#1706 = CARTESIAN_POINT('',(4.304314241499,4.506827928394));
#1707 = CARTESIAN_POINT('',(4.321374511655,4.64159069146));
#1708 = CARTESIAN_POINT('',(4.339149744684,4.771738089336));
#1709 = CARTESIAN_POINT('',(4.357654971435,4.896774167766));
#1710 = CARTESIAN_POINT('',(4.391604144091,5.107172371034));
#1711 = CARTESIAN_POINT('',(4.406739000194,5.194938748426));
#1712 = CARTESIAN_POINT('',(4.422315646456,5.279087410537));
#1713 = CARTESIAN_POINT('',(4.438336514478,5.35927835337));
#1714 = CARTESIAN_POINT('',(4.454803843467,5.435136816554));
#1715 = CARTESIAN_POINT('',(4.48541025686,5.563806098692));
#1716 = CARTESIAN_POINT('',(4.499396548968,5.61826208692));
#1717 = CARTESIAN_POINT('',(4.513668325154,5.669350333244));
#1718 = CARTESIAN_POINT('',(4.528214902214,5.716809224504));
#1719 = CARTESIAN_POINT('',(4.543025548006,5.760384449768));
#1720 = CARTESIAN_POINT('',(4.58257946137,5.863951968443));
#1721 = CARTESIAN_POINT('',(4.607786024306,5.917278872624));
#1722 = CARTESIAN_POINT('',(4.63353739953,5.958321358838));
#1723 = CARTESIAN_POINT('',(4.659665431289,5.986077395395));
#1724 = CARTESIAN_POINT('',(4.686004730858,6.));
#1725 = CARTESIAN_POINT('',(4.712388980385,6.));
#1726 = ( GEOMETRIC_REPRESENTATION_CONTEXT(2) 
PARAMETRIC_REPRESENTATION_CONTEXT() REPRESENTATION_CONTEXT('2D SPACE',''
  ) );
#1727 = ORIENTED_EDGE('',*,*,#1728,.T.);
#1728 = EDGE_CURVE('',#1604,#1381,#1729,.T.);
#1729 = SURFACE_CURVE('',#1730,(#1734,#1740),.PCURVE_S1.);
#1730 = LINE('',#1731,#1732);
#1731 = CARTESIAN_POINT('',(110.45,1.145E+03,1.07E+03));
#1732 = VECTOR('',#1733,1.);
#1733 = DIRECTION('',(-1.224646799147E-16,-1.,0.));
#1734 = PCURVE('',#1308,#1735);
#1735 = DEFINITIONAL_REPRESENTATION('',(#1736),#1739);
#1736 = B_SPLINE_CURVE_WITH_KNOTS('',1,(#1737,#1738),.UNSPECIFIED.,.F.,
  .F.,(2,2),(58.,70.0000024),.PIECEWISE_BEZIER_KNOTS.);
#1737 = CARTESIAN_POINT('',(4.712388980385,58.));
#1738 = CARTESIAN_POINT('',(4.712388980385,70.0000024));
#1739 = ( GEOMETRIC_REPRESENTATION_CONTEXT(2) 
PARAMETRIC_REPRESENTATION_CONTEXT() REPRESENTATION_CONTEXT('2D SPACE',''
  ) );
#1740 = PCURVE('',#1424,#1741);
#1741 = DEFINITIONAL_REPRESENTATION('',(#1742),#1745);
#1742 = B_SPLINE_CURVE_WITH_KNOTS('',1,(#1743,#1744),.UNSPECIFIED.,.F.,
  .F.,(2,2),(58.,70.0000024),.PIECEWISE_BEZIER_KNOTS.);
#1743 = CARTESIAN_POINT('',(-6.,-12.));
#1744 = CARTESIAN_POINT('',(-6.,2.399999999625E-06));
#1745 = ( GEOMETRIC_REPRESENTATION_CONTEXT(2) 
PARAMETRIC_REPRESENTATION_CONTEXT() REPRESENTATION_CONTEXT('2D SPACE',''
  ) );
#1746 = ADVANCED_FACE('',(#1747),#1340,.T.);
#1747 = FACE_BOUND('',#1748,.T.);
#1748 = EDGE_LOOP('',(#1749));
#1749 = ORIENTED_EDGE('',*,*,#1323,.T.);
#1750 = ADVANCED_FACE('',(#1751),#1397,.T.);
#1751 = FACE_BOUND('',#1752,.T.);
#1752 = EDGE_LOOP('',(#1753,#1772));
#1753 = ORIENTED_EDGE('',*,*,#1754,.T.);
#1754 = EDGE_CURVE('',#1381,#1379,#1755,.T.);
#1755 = SURFACE_CURVE('',#1756,(#1760,#1766),.PCURVE_S1.);
#1756 = LINE('',#1757,#1758);
#1757 = CARTESIAN_POINT('',(104.45,1.075E+03,1.07E+03));
#1758 = VECTOR('',#1759,1.);
#1759 = DIRECTION('',(-1.,1.224646799147E-16,0.));
#1760 = PCURVE('',#1397,#1761);
#1761 = DEFINITIONAL_REPRESENTATION('',(#1762),#1765);
#1762 = B_SPLINE_CURVE_WITH_KNOTS('',1,(#1763,#1764),.UNSPECIFIED.,.F.,
  .F.,(2,2),(-6.,6.),.PIECEWISE_BEZIER_KNOTS.);
#1763 = CARTESIAN_POINT('',(0.,-6.));
#1764 = CARTESIAN_POINT('',(0.,6.));
#1765 = ( GEOMETRIC_REPRESENTATION_CONTEXT(2) 
PARAMETRIC_REPRESENTATION_CONTEXT() REPRESENTATION_CONTEXT('2D SPACE',''
  ) );
#1766 = PCURVE('',#1424,#1767);
#1767 = DEFINITIONAL_REPRESENTATION('',(#1768),#1771);
#1768 = B_SPLINE_CURVE_WITH_KNOTS('',1,(#1769,#1770),.UNSPECIFIED.,.F.,
  .F.,(2,2),(-6.,6.),.PIECEWISE_BEZIER_KNOTS.);
#1769 = CARTESIAN_POINT('',(-6.,0.));
#1770 = CARTESIAN_POINT('',(6.,0.));
#1771 = ( GEOMETRIC_REPRESENTATION_CONTEXT(2) 
PARAMETRIC_REPRESENTATION_CONTEXT() REPRESENTATION_CONTEXT('2D SPACE',''
  ) );
#1772 = ORIENTED_EDGE('',*,*,#1378,.T.);
#1773 = ADVANCED_FACE('',(#1774),#1424,.F.);
#1774 = FACE_BOUND('',#1775,.F.);
#1775 = EDGE_LOOP('',(#1776,#1800,#1822,#1823,#1824));
#1776 = ORIENTED_EDGE('',*,*,#1777,.T.);
#1777 = EDGE_CURVE('',#1410,#1778,#1780,.T.);
#1778 = VERTEX_POINT('',#1779);
#1779 = CARTESIAN_POINT('',(94.45,1.075E+03,1.07E+03));
#1780 = SURFACE_CURVE('',#1781,(#1786,#1793),.PCURVE_S1.);
#1781 = CIRCLE('',#1782,10.);
#1782 = AXIS2_PLACEMENT_3D('',#1783,#1784,#1785);
#1783 = CARTESIAN_POINT('',(104.45,1.075E+03,1.07E+03));
#1784 = DIRECTION('',(0.,0.,1.));
#1785 = DIRECTION('',(-1.,1.224646799147E-16,0.));
#1786 = PCURVE('',#1424,#1787);
#1787 = DEFINITIONAL_REPRESENTATION('',(#1788),#1792);
#1788 = CIRCLE('',#1789,10.);
#1789 = AXIS2_PLACEMENT_2D('',#1790,#1791);
#1790 = CARTESIAN_POINT('',(0.,0.));
#1791 = DIRECTION('',(1.,0.));
#1792 = ( GEOMETRIC_REPRESENTATION_CONTEXT(2) 
PARAMETRIC_REPRESENTATION_CONTEXT() REPRESENTATION_CONTEXT('2D SPACE',''
  ) );
#1793 = PCURVE('',#1529,#1794);
#1794 = DEFINITIONAL_REPRESENTATION('',(#1795),#1799);
#1795 = LINE('',#1796,#1797);
#1796 = CARTESIAN_POINT('',(0.,0.));
#1797 = VECTOR('',#1798,1.);
#1798 = DIRECTION('',(1.,0.));
#1799 = ( GEOMETRIC_REPRESENTATION_CONTEXT(2) 
PARAMETRIC_REPRESENTATION_CONTEXT() REPRESENTATION_CONTEXT('2D SPACE',''
  ) );
#1800 = ORIENTED_EDGE('',*,*,#1801,.T.);
#1801 = EDGE_CURVE('',#1778,#1604,#1802,.T.);
#1802 = SURFACE_CURVE('',#1803,(#1808,#1815),.PCURVE_S1.);
#1803 = CIRCLE('',#1804,10.);
#1804 = AXIS2_PLACEMENT_3D('',#1805,#1806,#1807);
#1805 = CARTESIAN_POINT('',(104.45,1.075E+03,1.07E+03));
#1806 = DIRECTION('',(0.,0.,1.));
#1807 = DIRECTION('',(-1.,1.224646799147E-16,0.));
#1808 = PCURVE('',#1424,#1809);
#1809 = DEFINITIONAL_REPRESENTATION('',(#1810),#1814);
#1810 = CIRCLE('',#1811,10.);
#1811 = AXIS2_PLACEMENT_2D('',#1812,#1813);
#1812 = CARTESIAN_POINT('',(0.,0.));
#1813 = DIRECTION('',(1.,0.));
#1814 = ( GEOMETRIC_REPRESENTATION_CONTEXT(2) 
PARAMETRIC_REPRESENTATION_CONTEXT() REPRESENTATION_CONTEXT('2D SPACE',''
  ) );
#1815 = PCURVE('',#1529,#1816);
#1816 = DEFINITIONAL_REPRESENTATION('',(#1817),#1821);
#1817 = LINE('',#1818,#1819);
#1818 = CARTESIAN_POINT('',(0.,0.));
#1819 = VECTOR('',#1820,1.);
#1820 = DIRECTION('',(1.,0.));
#1821 = ( GEOMETRIC_REPRESENTATION_CONTEXT(2) 
PARAMETRIC_REPRESENTATION_CONTEXT() REPRESENTATION_CONTEXT('2D SPACE',''
  ) );
#1822 = ORIENTED_EDGE('',*,*,#1728,.T.);
#1823 = ORIENTED_EDGE('',*,*,#1754,.T.);
#1824 = ORIENTED_EDGE('',*,*,#1409,.F.);
#1825 = ADVANCED_FACE('',(#1826),#1529,.T.);
#1826 = FACE_BOUND('',#1827,.T.);
#1827 = EDGE_LOOP('',(#1828,#1851,#1878,#1879,#1880,#1881,#1882));
#1828 = ORIENTED_EDGE('',*,*,#1829,.T.);
#1829 = EDGE_CURVE('',#1778,#1830,#1832,.T.);
#1830 = VERTEX_POINT('',#1831);
#1831 = CARTESIAN_POINT('',(94.45,1.075E+03,1.15E+03));
#1832 = SEAM_CURVE('',#1833,(#1837,#1844),.PCURVE_S1.);
#1833 = LINE('',#1834,#1835);
#1834 = CARTESIAN_POINT('',(94.45,1.075E+03,1.07E+03));
#1835 = VECTOR('',#1836,1.);
#1836 = DIRECTION('',(0.,0.,1.));
#1837 = PCURVE('',#1529,#1838);
#1838 = DEFINITIONAL_REPRESENTATION('',(#1839),#1843);
#1839 = LINE('',#1840,#1841);
#1840 = CARTESIAN_POINT('',(6.28318530718,-0.));
#1841 = VECTOR('',#1842,1.);
#1842 = DIRECTION('',(0.,1.));
#1843 = ( GEOMETRIC_REPRESENTATION_CONTEXT(2) 
PARAMETRIC_REPRESENTATION_CONTEXT() REPRESENTATION_CONTEXT('2D SPACE',''
  ) );
#1844 = PCURVE('',#1529,#1845);
#1845 = DEFINITIONAL_REPRESENTATION('',(#1846),#1850);
#1846 = LINE('',#1847,#1848);
#1847 = CARTESIAN_POINT('',(0.,-0.));
#1848 = VECTOR('',#1849,1.);
#1849 = DIRECTION('',(0.,1.));
#1850 = ( GEOMETRIC_REPRESENTATION_CONTEXT(2) 
PARAMETRIC_REPRESENTATION_CONTEXT() REPRESENTATION_CONTEXT('2D SPACE',''
  ) );
#1851 = ORIENTED_EDGE('',*,*,#1852,.F.);
#1852 = EDGE_CURVE('',#1830,#1830,#1853,.T.);
#1853 = SURFACE_CURVE('',#1854,(#1859,#1866),.PCURVE_S1.);
#1854 = CIRCLE('',#1855,10.);
#1855 = AXIS2_PLACEMENT_3D('',#1856,#1857,#1858);
#1856 = CARTESIAN_POINT('',(104.45,1.075E+03,1.15E+03));
#1857 = DIRECTION('',(0.,0.,1.));
#1858 = DIRECTION('',(-1.,1.224646799147E-16,0.));
#1859 = PCURVE('',#1529,#1860);
#1860 = DEFINITIONAL_REPRESENTATION('',(#1861),#1865);
#1861 = LINE('',#1862,#1863);
#1862 = CARTESIAN_POINT('',(0.,80.));
#1863 = VECTOR('',#1864,1.);
#1864 = DIRECTION('',(1.,0.));
#1865 = ( GEOMETRIC_REPRESENTATION_CONTEXT(2) 
PARAMETRIC_REPRESENTATION_CONTEXT() REPRESENTATION_CONTEXT('2D SPACE',''
  ) );
#1866 = PCURVE('',#1867,#1872);
#1867 = PLANE('',#1868);
#1868 = AXIS2_PLACEMENT_3D('',#1869,#1870,#1871);
#1869 = CARTESIAN_POINT('',(104.45,1.075E+03,1.15E+03));
#1870 = DIRECTION('',(0.,0.,1.));
#1871 = DIRECTION('',(-1.,1.224646799147E-16,0.));
#1872 = DEFINITIONAL_REPRESENTATION('',(#1873),#1877);
#1873 = CIRCLE('',#1874,10.);
#1874 = AXIS2_PLACEMENT_2D('',#1875,#1876);
#1875 = CARTESIAN_POINT('',(0.,0.));
#1876 = DIRECTION('',(1.,0.));
#1877 = ( GEOMETRIC_REPRESENTATION_CONTEXT(2) 
PARAMETRIC_REPRESENTATION_CONTEXT() REPRESENTATION_CONTEXT('2D SPACE',''
  ) );
#1878 = ORIENTED_EDGE('',*,*,#1829,.F.);
#1879 = ORIENTED_EDGE('',*,*,#1801,.T.);
#1880 = ORIENTED_EDGE('',*,*,#1603,.T.);
#1881 = ORIENTED_EDGE('',*,*,#1435,.T.);
#1882 = ORIENTED_EDGE('',*,*,#1777,.T.);
#1883 = ADVANCED_FACE('',(#1884),#1867,.T.);
#1884 = FACE_BOUND('',#1885,.T.);
#1885 = EDGE_LOOP('',(#1886));
#1886 = ORIENTED_EDGE('',*,*,#1852,.T.);
#1887 = MANIFOLD_SOLID_BREP('',#1888);
#1888 = CLOSED_SHELL('',(#1889,#2025,#2030));
#1889 = ADVANCED_FACE('',(#1890),#1904,.T.);
#1890 = FACE_BOUND('',#1891,.T.);
#1891 = EDGE_LOOP('',(#1892,#1922,#1951,#1973,#1974,#2003));
#1892 = ORIENTED_EDGE('',*,*,#1893,.T.);
#1893 = EDGE_CURVE('',#1894,#1896,#1898,.T.);
#1894 = VERTEX_POINT('',#1895);
#1895 = CARTESIAN_POINT('',(100.,1.2E+03,4.0355E+03));
#1896 = VERTEX_POINT('',#1897);
#1897 = CARTESIAN_POINT('',(-1.1475E+03,1.2E+03,4.0355E+03));
#1898 = SEAM_CURVE('',#1899,(#1903,#1915),.PCURVE_S1.);
#1899 = LINE('',#1900,#1901);
#1900 = CARTESIAN_POINT('',(100.,1.2E+03,4.0355E+03));
#1901 = VECTOR('',#1902,1.);
#1902 = DIRECTION('',(-1.,1.224646799147E-16,0.));
#1903 = PCURVE('',#1904,#1909);
#1904 = CYLINDRICAL_SURFACE('',#1905,2.5);
#1905 = AXIS2_PLACEMENT_3D('',#1906,#1907,#1908);
#1906 = CARTESIAN_POINT('',(100.,1.2E+03,4.033E+03));
#1907 = DIRECTION('',(-1.,1.224646799147E-16,0.));
#1908 = DIRECTION('',(0.,-0.,1.));
#1909 = DEFINITIONAL_REPRESENTATION('',(#1910),#1914);
#1910 = LINE('',#1911,#1912);
#1911 = CARTESIAN_POINT('',(6.28318530718,-0.));
#1912 = VECTOR('',#1913,1.);
#1913 = DIRECTION('',(0.,1.));
#1914 = ( GEOMETRIC_REPRESENTATION_CONTEXT(2) 
PARAMETRIC_REPRESENTATION_CONTEXT() REPRESENTATION_CONTEXT('2D SPACE',''
  ) );
#1915 = PCURVE('',#1904,#1916);
#1916 = DEFINITIONAL_REPRESENTATION('',(#1917),#1921);
#1917 = LINE('',#1918,#1919);
#1918 = CARTESIAN_POINT('',(0.,-0.));
#1919 = VECTOR('',#1920,1.);
#1920 = DIRECTION('',(0.,1.));
#1921 = ( GEOMETRIC_REPRESENTATION_CONTEXT(2) 
PARAMETRIC_REPRESENTATION_CONTEXT() REPRESENTATION_CONTEXT('2D SPACE',''
  ) );
#1922 = ORIENTED_EDGE('',*,*,#1923,.F.);
#1923 = EDGE_CURVE('',#1924,#1896,#1926,.T.);
#1924 = VERTEX_POINT('',#1925);
#1925 = CARTESIAN_POINT('',(-1.1475E+03,1.2E+03,4.0305E+03));
#1926 = SURFACE_CURVE('',#1927,(#1932,#1939),.PCURVE_S1.);
#1927 = CIRCLE('',#1928,2.5);
#1928 = AXIS2_PLACEMENT_3D('',#1929,#1930,#1931);
#1929 = CARTESIAN_POINT('',(-1.1475E+03,1.2E+03,4.033E+03));
#1930 = DIRECTION('',(-1.,1.224646799147E-16,0.));
#1931 = DIRECTION('',(0.,-0.,1.));
#1932 = PCURVE('',#1904,#1933);
#1933 = DEFINITIONAL_REPRESENTATION('',(#1934),#1938);
#1934 = LINE('',#1935,#1936);
#1935 = CARTESIAN_POINT('',(0.,1.2475E+03));
#1936 = VECTOR('',#1937,1.);
#1937 = DIRECTION('',(1.,0.));
#1938 = ( GEOMETRIC_REPRESENTATION_CONTEXT(2) 
PARAMETRIC_REPRESENTATION_CONTEXT() REPRESENTATION_CONTEXT('2D SPACE',''
  ) );
#1939 = PCURVE('',#1940,#1945);
#1940 = PLANE('',#1941);
#1941 = AXIS2_PLACEMENT_3D('',#1942,#1943,#1944);
#1942 = CARTESIAN_POINT('',(-1.1475E+03,1.2E+03,4.033E+03));
#1943 = DIRECTION('',(-1.,1.224646799147E-16,0.));
#1944 = DIRECTION('',(0.,-0.,1.));
#1945 = DEFINITIONAL_REPRESENTATION('',(#1946),#1950);
#1946 = CIRCLE('',#1947,2.5);
#1947 = AXIS2_PLACEMENT_2D('',#1948,#1949);
#1948 = CARTESIAN_POINT('',(0.,0.));
#1949 = DIRECTION('',(1.,0.));
#1950 = ( GEOMETRIC_REPRESENTATION_CONTEXT(2) 
PARAMETRIC_REPRESENTATION_CONTEXT() REPRESENTATION_CONTEXT('2D SPACE',''
  ) );
#1951 = ORIENTED_EDGE('',*,*,#1952,.F.);
#1952 = EDGE_CURVE('',#1896,#1924,#1953,.T.);
#1953 = SURFACE_CURVE('',#1954,(#1959,#1966),.PCURVE_S1.);
#1954 = CIRCLE('',#1955,2.5);
#1955 = AXIS2_PLACEMENT_3D('',#1956,#1957,#1958);
#1956 = CARTESIAN_POINT('',(-1.1475E+03,1.2E+03,4.033E+03));
#1957 = DIRECTION('',(-1.,1.224646799147E-16,0.));
#1958 = DIRECTION('',(0.,-0.,1.));
#1959 = PCURVE('',#1904,#1960);
#1960 = DEFINITIONAL_REPRESENTATION('',(#1961),#1965);
#1961 = LINE('',#1962,#1963);
#1962 = CARTESIAN_POINT('',(0.,1.2475E+03));
#1963 = VECTOR('',#1964,1.);
#1964 = DIRECTION('',(1.,0.));
#1965 = ( GEOMETRIC_REPRESENTATION_CONTEXT(2) 
PARAMETRIC_REPRESENTATION_CONTEXT() REPRESENTATION_CONTEXT('2D SPACE',''
  ) );
#1966 = PCURVE('',#1940,#1967);
#1967 = DEFINITIONAL_REPRESENTATION('',(#1968),#1972);
#1968 = CIRCLE('',#1969,2.5);
#1969 = AXIS2_PLACEMENT_2D('',#1970,#1971);
#1970 = CARTESIAN_POINT('',(0.,0.));
#1971 = DIRECTION('',(1.,0.));
#1972 = ( GEOMETRIC_REPRESENTATION_CONTEXT(2) 
PARAMETRIC_REPRESENTATION_CONTEXT() REPRESENTATION_CONTEXT('2D SPACE',''
  ) );
#1973 = ORIENTED_EDGE('',*,*,#1893,.F.);
#1974 = ORIENTED_EDGE('',*,*,#1975,.T.);
#1975 = EDGE_CURVE('',#1894,#1976,#1978,.T.);
#1976 = VERTEX_POINT('',#1977);
#1977 = CARTESIAN_POINT('',(100.,1.2E+03,4.0305E+03));
#1978 = SURFACE_CURVE('',#1979,(#1984,#1991),.PCURVE_S1.);
#1979 = CIRCLE('',#1980,2.5);
#1980 = AXIS2_PLACEMENT_3D('',#1981,#1982,#1983);
#1981 = CARTESIAN_POINT('',(100.,1.2E+03,4.033E+03));
#1982 = DIRECTION('',(-1.,1.224646799147E-16,0.));
#1983 = DIRECTION('',(0.,-0.,1.));
#1984 = PCURVE('',#1904,#1985);
#1985 = DEFINITIONAL_REPRESENTATION('',(#1986),#1990);
#1986 = LINE('',#1987,#1988);
#1987 = CARTESIAN_POINT('',(0.,0.));
#1988 = VECTOR('',#1989,1.);
#1989 = DIRECTION('',(1.,0.));
#1990 = ( GEOMETRIC_REPRESENTATION_CONTEXT(2) 
PARAMETRIC_REPRESENTATION_CONTEXT() REPRESENTATION_CONTEXT('2D SPACE',''
  ) );
#1991 = PCURVE('',#1992,#1997);
#1992 = PLANE('',#1993);
#1993 = AXIS2_PLACEMENT_3D('',#1994,#1995,#1996);
#1994 = CARTESIAN_POINT('',(100.,1.2E+03,4.033E+03));
#1995 = DIRECTION('',(-1.,1.224646799147E-16,0.));
#1996 = DIRECTION('',(0.,-0.,1.));
#1997 = DEFINITIONAL_REPRESENTATION('',(#1998),#2002);
#1998 = CIRCLE('',#1999,2.5);
#1999 = AXIS2_PLACEMENT_2D('',#2000,#2001);
#2000 = CARTESIAN_POINT('',(0.,0.));
#2001 = DIRECTION('',(1.,0.));
#2002 = ( GEOMETRIC_REPRESENTATION_CONTEXT(2) 
PARAMETRIC_REPRESENTATION_CONTEXT() REPRESENTATION_CONTEXT('2D SPACE',''
  ) );
#2003 = ORIENTED_EDGE('',*,*,#2004,.T.);
#2004 = EDGE_CURVE('',#1976,#1894,#2005,.T.);
#2005 = SURFACE_CURVE('',#2006,(#2011,#2018),.PCURVE_S1.);
#2006 = CIRCLE('',#2007,2.5);
#2007 = AXIS2_PLACEMENT_3D('',#2008,#2009,#2010);
#2008 = CARTESIAN_POINT('',(100.,1.2E+03,4.033E+03));
#2009 = DIRECTION('',(-1.,1.224646799147E-16,0.));
#2010 = DIRECTION('',(0.,-0.,1.));
#2011 = PCURVE('',#1904,#2012);
#2012 = DEFINITIONAL_REPRESENTATION('',(#2013),#2017);
#2013 = LINE('',#2014,#2015);
#2014 = CARTESIAN_POINT('',(0.,0.));
#2015 = VECTOR('',#2016,1.);
#2016 = DIRECTION('',(1.,0.));
#2017 = ( GEOMETRIC_REPRESENTATION_CONTEXT(2) 
PARAMETRIC_REPRESENTATION_CONTEXT() REPRESENTATION_CONTEXT('2D SPACE',''
  ) );
#2018 = PCURVE('',#1992,#2019);
#2019 = DEFINITIONAL_REPRESENTATION('',(#2020),#2024);
#2020 = CIRCLE('',#2021,2.5);
#2021 = AXIS2_PLACEMENT_2D('',#2022,#2023);
#2022 = CARTESIAN_POINT('',(0.,0.));
#2023 = DIRECTION('',(1.,0.));
#2024 = ( GEOMETRIC_REPRESENTATION_CONTEXT(2) 
PARAMETRIC_REPRESENTATION_CONTEXT() REPRESENTATION_CONTEXT('2D SPACE',''
  ) );
#2025 = ADVANCED_FACE('',(#2026),#1992,.F.);
#2026 = FACE_BOUND('',#2027,.T.);
#2027 = EDGE_LOOP('',(#2028,#2029));
#2028 = ORIENTED_EDGE('',*,*,#1975,.F.);
#2029 = ORIENTED_EDGE('',*,*,#2004,.F.);
#2030 = ADVANCED_FACE('',(#2031),#1940,.T.);
#2031 = FACE_BOUND('',#2032,.T.);
#2032 = EDGE_LOOP('',(#2033,#2034));
#2033 = ORIENTED_EDGE('',*,*,#1952,.T.);
#2034 = ORIENTED_EDGE('',*,*,#1923,.T.);
#2035 = MANIFOLD_SOLID_BREP('',#2036);
#2036 = CLOSED_SHELL('',(#2037,#2157,#2233,#2313,#2362,#2389,#2396,#2451
    ,#2486,#2541,#2576,#5171,#5177,#5517,#5852,#6187,#6522,#6617,#6621)
  );
#2037 = ADVANCED_FACE('',(#2038),#2052,.F.);
#2038 = FACE_BOUND('',#2039,.F.);
#2039 = EDGE_LOOP('',(#2040,#2075,#2103,#2131));
#2040 = ORIENTED_EDGE('',*,*,#2041,.F.);
#2041 = EDGE_CURVE('',#2042,#2044,#2046,.T.);
#2042 = VERTEX_POINT('',#2043);
#2043 = CARTESIAN_POINT('',(200.,1.4E+03,-750.));
#2044 = VERTEX_POINT('',#2045);
#2045 = CARTESIAN_POINT('',(200.,1.4E+03,0.));
#2046 = SURFACE_CURVE('',#2047,(#2051,#2063),.PCURVE_S1.);
#2047 = LINE('',#2048,#2049);
#2048 = CARTESIAN_POINT('',(200.,1.4E+03,-750.));
#2049 = VECTOR('',#2050,1.);
#2050 = DIRECTION('',(0.,0.,1.));
#2051 = PCURVE('',#2052,#2057);
#2052 = PLANE('',#2053);
#2053 = AXIS2_PLACEMENT_3D('',#2054,#2055,#2056);
#2054 = CARTESIAN_POINT('',(200.,1.4E+03,-750.));
#2055 = DIRECTION('',(-1.,1.224646799147E-16,0.));
#2056 = DIRECTION('',(0.,0.,1.));
#2057 = DEFINITIONAL_REPRESENTATION('',(#2058),#2062);
#2058 = LINE('',#2059,#2060);
#2059 = CARTESIAN_POINT('',(0.,0.));
#2060 = VECTOR('',#2061,1.);
#2061 = DIRECTION('',(1.,0.));
#2062 = ( GEOMETRIC_REPRESENTATION_CONTEXT(2) 
PARAMETRIC_REPRESENTATION_CONTEXT() REPRESENTATION_CONTEXT('2D SPACE',''
  ) );
#2063 = PCURVE('',#2064,#2069);
#2064 = PLANE('',#2065);
#2065 = AXIS2_PLACEMENT_3D('',#2066,#2067,#2068);
#2066 = CARTESIAN_POINT('',(200.,1.4E+03,-750.));
#2067 = DIRECTION('',(-1.224646799147E-16,-1.,0.));
#2068 = DIRECTION('',(0.,0.,1.));
#2069 = DEFINITIONAL_REPRESENTATION('',(#2070),#2074);
#2070 = LINE('',#2071,#2072);
#2071 = CARTESIAN_POINT('',(0.,0.));
#2072 = VECTOR('',#2073,1.);
#2073 = DIRECTION('',(1.,0.));
#2074 = ( GEOMETRIC_REPRESENTATION_CONTEXT(2) 
PARAMETRIC_REPRESENTATION_CONTEXT() REPRESENTATION_CONTEXT('2D SPACE',''
  ) );
#2075 = ORIENTED_EDGE('',*,*,#2076,.T.);
#2076 = EDGE_CURVE('',#2042,#2077,#2079,.T.);
#2077 = VERTEX_POINT('',#2078);
#2078 = CARTESIAN_POINT('',(200.,1.E+03,-750.));
#2079 = SURFACE_CURVE('',#2080,(#2084,#2091),.PCURVE_S1.);
#2080 = LINE('',#2081,#2082);
#2081 = CARTESIAN_POINT('',(200.,1.4E+03,-750.));
#2082 = VECTOR('',#2083,1.);
#2083 = DIRECTION('',(-1.224646799147E-16,-1.,0.));
#2084 = PCURVE('',#2052,#2085);
#2085 = DEFINITIONAL_REPRESENTATION('',(#2086),#2090);
#2086 = LINE('',#2087,#2088);
#2087 = CARTESIAN_POINT('',(0.,0.));
#2088 = VECTOR('',#2089,1.);
#2089 = DIRECTION('',(0.,-1.));
#2090 = ( GEOMETRIC_REPRESENTATION_CONTEXT(2) 
PARAMETRIC_REPRESENTATION_CONTEXT() REPRESENTATION_CONTEXT('2D SPACE',''
  ) );
#2091 = PCURVE('',#2092,#2097);
#2092 = PLANE('',#2093);
#2093 = AXIS2_PLACEMENT_3D('',#2094,#2095,#2096);
#2094 = CARTESIAN_POINT('',(200.,1.4E+03,-750.));
#2095 = DIRECTION('',(0.,0.,1.));
#2096 = DIRECTION('',(-1.,1.224646799147E-16,0.));
#2097 = DEFINITIONAL_REPRESENTATION('',(#2098),#2102);
#2098 = LINE('',#2099,#2100);
#2099 = CARTESIAN_POINT('',(0.,0.));
#2100 = VECTOR('',#2101,1.);
#2101 = DIRECTION('',(0.,1.));
#2102 = ( GEOMETRIC_REPRESENTATION_CONTEXT(2) 
PARAMETRIC_REPRESENTATION_CONTEXT() REPRESENTATION_CONTEXT('2D SPACE',''
  ) );
#2103 = ORIENTED_EDGE('',*,*,#2104,.T.);
#2104 = EDGE_CURVE('',#2077,#2105,#2107,.T.);
#2105 = VERTEX_POINT('',#2106);
#2106 = CARTESIAN_POINT('',(200.,1.E+03,0.));
#2107 = SURFACE_CURVE('',#2108,(#2112,#2119),.PCURVE_S1.);
#2108 = LINE('',#2109,#2110);
#2109 = CARTESIAN_POINT('',(200.,1.E+03,-750.));
#2110 = VECTOR('',#2111,1.);
#2111 = DIRECTION('',(0.,0.,1.));
#2112 = PCURVE('',#2052,#2113);
#2113 = DEFINITIONAL_REPRESENTATION('',(#2114),#2118);
#2114 = LINE('',#2115,#2116);
#2115 = CARTESIAN_POINT('',(0.,-400.));
#2116 = VECTOR('',#2117,1.);
#2117 = DIRECTION('',(1.,0.));
#2118 = ( GEOMETRIC_REPRESENTATION_CONTEXT(2) 
PARAMETRIC_REPRESENTATION_CONTEXT() REPRESENTATION_CONTEXT('2D SPACE',''
  ) );
#2119 = PCURVE('',#2120,#2125);
#2120 = PLANE('',#2121);
#2121 = AXIS2_PLACEMENT_3D('',#2122,#2123,#2124);
#2122 = CARTESIAN_POINT('',(200.,1.E+03,-750.));
#2123 = DIRECTION('',(-1.224646799147E-16,-1.,0.));
#2124 = DIRECTION('',(0.,0.,1.));
#2125 = DEFINITIONAL_REPRESENTATION('',(#2126),#2130);
#2126 = LINE('',#2127,#2128);
#2127 = CARTESIAN_POINT('',(0.,0.));
#2128 = VECTOR('',#2129,1.);
#2129 = DIRECTION('',(1.,0.));
#2130 = ( GEOMETRIC_REPRESENTATION_CONTEXT(2) 
PARAMETRIC_REPRESENTATION_CONTEXT() REPRESENTATION_CONTEXT('2D SPACE',''
  ) );
#2131 = ORIENTED_EDGE('',*,*,#2132,.F.);
#2132 = EDGE_CURVE('',#2044,#2105,#2133,.T.);
#2133 = SURFACE_CURVE('',#2134,(#2138,#2145),.PCURVE_S1.);
#2134 = LINE('',#2135,#2136);
#2135 = CARTESIAN_POINT('',(200.,1.4E+03,0.));
#2136 = VECTOR('',#2137,1.);
#2137 = DIRECTION('',(-1.224646799147E-16,-1.,0.));
#2138 = PCURVE('',#2052,#2139);
#2139 = DEFINITIONAL_REPRESENTATION('',(#2140),#2144);
#2140 = LINE('',#2141,#2142);
#2141 = CARTESIAN_POINT('',(750.,0.));
#2142 = VECTOR('',#2143,1.);
#2143 = DIRECTION('',(0.,-1.));
#2144 = ( GEOMETRIC_REPRESENTATION_CONTEXT(2) 
PARAMETRIC_REPRESENTATION_CONTEXT() REPRESENTATION_CONTEXT('2D SPACE',''
  ) );
#2145 = PCURVE('',#2146,#2151);
#2146 = PLANE('',#2147);
#2147 = AXIS2_PLACEMENT_3D('',#2148,#2149,#2150);
#2148 = CARTESIAN_POINT('',(200.,1.4E+03,0.));
#2149 = DIRECTION('',(0.,0.,1.));
#2150 = DIRECTION('',(-1.,1.224646799147E-16,0.));
#2151 = DEFINITIONAL_REPRESENTATION('',(#2152),#2156);
#2152 = LINE('',#2153,#2154);
#2153 = CARTESIAN_POINT('',(0.,0.));
#2154 = VECTOR('',#2155,1.);
#2155 = DIRECTION('',(0.,1.));
#2156 = ( GEOMETRIC_REPRESENTATION_CONTEXT(2) 
PARAMETRIC_REPRESENTATION_CONTEXT() REPRESENTATION_CONTEXT('2D SPACE',''
  ) );
#2157 = ADVANCED_FACE('',(#2158),#2064,.F.);
#2158 = FACE_BOUND('',#2159,.F.);
#2159 = EDGE_LOOP('',(#2160,#2183,#2184,#2207));
#2160 = ORIENTED_EDGE('',*,*,#2161,.F.);
#2161 = EDGE_CURVE('',#2042,#2162,#2164,.T.);
#2162 = VERTEX_POINT('',#2163);
#2163 = CARTESIAN_POINT('',(-200.,1.4E+03,-750.));
#2164 = SURFACE_CURVE('',#2165,(#2169,#2176),.PCURVE_S1.);
#2165 = LINE('',#2166,#2167);
#2166 = CARTESIAN_POINT('',(200.,1.4E+03,-750.));
#2167 = VECTOR('',#2168,1.);
#2168 = DIRECTION('',(-1.,1.224646799147E-16,0.));
#2169 = PCURVE('',#2064,#2170);
#2170 = DEFINITIONAL_REPRESENTATION('',(#2171),#2175);
#2171 = LINE('',#2172,#2173);
#2172 = CARTESIAN_POINT('',(0.,0.));
#2173 = VECTOR('',#2174,1.);
#2174 = DIRECTION('',(0.,1.));
#2175 = ( GEOMETRIC_REPRESENTATION_CONTEXT(2) 
PARAMETRIC_REPRESENTATION_CONTEXT() REPRESENTATION_CONTEXT('2D SPACE',''
  ) );
#2176 = PCURVE('',#2092,#2177);
#2177 = DEFINITIONAL_REPRESENTATION('',(#2178),#2182);
#2178 = LINE('',#2179,#2180);
#2179 = CARTESIAN_POINT('',(0.,0.));
#2180 = VECTOR('',#2181,1.);
#2181 = DIRECTION('',(1.,0.));
#2182 = ( GEOMETRIC_REPRESENTATION_CONTEXT(2) 
PARAMETRIC_REPRESENTATION_CONTEXT() REPRESENTATION_CONTEXT('2D SPACE',''
  ) );
#2183 = ORIENTED_EDGE('',*,*,#2041,.T.);
#2184 = ORIENTED_EDGE('',*,*,#2185,.T.);
#2185 = EDGE_CURVE('',#2044,#2186,#2188,.T.);
#2186 = VERTEX_POINT('',#2187);
#2187 = CARTESIAN_POINT('',(-200.,1.4E+03,0.));
#2188 = SURFACE_CURVE('',#2189,(#2193,#2200),.PCURVE_S1.);
#2189 = LINE('',#2190,#2191);
#2190 = CARTESIAN_POINT('',(200.,1.4E+03,0.));
#2191 = VECTOR('',#2192,1.);
#2192 = DIRECTION('',(-1.,1.224646799147E-16,0.));
#2193 = PCURVE('',#2064,#2194);
#2194 = DEFINITIONAL_REPRESENTATION('',(#2195),#2199);
#2195 = LINE('',#2196,#2197);
#2196 = CARTESIAN_POINT('',(750.,0.));
#2197 = VECTOR('',#2198,1.);
#2198 = DIRECTION('',(0.,1.));
#2199 = ( GEOMETRIC_REPRESENTATION_CONTEXT(2) 
PARAMETRIC_REPRESENTATION_CONTEXT() REPRESENTATION_CONTEXT('2D SPACE',''
  ) );
#2200 = PCURVE('',#2146,#2201);
#2201 = DEFINITIONAL_REPRESENTATION('',(#2202),#2206);
#2202 = LINE('',#2203,#2204);
#2203 = CARTESIAN_POINT('',(0.,0.));
#2204 = VECTOR('',#2205,1.);
#2205 = DIRECTION('',(1.,0.));
#2206 = ( GEOMETRIC_REPRESENTATION_CONTEXT(2) 
PARAMETRIC_REPRESENTATION_CONTEXT() REPRESENTATION_CONTEXT('2D SPACE',''
  ) );
#2207 = ORIENTED_EDGE('',*,*,#2208,.F.);
#2208 = EDGE_CURVE('',#2162,#2186,#2209,.T.);
#2209 = SURFACE_CURVE('',#2210,(#2214,#2221),.PCURVE_S1.);
#2210 = LINE('',#2211,#2212);
#2211 = CARTESIAN_POINT('',(-200.,1.4E+03,-750.));
#2212 = VECTOR('',#2213,1.);
#2213 = DIRECTION('',(0.,0.,1.));
#2214 = PCURVE('',#2064,#2215);
#2215 = DEFINITIONAL_REPRESENTATION('',(#2216),#2220);
#2216 = LINE('',#2217,#2218);
#2217 = CARTESIAN_POINT('',(0.,400.));
#2218 = VECTOR('',#2219,1.);
#2219 = DIRECTION('',(1.,0.));
#2220 = ( GEOMETRIC_REPRESENTATION_CONTEXT(2) 
PARAMETRIC_REPRESENTATION_CONTEXT() REPRESENTATION_CONTEXT('2D SPACE',''
  ) );
#2221 = PCURVE('',#2222,#2227);
#2222 = PLANE('',#2223);
#2223 = AXIS2_PLACEMENT_3D('',#2224,#2225,#2226);
#2224 = CARTESIAN_POINT('',(-200.,1.4E+03,-750.));
#2225 = DIRECTION('',(-1.,1.224646799147E-16,0.));
#2226 = DIRECTION('',(0.,0.,1.));
#2227 = DEFINITIONAL_REPRESENTATION('',(#2228),#2232);
#2228 = LINE('',#2229,#2230);
#2229 = CARTESIAN_POINT('',(0.,0.));
#2230 = VECTOR('',#2231,1.);
#2231 = DIRECTION('',(1.,0.));
#2232 = ( GEOMETRIC_REPRESENTATION_CONTEXT(2) 
PARAMETRIC_REPRESENTATION_CONTEXT() REPRESENTATION_CONTEXT('2D SPACE',''
  ) );
#2233 = ADVANCED_FACE('',(#2234,#2282),#2146,.T.);
#2234 = FACE_BOUND('',#2235,.T.);
#2235 = EDGE_LOOP('',(#2236,#2237,#2238,#2261));
#2236 = ORIENTED_EDGE('',*,*,#2132,.F.);
#2237 = ORIENTED_EDGE('',*,*,#2185,.T.);
#2238 = ORIENTED_EDGE('',*,*,#2239,.T.);
#2239 = EDGE_CURVE('',#2186,#2240,#2242,.T.);
#2240 = VERTEX_POINT('',#2241);
#2241 = CARTESIAN_POINT('',(-200.,1.E+03,0.));
#2242 = SURFACE_CURVE('',#2243,(#2247,#2254),.PCURVE_S1.);
#2243 = LINE('',#2244,#2245);
#2244 = CARTESIAN_POINT('',(-200.,1.4E+03,0.));
#2245 = VECTOR('',#2246,1.);
#2246 = DIRECTION('',(-1.224646799147E-16,-1.,0.));
#2247 = PCURVE('',#2146,#2248);
#2248 = DEFINITIONAL_REPRESENTATION('',(#2249),#2253);
#2249 = LINE('',#2250,#2251);
#2250 = CARTESIAN_POINT('',(400.,0.));
#2251 = VECTOR('',#2252,1.);
#2252 = DIRECTION('',(0.,1.));
#2253 = ( GEOMETRIC_REPRESENTATION_CONTEXT(2) 
PARAMETRIC_REPRESENTATION_CONTEXT() REPRESENTATION_CONTEXT('2D SPACE',''
  ) );
#2254 = PCURVE('',#2222,#2255);
#2255 = DEFINITIONAL_REPRESENTATION('',(#2256),#2260);
#2256 = LINE('',#2257,#2258);
#2257 = CARTESIAN_POINT('',(750.,0.));
#2258 = VECTOR('',#2259,1.);
#2259 = DIRECTION('',(0.,-1.));
#2260 = ( GEOMETRIC_REPRESENTATION_CONTEXT(2) 
PARAMETRIC_REPRESENTATION_CONTEXT() REPRESENTATION_CONTEXT('2D SPACE',''
  ) );
#2261 = ORIENTED_EDGE('',*,*,#2262,.F.);
#2262 = EDGE_CURVE('',#2105,#2240,#2263,.T.);
#2263 = SURFACE_CURVE('',#2264,(#2268,#2275),.PCURVE_S1.);
#2264 = LINE('',#2265,#2266);
#2265 = CARTESIAN_POINT('',(200.,1.E+03,0.));
#2266 = VECTOR('',#2267,1.);
#2267 = DIRECTION('',(-1.,1.224646799147E-16,0.));
#2268 = PCURVE('',#2146,#2269);
#2269 = DEFINITIONAL_REPRESENTATION('',(#2270),#2274);
#2270 = LINE('',#2271,#2272);
#2271 = CARTESIAN_POINT('',(0.,400.));
#2272 = VECTOR('',#2273,1.);
#2273 = DIRECTION('',(1.,0.));
#2274 = ( GEOMETRIC_REPRESENTATION_CONTEXT(2) 
PARAMETRIC_REPRESENTATION_CONTEXT() REPRESENTATION_CONTEXT('2D SPACE',''
  ) );
#2275 = PCURVE('',#2120,#2276);
#2276 = DEFINITIONAL_REPRESENTATION('',(#2277),#2281);
#2277 = LINE('',#2278,#2279);
#2278 = CARTESIAN_POINT('',(750.,0.));
#2279 = VECTOR('',#2280,1.);
#2280 = DIRECTION('',(0.,1.));
#2281 = ( GEOMETRIC_REPRESENTATION_CONTEXT(2) 
PARAMETRIC_REPRESENTATION_CONTEXT() REPRESENTATION_CONTEXT('2D SPACE',''
  ) );
#2282 = FACE_BOUND('',#2283,.T.);
#2283 = EDGE_LOOP('',(#2284));
#2284 = ORIENTED_EDGE('',*,*,#2285,.F.);
#2285 = EDGE_CURVE('',#2286,#2286,#2288,.T.);
#2286 = VERTEX_POINT('',#2287);
#2287 = CARTESIAN_POINT('',(-50.8,1.2E+03,0.));
#2288 = SURFACE_CURVE('',#2289,(#2294,#2301),.PCURVE_S1.);
#2289 = CIRCLE('',#2290,50.8);
#2290 = AXIS2_PLACEMENT_3D('',#2291,#2292,#2293);
#2291 = CARTESIAN_POINT('',(7.347880794884E-14,1.2E+03,0.));
#2292 = DIRECTION('',(0.,0.,1.));
#2293 = DIRECTION('',(-1.,1.224646799147E-16,0.));
#2294 = PCURVE('',#2146,#2295);
#2295 = DEFINITIONAL_REPRESENTATION('',(#2296),#2300);
#2296 = CIRCLE('',#2297,50.8);
#2297 = AXIS2_PLACEMENT_2D('',#2298,#2299);
#2298 = CARTESIAN_POINT('',(200.,200.));
#2299 = DIRECTION('',(1.,0.));
#2300 = ( GEOMETRIC_REPRESENTATION_CONTEXT(2) 
PARAMETRIC_REPRESENTATION_CONTEXT() REPRESENTATION_CONTEXT('2D SPACE',''
  ) );
#2301 = PCURVE('',#2302,#2307);
#2302 = CYLINDRICAL_SURFACE('',#2303,50.8);
#2303 = AXIS2_PLACEMENT_3D('',#2304,#2305,#2306);
#2304 = CARTESIAN_POINT('',(7.347880794884E-14,1.2E+03,-700.));
#2305 = DIRECTION('',(0.,0.,1.));
#2306 = DIRECTION('',(-1.,1.224646799147E-16,0.));
#2307 = DEFINITIONAL_REPRESENTATION('',(#2308),#2312);
#2308 = LINE('',#2309,#2310);
#2309 = CARTESIAN_POINT('',(0.,700.));
#2310 = VECTOR('',#2311,1.);
#2311 = DIRECTION('',(1.,0.));
#2312 = ( GEOMETRIC_REPRESENTATION_CONTEXT(2) 
PARAMETRIC_REPRESENTATION_CONTEXT() REPRESENTATION_CONTEXT('2D SPACE',''
  ) );
#2313 = ADVANCED_FACE('',(#2314),#2120,.T.);
#2314 = FACE_BOUND('',#2315,.T.);
#2315 = EDGE_LOOP('',(#2316,#2339,#2340,#2341));
#2316 = ORIENTED_EDGE('',*,*,#2317,.F.);
#2317 = EDGE_CURVE('',#2077,#2318,#2320,.T.);
#2318 = VERTEX_POINT('',#2319);
#2319 = CARTESIAN_POINT('',(-200.,1.E+03,-750.));
#2320 = SURFACE_CURVE('',#2321,(#2325,#2332),.PCURVE_S1.);
#2321 = LINE('',#2322,#2323);
#2322 = CARTESIAN_POINT('',(200.,1.E+03,-750.));
#2323 = VECTOR('',#2324,1.);
#2324 = DIRECTION('',(-1.,1.224646799147E-16,0.));
#2325 = PCURVE('',#2120,#2326);
#2326 = DEFINITIONAL_REPRESENTATION('',(#2327),#2331);
#2327 = LINE('',#2328,#2329);
#2328 = CARTESIAN_POINT('',(0.,0.));
#2329 = VECTOR('',#2330,1.);
#2330 = DIRECTION('',(0.,1.));
#2331 = ( GEOMETRIC_REPRESENTATION_CONTEXT(2) 
PARAMETRIC_REPRESENTATION_CONTEXT() REPRESENTATION_CONTEXT('2D SPACE',''
  ) );
#2332 = PCURVE('',#2092,#2333);
#2333 = DEFINITIONAL_REPRESENTATION('',(#2334),#2338);
#2334 = LINE('',#2335,#2336);
#2335 = CARTESIAN_POINT('',(0.,400.));
#2336 = VECTOR('',#2337,1.);
#2337 = DIRECTION('',(1.,0.));
#2338 = ( GEOMETRIC_REPRESENTATION_CONTEXT(2) 
PARAMETRIC_REPRESENTATION_CONTEXT() REPRESENTATION_CONTEXT('2D SPACE',''
  ) );
#2339 = ORIENTED_EDGE('',*,*,#2104,.T.);
#2340 = ORIENTED_EDGE('',*,*,#2262,.T.);
#2341 = ORIENTED_EDGE('',*,*,#2342,.F.);
#2342 = EDGE_CURVE('',#2318,#2240,#2343,.T.);
#2343 = SURFACE_CURVE('',#2344,(#2348,#2355),.PCURVE_S1.);
#2344 = LINE('',#2345,#2346);
#2345 = CARTESIAN_POINT('',(-200.,1.E+03,-750.));
#2346 = VECTOR('',#2347,1.);
#2347 = DIRECTION('',(0.,0.,1.));
#2348 = PCURVE('',#2120,#2349);
#2349 = DEFINITIONAL_REPRESENTATION('',(#2350),#2354);
#2350 = LINE('',#2351,#2352);
#2351 = CARTESIAN_POINT('',(0.,400.));
#2352 = VECTOR('',#2353,1.);
#2353 = DIRECTION('',(1.,0.));
#2354 = ( GEOMETRIC_REPRESENTATION_CONTEXT(2) 
PARAMETRIC_REPRESENTATION_CONTEXT() REPRESENTATION_CONTEXT('2D SPACE',''
  ) );
#2355 = PCURVE('',#2222,#2356);
#2356 = DEFINITIONAL_REPRESENTATION('',(#2357),#2361);
#2357 = LINE('',#2358,#2359);
#2358 = CARTESIAN_POINT('',(0.,-400.));
#2359 = VECTOR('',#2360,1.);
#2360 = DIRECTION('',(1.,0.));
#2361 = ( GEOMETRIC_REPRESENTATION_CONTEXT(2) 
PARAMETRIC_REPRESENTATION_CONTEXT() REPRESENTATION_CONTEXT('2D SPACE',''
  ) );
#2362 = ADVANCED_FACE('',(#2363),#2092,.F.);
#2363 = FACE_BOUND('',#2364,.F.);
#2364 = EDGE_LOOP('',(#2365,#2366,#2367,#2388));
#2365 = ORIENTED_EDGE('',*,*,#2076,.F.);
#2366 = ORIENTED_EDGE('',*,*,#2161,.T.);
#2367 = ORIENTED_EDGE('',*,*,#2368,.T.);
#2368 = EDGE_CURVE('',#2162,#2318,#2369,.T.);
#2369 = SURFACE_CURVE('',#2370,(#2374,#2381),.PCURVE_S1.);
#2370 = LINE('',#2371,#2372);
#2371 = CARTESIAN_POINT('',(-200.,1.4E+03,-750.));
#2372 = VECTOR('',#2373,1.);
#2373 = DIRECTION('',(-1.224646799147E-16,-1.,0.));
#2374 = PCURVE('',#2092,#2375);
#2375 = DEFINITIONAL_REPRESENTATION('',(#2376),#2380);
#2376 = LINE('',#2377,#2378);
#2377 = CARTESIAN_POINT('',(400.,0.));
#2378 = VECTOR('',#2379,1.);
#2379 = DIRECTION('',(0.,1.));
#2380 = ( GEOMETRIC_REPRESENTATION_CONTEXT(2) 
PARAMETRIC_REPRESENTATION_CONTEXT() REPRESENTATION_CONTEXT('2D SPACE',''
  ) );
#2381 = PCURVE('',#2222,#2382);
#2382 = DEFINITIONAL_REPRESENTATION('',(#2383),#2387);
#2383 = LINE('',#2384,#2385);
#2384 = CARTESIAN_POINT('',(0.,0.));
#2385 = VECTOR('',#2386,1.);
#2386 = DIRECTION('',(0.,-1.));
#2387 = ( GEOMETRIC_REPRESENTATION_CONTEXT(2) 
PARAMETRIC_REPRESENTATION_CONTEXT() REPRESENTATION_CONTEXT('2D SPACE',''
  ) );
#2388 = ORIENTED_EDGE('',*,*,#2317,.F.);
#2389 = ADVANCED_FACE('',(#2390),#2222,.T.);
#2390 = FACE_BOUND('',#2391,.T.);
#2391 = EDGE_LOOP('',(#2392,#2393,#2394,#2395));
#2392 = ORIENTED_EDGE('',*,*,#2208,.F.);
#2393 = ORIENTED_EDGE('',*,*,#2368,.T.);
#2394 = ORIENTED_EDGE('',*,*,#2342,.T.);
#2395 = ORIENTED_EDGE('',*,*,#2239,.F.);
#2396 = ADVANCED_FACE('',(#2397),#2302,.T.);
#2397 = FACE_BOUND('',#2398,.T.);
#2398 = EDGE_LOOP('',(#2399,#2422,#2449,#2450));
#2399 = ORIENTED_EDGE('',*,*,#2400,.T.);
#2400 = EDGE_CURVE('',#2286,#2401,#2403,.T.);
#2401 = VERTEX_POINT('',#2402);
#2402 = CARTESIAN_POINT('',(-50.8,1.2E+03,30.));
#2403 = SEAM_CURVE('',#2404,(#2408,#2415),.PCURVE_S1.);
#2404 = LINE('',#2405,#2406);
#2405 = CARTESIAN_POINT('',(-50.8,1.2E+03,-700.));
#2406 = VECTOR('',#2407,1.);
#2407 = DIRECTION('',(0.,0.,1.));
#2408 = PCURVE('',#2302,#2409);
#2409 = DEFINITIONAL_REPRESENTATION('',(#2410),#2414);
#2410 = LINE('',#2411,#2412);
#2411 = CARTESIAN_POINT('',(6.28318530718,-0.));
#2412 = VECTOR('',#2413,1.);
#2413 = DIRECTION('',(0.,1.));
#2414 = ( GEOMETRIC_REPRESENTATION_CONTEXT(2) 
PARAMETRIC_REPRESENTATION_CONTEXT() REPRESENTATION_CONTEXT('2D SPACE',''
  ) );
#2415 = PCURVE('',#2302,#2416);
#2416 = DEFINITIONAL_REPRESENTATION('',(#2417),#2421);
#2417 = LINE('',#2418,#2419);
#2418 = CARTESIAN_POINT('',(0.,-0.));
#2419 = VECTOR('',#2420,1.);
#2420 = DIRECTION('',(0.,1.));
#2421 = ( GEOMETRIC_REPRESENTATION_CONTEXT(2) 
PARAMETRIC_REPRESENTATION_CONTEXT() REPRESENTATION_CONTEXT('2D SPACE',''
  ) );
#2422 = ORIENTED_EDGE('',*,*,#2423,.F.);
#2423 = EDGE_CURVE('',#2401,#2401,#2424,.T.);
#2424 = SURFACE_CURVE('',#2425,(#2430,#2437),.PCURVE_S1.);
#2425 = CIRCLE('',#2426,50.8);
#2426 = AXIS2_PLACEMENT_3D('',#2427,#2428,#2429);
#2427 = CARTESIAN_POINT('',(7.347880794884E-14,1.2E+03,30.));
#2428 = DIRECTION('',(0.,0.,1.));
#2429 = DIRECTION('',(-1.,1.224646799147E-16,0.));
#2430 = PCURVE('',#2302,#2431);
#2431 = DEFINITIONAL_REPRESENTATION('',(#2432),#2436);
#2432 = LINE('',#2433,#2434);
#2433 = CARTESIAN_POINT('',(0.,730.));
#2434 = VECTOR('',#2435,1.);
#2435 = DIRECTION('',(1.,0.));
#2436 = ( GEOMETRIC_REPRESENTATION_CONTEXT(2) 
PARAMETRIC_REPRESENTATION_CONTEXT() REPRESENTATION_CONTEXT('2D SPACE',''
  ) );
#2437 = PCURVE('',#2438,#2443);
#2438 = PLANE('',#2439);
#2439 = AXIS2_PLACEMENT_3D('',#2440,#2441,#2442);
#2440 = CARTESIAN_POINT('',(7.347880794884E-14,1.2E+03,30.));
#2441 = DIRECTION('',(0.,0.,1.));
#2442 = DIRECTION('',(-1.,1.224646799147E-16,0.));
#2443 = DEFINITIONAL_REPRESENTATION('',(#2444),#2448);
#2444 = CIRCLE('',#2445,50.8);
#2445 = AXIS2_PLACEMENT_2D('',#2446,#2447);
#2446 = CARTESIAN_POINT('',(0.,0.));
#2447 = DIRECTION('',(1.,0.));
#2448 = ( GEOMETRIC_REPRESENTATION_CONTEXT(2) 
PARAMETRIC_REPRESENTATION_CONTEXT() REPRESENTATION_CONTEXT('2D SPACE',''
  ) );
#2449 = ORIENTED_EDGE('',*,*,#2400,.F.);
#2450 = ORIENTED_EDGE('',*,*,#2285,.T.);
#2451 = ADVANCED_FACE('',(#2452,#2455),#2438,.T.);
#2452 = FACE_BOUND('',#2453,.T.);
#2453 = EDGE_LOOP('',(#2454));
#2454 = ORIENTED_EDGE('',*,*,#2423,.T.);
#2455 = FACE_BOUND('',#2456,.T.);
#2456 = EDGE_LOOP('',(#2457));
#2457 = ORIENTED_EDGE('',*,*,#2458,.F.);
#2458 = EDGE_CURVE('',#2459,#2459,#2461,.T.);
#2459 = VERTEX_POINT('',#2460);
#2460 = CARTESIAN_POINT('',(-47.2,1.2E+03,30.));
#2461 = SURFACE_CURVE('',#2462,(#2467,#2474),.PCURVE_S1.);
#2462 = CIRCLE('',#2463,47.2);
#2463 = AXIS2_PLACEMENT_3D('',#2464,#2465,#2466);
#2464 = CARTESIAN_POINT('',(7.347880794884E-14,1.2E+03,30.));
#2465 = DIRECTION('',(0.,0.,1.));
#2466 = DIRECTION('',(-1.,1.224646799147E-16,0.));
#2467 = PCURVE('',#2438,#2468);
#2468 = DEFINITIONAL_REPRESENTATION('',(#2469),#2473);
#2469 = CIRCLE('',#2470,47.2);
#2470 = AXIS2_PLACEMENT_2D('',#2471,#2472);
#2471 = CARTESIAN_POINT('',(0.,0.));
#2472 = DIRECTION('',(1.,0.));
#2473 = ( GEOMETRIC_REPRESENTATION_CONTEXT(2) 
PARAMETRIC_REPRESENTATION_CONTEXT() REPRESENTATION_CONTEXT('2D SPACE',''
  ) );
#2474 = PCURVE('',#2475,#2480);
#2475 = CYLINDRICAL_SURFACE('',#2476,47.2);
#2476 = AXIS2_PLACEMENT_3D('',#2477,#2478,#2479);
#2477 = CARTESIAN_POINT('',(7.347880794884E-14,1.2E+03,-701.));
#2478 = DIRECTION('',(0.,0.,1.));
#2479 = DIRECTION('',(-1.,1.224646799147E-16,0.));
#2480 = DEFINITIONAL_REPRESENTATION('',(#2481),#2485);
#2481 = LINE('',#2482,#2483);
#2482 = CARTESIAN_POINT('',(0.,731.));
#2483 = VECTOR('',#2484,1.);
#2484 = DIRECTION('',(1.,0.));
#2485 = ( GEOMETRIC_REPRESENTATION_CONTEXT(2) 
PARAMETRIC_REPRESENTATION_CONTEXT() REPRESENTATION_CONTEXT('2D SPACE',''
  ) );
#2486 = ADVANCED_FACE('',(#2487),#2475,.F.);
#2487 = FACE_BOUND('',#2488,.F.);
#2488 = EDGE_LOOP('',(#2489,#2512,#2513,#2514));
#2489 = ORIENTED_EDGE('',*,*,#2490,.T.);
#2490 = EDGE_CURVE('',#2491,#2459,#2493,.T.);
#2491 = VERTEX_POINT('',#2492);
#2492 = CARTESIAN_POINT('',(-47.2,1.2E+03,-694.));
#2493 = SEAM_CURVE('',#2494,(#2498,#2505),.PCURVE_S1.);
#2494 = LINE('',#2495,#2496);
#2495 = CARTESIAN_POINT('',(-47.2,1.2E+03,-701.));
#2496 = VECTOR('',#2497,1.);
#2497 = DIRECTION('',(0.,0.,1.));
#2498 = PCURVE('',#2475,#2499);
#2499 = DEFINITIONAL_REPRESENTATION('',(#2500),#2504);
#2500 = LINE('',#2501,#2502);
#2501 = CARTESIAN_POINT('',(6.28318530718,-0.));
#2502 = VECTOR('',#2503,1.);
#2503 = DIRECTION('',(0.,1.));
#2504 = ( GEOMETRIC_REPRESENTATION_CONTEXT(2) 
PARAMETRIC_REPRESENTATION_CONTEXT() REPRESENTATION_CONTEXT('2D SPACE',''
  ) );
#2505 = PCURVE('',#2475,#2506);
#2506 = DEFINITIONAL_REPRESENTATION('',(#2507),#2511);
#2507 = LINE('',#2508,#2509);
#2508 = CARTESIAN_POINT('',(0.,-0.));
#2509 = VECTOR('',#2510,1.);
#2510 = DIRECTION('',(0.,1.));
#2511 = ( GEOMETRIC_REPRESENTATION_CONTEXT(2) 
PARAMETRIC_REPRESENTATION_CONTEXT() REPRESENTATION_CONTEXT('2D SPACE',''
  ) );
#2512 = ORIENTED_EDGE('',*,*,#2458,.F.);
#2513 = ORIENTED_EDGE('',*,*,#2490,.F.);
#2514 = ORIENTED_EDGE('',*,*,#2515,.T.);
#2515 = EDGE_CURVE('',#2491,#2491,#2516,.T.);
#2516 = SURFACE_CURVE('',#2517,(#2522,#2529),.PCURVE_S1.);
#2517 = CIRCLE('',#2518,47.2);
#2518 = AXIS2_PLACEMENT_3D('',#2519,#2520,#2521);
#2519 = CARTESIAN_POINT('',(7.347880794884E-14,1.2E+03,-694.));
#2520 = DIRECTION('',(0.,0.,1.));
#2521 = DIRECTION('',(-1.,1.224646799147E-16,0.));
#2522 = PCURVE('',#2475,#2523);
#2523 = DEFINITIONAL_REPRESENTATION('',(#2524),#2528);
#2524 = LINE('',#2525,#2526);
#2525 = CARTESIAN_POINT('',(0.,7.));
#2526 = VECTOR('',#2527,1.);
#2527 = DIRECTION('',(1.,0.));
#2528 = ( GEOMETRIC_REPRESENTATION_CONTEXT(2) 
PARAMETRIC_REPRESENTATION_CONTEXT() REPRESENTATION_CONTEXT('2D SPACE',''
  ) );
#2529 = PCURVE('',#2530,#2535);
#2530 = PLANE('',#2531);
#2531 = AXIS2_PLACEMENT_3D('',#2532,#2533,#2534);
#2532 = CARTESIAN_POINT('',(7.347880794884E-14,1.2E+03,-694.));
#2533 = DIRECTION('',(0.,0.,1.));
#2534 = DIRECTION('',(-1.,1.224646799147E-16,0.));
#2535 = DEFINITIONAL_REPRESENTATION('',(#2536),#2540);
#2536 = CIRCLE('',#2537,47.2);
#2537 = AXIS2_PLACEMENT_2D('',#2538,#2539);
#2538 = CARTESIAN_POINT('',(0.,0.));
#2539 = DIRECTION('',(1.,0.));
#2540 = ( GEOMETRIC_REPRESENTATION_CONTEXT(2) 
PARAMETRIC_REPRESENTATION_CONTEXT() REPRESENTATION_CONTEXT('2D SPACE',''
  ) );
#2541 = ADVANCED_FACE('',(#2542,#2545),#2530,.T.);
#2542 = FACE_BOUND('',#2543,.T.);
#2543 = EDGE_LOOP('',(#2544));
#2544 = ORIENTED_EDGE('',*,*,#2515,.T.);
#2545 = FACE_BOUND('',#2546,.T.);
#2546 = EDGE_LOOP('',(#2547));
#2547 = ORIENTED_EDGE('',*,*,#2548,.F.);
#2548 = EDGE_CURVE('',#2549,#2549,#2551,.T.);
#2549 = VERTEX_POINT('',#2550);
#2550 = CARTESIAN_POINT('',(-44.45,1.2E+03,-694.));
#2551 = SURFACE_CURVE('',#2552,(#2557,#2564),.PCURVE_S1.);
#2552 = CIRCLE('',#2553,44.45);
#2553 = AXIS2_PLACEMENT_3D('',#2554,#2555,#2556);
#2554 = CARTESIAN_POINT('',(7.347880794884E-14,1.2E+03,-694.));
#2555 = DIRECTION('',(0.,0.,1.));
#2556 = DIRECTION('',(-1.,1.224646799147E-16,0.));
#2557 = PCURVE('',#2530,#2558);
#2558 = DEFINITIONAL_REPRESENTATION('',(#2559),#2563);
#2559 = CIRCLE('',#2560,44.45);
#2560 = AXIS2_PLACEMENT_2D('',#2561,#2562);
#2561 = CARTESIAN_POINT('',(0.,0.));
#2562 = DIRECTION('',(1.,0.));
#2563 = ( GEOMETRIC_REPRESENTATION_CONTEXT(2) 
PARAMETRIC_REPRESENTATION_CONTEXT() REPRESENTATION_CONTEXT('2D SPACE',''
  ) );
#2564 = PCURVE('',#2565,#2570);
#2565 = CYLINDRICAL_SURFACE('',#2566,44.45);
#2566 = AXIS2_PLACEMENT_3D('',#2567,#2568,#2569);
#2567 = CARTESIAN_POINT('',(7.347880794884E-14,1.2E+03,-694.));
#2568 = DIRECTION('',(0.,0.,1.));
#2569 = DIRECTION('',(-1.,1.224646799147E-16,0.));
#2570 = DEFINITIONAL_REPRESENTATION('',(#2571),#2575);
#2571 = LINE('',#2572,#2573);
#2572 = CARTESIAN_POINT('',(0.,0.));
#2573 = VECTOR('',#2574,1.);
#2574 = DIRECTION('',(1.,0.));
#2575 = ( GEOMETRIC_REPRESENTATION_CONTEXT(2) 
PARAMETRIC_REPRESENTATION_CONTEXT() REPRESENTATION_CONTEXT('2D SPACE',''
  ) );
#2576 = ADVANCED_FACE('',(#2577,#2679,#3302,#3925,#4548),#2565,.T.);
#2577 = FACE_BOUND('',#2578,.T.);
#2578 = EDGE_LOOP('',(#2579,#2580,#2603,#2632,#2656,#2678));
#2579 = ORIENTED_EDGE('',*,*,#2548,.T.);
#2580 = ORIENTED_EDGE('',*,*,#2581,.T.);
#2581 = EDGE_CURVE('',#2549,#2582,#2584,.T.);
#2582 = VERTEX_POINT('',#2583);
#2583 = CARTESIAN_POINT('',(-44.45,1.2E+03,3.9955E+03));
#2584 = SEAM_CURVE('',#2585,(#2589,#2596),.PCURVE_S1.);
#2585 = LINE('',#2586,#2587);
#2586 = CARTESIAN_POINT('',(-44.45,1.2E+03,-694.));
#2587 = VECTOR('',#2588,1.);
#2588 = DIRECTION('',(0.,0.,1.));
#2589 = PCURVE('',#2565,#2590);
#2590 = DEFINITIONAL_REPRESENTATION('',(#2591),#2595);
#2591 = LINE('',#2592,#2593);
#2592 = CARTESIAN_POINT('',(0.,-0.));
#2593 = VECTOR('',#2594,1.);
#2594 = DIRECTION('',(0.,1.));
#2595 = ( GEOMETRIC_REPRESENTATION_CONTEXT(2) 
PARAMETRIC_REPRESENTATION_CONTEXT() REPRESENTATION_CONTEXT('2D SPACE',''
  ) );
#2596 = PCURVE('',#2565,#2597);
#2597 = DEFINITIONAL_REPRESENTATION('',(#2598),#2602);
#2598 = LINE('',#2599,#2600);
#2599 = CARTESIAN_POINT('',(6.28318530718,-0.));
#2600 = VECTOR('',#2601,1.);
#2601 = DIRECTION('',(0.,1.));
#2602 = ( GEOMETRIC_REPRESENTATION_CONTEXT(2) 
PARAMETRIC_REPRESENTATION_CONTEXT() REPRESENTATION_CONTEXT('2D SPACE',''
  ) );
#2603 = ORIENTED_EDGE('',*,*,#2604,.F.);
#2604 = EDGE_CURVE('',#2605,#2582,#2607,.T.);
#2605 = VERTEX_POINT('',#2606);
#2606 = CARTESIAN_POINT('',(8.708769550437E-14,1.24445E+03,3.9955E+03));
#2607 = SURFACE_CURVE('',#2608,(#2613,#2620),.PCURVE_S1.);
#2608 = CIRCLE('',#2609,44.45);
#2609 = AXIS2_PLACEMENT_3D('',#2610,#2611,#2612);
#2610 = CARTESIAN_POINT('',(7.347880794884E-14,1.2E+03,3.9955E+03));
#2611 = DIRECTION('',(0.,0.,1.));
#2612 = DIRECTION('',(-1.,1.224646799147E-16,0.));
#2613 = PCURVE('',#2565,#2614);
#2614 = DEFINITIONAL_REPRESENTATION('',(#2615),#2619);
#2615 = LINE('',#2616,#2617);
#2616 = CARTESIAN_POINT('',(0.,4.6895E+03));
#2617 = VECTOR('',#2618,1.);
#2618 = DIRECTION('',(1.,0.));
#2619 = ( GEOMETRIC_REPRESENTATION_CONTEXT(2) 
PARAMETRIC_REPRESENTATION_CONTEXT() REPRESENTATION_CONTEXT('2D SPACE',''
  ) );
#2620 = PCURVE('',#2621,#2626);
#2621 = PLANE('',#2622);
#2622 = AXIS2_PLACEMENT_3D('',#2623,#2624,#2625);
#2623 = CARTESIAN_POINT('',(7.347880794884E-14,1.2E+03,3.9955E+03));
#2624 = DIRECTION('',(0.,0.,1.));
#2625 = DIRECTION('',(-1.,1.224646799147E-16,0.));
#2626 = DEFINITIONAL_REPRESENTATION('',(#2627),#2631);
#2627 = CIRCLE('',#2628,44.45);
#2628 = AXIS2_PLACEMENT_2D('',#2629,#2630);
#2629 = CARTESIAN_POINT('',(0.,0.));
#2630 = DIRECTION('',(1.,0.));
#2631 = ( GEOMETRIC_REPRESENTATION_CONTEXT(2) 
PARAMETRIC_REPRESENTATION_CONTEXT() REPRESENTATION_CONTEXT('2D SPACE',''
  ) );
#2632 = ORIENTED_EDGE('',*,*,#2633,.F.);
#2633 = EDGE_CURVE('',#2634,#2605,#2636,.T.);
#2634 = VERTEX_POINT('',#2635);
#2635 = CARTESIAN_POINT('',(6.531347541553E-14,1.15555E+03,3.9955E+03));
#2636 = SURFACE_CURVE('',#2637,(#2642,#2649),.PCURVE_S1.);
#2637 = CIRCLE('',#2638,44.45);
#2638 = AXIS2_PLACEMENT_3D('',#2639,#2640,#2641);
#2639 = CARTESIAN_POINT('',(7.347880794884E-14,1.2E+03,3.9955E+03));
#2640 = DIRECTION('',(0.,0.,1.));
#2641 = DIRECTION('',(-1.,1.224646799147E-16,0.));
#2642 = PCURVE('',#2565,#2643);
#2643 = DEFINITIONAL_REPRESENTATION('',(#2644),#2648);
#2644 = LINE('',#2645,#2646);
#2645 = CARTESIAN_POINT('',(0.,4.6895E+03));
#2646 = VECTOR('',#2647,1.);
#2647 = DIRECTION('',(1.,0.));
#2648 = ( GEOMETRIC_REPRESENTATION_CONTEXT(2) 
PARAMETRIC_REPRESENTATION_CONTEXT() REPRESENTATION_CONTEXT('2D SPACE',''
  ) );
#2649 = PCURVE('',#2621,#2650);
#2650 = DEFINITIONAL_REPRESENTATION('',(#2651),#2655);
#2651 = CIRCLE('',#2652,44.45);
#2652 = AXIS2_PLACEMENT_2D('',#2653,#2654);
#2653 = CARTESIAN_POINT('',(0.,0.));
#2654 = DIRECTION('',(1.,0.));
#2655 = ( GEOMETRIC_REPRESENTATION_CONTEXT(2) 
PARAMETRIC_REPRESENTATION_CONTEXT() REPRESENTATION_CONTEXT('2D SPACE',''
  ) );
#2656 = ORIENTED_EDGE('',*,*,#2657,.F.);
#2657 = EDGE_CURVE('',#2582,#2634,#2658,.T.);
#2658 = SURFACE_CURVE('',#2659,(#2664,#2671),.PCURVE_S1.);
#2659 = CIRCLE('',#2660,44.45);
#2660 = AXIS2_PLACEMENT_3D('',#2661,#2662,#2663);
#2661 = CARTESIAN_POINT('',(7.347880794884E-14,1.2E+03,3.9955E+03));
#2662 = DIRECTION('',(0.,0.,1.));
#2663 = DIRECTION('',(-1.,1.224646799147E-16,0.));
#2664 = PCURVE('',#2565,#2665);
#2665 = DEFINITIONAL_REPRESENTATION('',(#2666),#2670);
#2666 = LINE('',#2667,#2668);
#2667 = CARTESIAN_POINT('',(0.,4.6895E+03));
#2668 = VECTOR('',#2669,1.);
#2669 = DIRECTION('',(1.,0.));
#2670 = ( GEOMETRIC_REPRESENTATION_CONTEXT(2) 
PARAMETRIC_REPRESENTATION_CONTEXT() REPRESENTATION_CONTEXT('2D SPACE',''
  ) );
#2671 = PCURVE('',#2621,#2672);
#2672 = DEFINITIONAL_REPRESENTATION('',(#2673),#2677);
#2673 = CIRCLE('',#2674,44.45);
#2674 = AXIS2_PLACEMENT_2D('',#2675,#2676);
#2675 = CARTESIAN_POINT('',(0.,0.));
#2676 = DIRECTION('',(1.,0.));
#2677 = ( GEOMETRIC_REPRESENTATION_CONTEXT(2) 
PARAMETRIC_REPRESENTATION_CONTEXT() REPRESENTATION_CONTEXT('2D SPACE',''
  ) );
#2678 = ORIENTED_EDGE('',*,*,#2581,.F.);
#2679 = FACE_BOUND('',#2680,.T.);
#2680 = EDGE_LOOP('',(#2681,#2996));
#2681 = ORIENTED_EDGE('',*,*,#2682,.F.);
#2682 = EDGE_CURVE('',#2683,#2685,#2687,.T.);
#2683 = VERTEX_POINT('',#2684);
#2684 = CARTESIAN_POINT('',(7.011715248518E-14,1.15555E+03,3.289E+03));
#2685 = VERTEX_POINT('',#2686);
#2686 = CARTESIAN_POINT('',(-2.941103034237E-06,1.15555E+03,
    3.271999999999E+03));
#2687 = SURFACE_CURVE('',#2688,(#2787,#2889),.PCURVE_S1.);
#2688 = B_SPLINE_CURVE_WITH_KNOTS('',7,(#2689,#2690,#2691,#2692,#2693,
    #2694,#2695,#2696,#2697,#2698,#2699,#2700,#2701,#2702,#2703,#2704,
    #2705,#2706,#2707,#2708,#2709,#2710,#2711,#2712,#2713,#2714,#2715,
    #2716,#2717,#2718,#2719,#2720,#2721,#2722,#2723,#2724,#2725,#2726,
    #2727,#2728,#2729,#2730,#2731,#2732,#2733,#2734,#2735,#2736,#2737,
    #2738,#2739,#2740,#2741,#2742,#2743,#2744,#2745,#2746,#2747,#2748,
    #2749,#2750,#2751,#2752,#2753,#2754,#2755,#2756,#2757,#2758,#2759,
    #2760,#2761,#2762,#2763,#2764,#2765,#2766,#2767,#2768,#2769,#2770,
    #2771,#2772,#2773,#2774,#2775,#2776,#2777,#2778,#2779,#2780,#2781,
    #2782,#2783,#2784,#2785,#2786),.UNSPECIFIED.,.T.,.F.,(8,6,6,6,6,6,6,
    6,6,6,6,6,6,6,6,6,8),(0.,4.605948873407E-02,7.47746461615E-02,
    0.114512392096,0.147988205657,0.249321386099,0.350795670895,
    0.425904607443,0.501688361319,0.574537394954,0.676859647929,
    0.749916946816,0.824953317247,0.885615423576,0.92530883953,
    0.953991962869,1.),.UNSPECIFIED.);
#2689 = CARTESIAN_POINT('',(6.803525292663E-14,1.15555E+03,3.289E+03));
#2690 = CARTESIAN_POINT('',(-0.428245168176,1.15555E+03,3.289E+03));
#2691 = CARTESIAN_POINT('',(-0.855687851493,1.155554813427E+03,
    3.288974828186E+03));
#2692 = CARTESIAN_POINT('',(-1.279291106568,1.155564408142E+03,
    3.288924654896E+03));
#2693 = CARTESIAN_POINT('',(-1.696056843656,1.155578549493E+03,
    3.288850249717E+03));
#2694 = CARTESIAN_POINT('',(-2.103100592434,1.155596809096E+03,
    3.288752970331E+03));
#2695 = CARTESIAN_POINT('',(-2.497724755095,1.155618599618E+03,
    3.288634756314E+03));
#2696 = CARTESIAN_POINT('',(-3.114250003629,1.155658594542E+03,
    3.288412948726E+03));
#2697 = CARTESIAN_POINT('',(-3.345531860915,1.155675078724E+03,
    3.288320505387E+03));
#2698 = CARTESIAN_POINT('',(-3.571115949409,1.155692552629E+03,
    3.288221233072E+03));
#2699 = CARTESIAN_POINT('',(-3.790807186976,1.15571087841E+03,
    3.288115570964E+03));
#2700 = CARTESIAN_POINT('',(-4.004435333064,1.155729918027E+03,
    3.288003962497E+03));
#2701 = CARTESIAN_POINT('',(-4.211854943232,1.155749535394E+03,
    3.287886855656E+03));
#2702 = CARTESIAN_POINT('',(-4.691226174782,1.155797363109E+03,
    3.287595661514E+03));
#2703 = CARTESIAN_POINT('',(-4.957441308657,1.155825986983E+03,
    3.287416923701E+03));
#2704 = CARTESIAN_POINT('',(-5.211619806092,1.155855155935E+03,
    3.287229465589E+03));
#2705 = CARTESIAN_POINT('',(-5.453837783833,1.15588458244E+03,
    3.287034178325E+03));
#2706 = CARTESIAN_POINT('',(-5.684209156838,1.155914005855E+03,
    3.28683187567E+03));
#2707 = CARTESIAN_POINT('',(-5.902876400513,1.155943192613E+03,
    3.28662330122E+03));
#2708 = CARTESIAN_POINT('',(-6.284487177469,1.155996150707E+03,
    3.286228718578E+03));
#2709 = CARTESIAN_POINT('',(-6.450818393411,1.156020055627E+03,
    3.286044296145E+03));
#2710 = CARTESIAN_POINT('',(-6.609123837847,1.156043532621E+03,
    3.285856231666E+03));
#2711 = CARTESIAN_POINT('',(-6.759530052381,1.156066475424E+03,
    3.285664856436E+03));
#2712 = CARTESIAN_POINT('',(-6.902161272034,1.156088789292E+03,
    3.285470469779E+03));
#2713 = CARTESIAN_POINT('',(-7.037139454105,1.156110390253E+03,
    3.285273339111E+03));
#2714 = CARTESIAN_POINT('',(-7.550367082884,1.156194209801E+03,
    3.284469381131E+03));
#2715 = CARTESIAN_POINT('',(-7.867275525326,1.156250030658E+03,
    3.283841833507E+03));
#2716 = CARTESIAN_POINT('',(-8.11826461429,1.156296560801E+03,
    3.283197930254E+03));
#2717 = CARTESIAN_POINT('',(-8.305742477778,1.156332459266E+03,
    3.282542770908E+03));
#2718 = CARTESIAN_POINT('',(-8.431415974369,1.1563569183E+03,
    3.281880360231E+03));
#2719 = CARTESIAN_POINT('',(-8.496153945143,1.156369530343E+03,
    3.281214136097E+03));
#2720 = CARTESIAN_POINT('',(-8.503587496908,1.156370978534E+03,
    3.279879628318E+03));
#2721 = CARTESIAN_POINT('',(-8.446108822534,1.156359780755E+03,
    3.279212092688E+03));
#2722 = CARTESIAN_POINT('',(-8.327582428542,1.156336668653E+03,
    3.278548019455E+03));
#2723 = CARTESIAN_POINT('',(-8.14720312882,1.156302020369E+03,
    3.27789084538E+03));
#2724 = CARTESIAN_POINT('',(-7.903326172927,1.156256612317E+03,
    3.277244542089E+03));
#2725 = CARTESIAN_POINT('',(-7.593596528823,1.156201747356E+03,
    3.276614140044E+03));
#2726 = CARTESIAN_POINT('',(-6.934930782445,1.156093396293E+03,
    3.275556562146E+03));
#2727 = CARTESIAN_POINT('',(-6.616870939821,1.156043218987E+03,
    3.27511878802E+03));
#2728 = CARTESIAN_POINT('',(-6.259614383846,1.155989775028E+03,
    3.27469584752E+03));
#2729 = CARTESIAN_POINT('',(-5.861782144443,1.155934127037E+03,
    3.274291213616E+03));
#2730 = CARTESIAN_POINT('',(-5.42203617592,1.155877657777E+03,
    3.27390917452E+03));
#2731 = CARTESIAN_POINT('',(-4.939281089723,1.155822111987E+03,
    3.273555019489E+03));
#2732 = CARTESIAN_POINT('',(-3.881880686345,1.15571661328E+03,
    3.272912701421E+03));
#2733 = CARTESIAN_POINT('',(-3.300584852188,1.155666129627E+03,
    3.272621597586E+03));
#2734 = CARTESIAN_POINT('',(-2.674800018312,1.155621240228E+03,
    3.27237502589E+03));
#2735 = CARTESIAN_POINT('',(-2.012376015056,1.155585103193E+03,
    3.272183345986E+03));
#2736 = CARTESIAN_POINT('',(-1.322832489035,1.155560367439E+03,
    3.27205422633E+03));
#2737 = CARTESIAN_POINT('',(-0.616786692172,1.155548585201E+03,
    3.271992600977E+03));
#2738 = CARTESIAN_POINT('',(0.778617628246,1.155551557825E+03,
    3.272008146982E+03));
#2739 = CARTESIAN_POINT('',(1.454842188688,1.155565275576E+03,
    3.272079894177E+03));
#2740 = CARTESIAN_POINT('',(2.113807333521,1.155590737183E+03,
    3.272213302215E+03));
#2741 = CARTESIAN_POINT('',(2.746445693359,1.155626429567E+03,
    3.27240359843E+03));
#2742 = CARTESIAN_POINT('',(3.344669463657,1.155669974757E+03,
    3.272643811187E+03));
#2743 = CARTESIAN_POINT('',(3.901807036607,1.155718601367E+03,
    3.272924805687E+03));
#2744 = CARTESIAN_POINT('',(5.130879639424,1.155841228113E+03,
    3.273671406063E+03));
#2745 = CARTESIAN_POINT('',(5.767420397923,1.155918467986E+03,
    3.274171389731E+03));
#2746 = CARTESIAN_POINT('',(6.324344130713,1.155995982945E+03,
    3.274718660066E+03));
#2747 = CARTESIAN_POINT('',(6.805063950956,1.156069698897E+03,
    3.27530110423E+03));
#2748 = CARTESIAN_POINT('',(7.213365828294,1.15613683965E+03,
    3.275909799666E+03));
#2749 = CARTESIAN_POINT('',(7.552664864293,1.156195472985E+03,
    3.276538210968E+03));
#2750 = CARTESIAN_POINT('',(8.020343379921,1.156279115281E+03,
    3.277641131053E+03));
#2751 = CARTESIAN_POINT('',(8.18129369827,1.156308944922E+03,
    3.278108256033E+03));
#2752 = CARTESIAN_POINT('',(8.30920125007,1.156333259205E+03,
    3.278581135316E+03));
#2753 = CARTESIAN_POINT('',(8.404701346911,1.15635171345E+03,
    3.279058134277E+03));
#2754 = CARTESIAN_POINT('',(8.468228163353,1.156364089781E+03,
    3.279537821537E+03));
#2755 = CARTESIAN_POINT('',(8.5,1.156370279625E+03,3.280018876881E+03));
#2756 = CARTESIAN_POINT('',(8.5,1.156370279625E+03,3.28099415641E+03));
#2757 = CARTESIAN_POINT('',(8.466483465885,1.156363749874E+03,
    3.281488234942E+03));
#2758 = CARTESIAN_POINT('',(8.399470341972,1.156350694347E+03,
    3.281980829811E+03));
#2759 = CARTESIAN_POINT('',(8.298717331309,1.156331233776E+03,
    3.282470513401E+03));
#2760 = CARTESIAN_POINT('',(8.163740349706,1.15630561042E+03,
    3.282955731296E+03));
#2761 = CARTESIAN_POINT('',(7.993831692399,1.156274208609E+03,
    3.283434696176E+03));
#2762 = CARTESIAN_POINT('',(7.62172829191,1.156207988121E+03,
    3.284285717985E+03));
#2763 = CARTESIAN_POINT('',(7.43195761851,1.156174977092E+03,
    3.284660667784E+03));
#2764 = CARTESIAN_POINT('',(7.218231229904,1.156138847534E+03,
    3.285029110257E+03));
#2765 = CARTESIAN_POINT('',(6.979905410596,1.156099961768E+03,
    3.285389826063E+03));
#2766 = CARTESIAN_POINT('',(6.716261053939,1.15605877652E+03,
    3.285741334807E+03));
#2767 = CARTESIAN_POINT('',(6.426543323257,1.156015864571E+03,
    3.286081833604E+03));
#2768 = CARTESIAN_POINT('',(5.902876396901,1.155943192612E+03,
    3.286623301223E+03));
#2769 = CARTESIAN_POINT('',(5.684209161216,1.155914005856E+03,
    3.286831875667E+03));
#2770 = CARTESIAN_POINT('',(5.453837786785,1.15588458244E+03,
    3.287034178322E+03));
#2771 = CARTESIAN_POINT('',(5.211619802203,1.155855155934E+03,
    3.287229465591E+03));
#2772 = CARTESIAN_POINT('',(4.957441304472,1.155825986982E+03,
    3.287416923704E+03));
#2773 = CARTESIAN_POINT('',(4.691226179678,1.15579736311E+03,
    3.287595661511E+03));
#2774 = CARTESIAN_POINT('',(4.211854943236,1.155749535394E+03,
    3.287886855656E+03));
#2775 = CARTESIAN_POINT('',(4.004435333065,1.155729918027E+03,
    3.288003962497E+03));
#2776 = CARTESIAN_POINT('',(3.790807186973,1.15571087841E+03,
    3.288115570964E+03));
#2777 = CARTESIAN_POINT('',(3.571115949405,1.155692552629E+03,
    3.288221233072E+03));
#2778 = CARTESIAN_POINT('',(3.345531860915,1.155675078724E+03,
    3.288320505387E+03));
#2779 = CARTESIAN_POINT('',(3.114250003634,1.155658594542E+03,
    3.288412948726E+03));
#2780 = CARTESIAN_POINT('',(2.49772532056,1.155618599655E+03,
    3.28863475611E+03));
#2781 = CARTESIAN_POINT('',(2.103101010807,1.155596809112E+03,
    3.288752970251E+03));
#2782 = CARTESIAN_POINT('',(1.696056608845,1.155578549469E+03,
    3.288850249849E+03));
#2783 = CARTESIAN_POINT('',(1.279290039012,1.155564408095E+03,
    3.288924655142E+03));
#2784 = CARTESIAN_POINT('',(0.855686192684,1.155554813393E+03,
    3.288974828362E+03));
#2785 = CARTESIAN_POINT('',(0.428243665824,1.15555E+03,3.289E+03));
#2786 = CARTESIAN_POINT('',(6.803525292663E-14,1.15555E+03,3.289E+03));
#2787 = PCURVE('',#2565,#2788);
#2788 = DEFINITIONAL_REPRESENTATION('',(#2789),#2888);
#2789 = B_SPLINE_CURVE_WITH_KNOTS('',7,(#2790,#2791,#2792,#2793,#2794,
    #2795,#2796,#2797,#2798,#2799,#2800,#2801,#2802,#2803,#2804,#2805,
    #2806,#2807,#2808,#2809,#2810,#2811,#2812,#2813,#2814,#2815,#2816,
    #2817,#2818,#2819,#2820,#2821,#2822,#2823,#2824,#2825,#2826,#2827,
    #2828,#2829,#2830,#2831,#2832,#2833,#2834,#2835,#2836,#2837,#2838,
    #2839,#2840,#2841,#2842,#2843,#2844,#2845,#2846,#2847,#2848,#2849,
    #2850,#2851,#2852,#2853,#2854,#2855,#2856,#2857,#2858,#2859,#2860,
    #2861,#2862,#2863,#2864,#2865,#2866,#2867,#2868,#2869,#2870,#2871,
    #2872,#2873,#2874,#2875,#2876,#2877,#2878,#2879,#2880,#2881,#2882,
    #2883,#2884,#2885,#2886,#2887),.UNSPECIFIED.,.T.,.F.,(8,6,6,6,6,6,6,
    6,6,6,6,6,6,6,6,6,8),(0.,4.605948873407E-02,7.47746461615E-02,
    0.114512392096,0.147988205657,0.249321386099,0.350795670895,
    0.425904607443,0.501688361319,0.574537394954,0.676859647929,
    0.749916946816,0.824953317247,0.885615423576,0.92530883953,
    0.953991962869,1.),.UNSPECIFIED.);
#2790 = CARTESIAN_POINT('',(1.570796326795,3.983E+03));
#2791 = CARTESIAN_POINT('',(1.5611620148,3.983E+03));
#2792 = CARTESIAN_POINT('',(1.551545755628,3.982974828186E+03));
#2793 = CARTESIAN_POINT('',(1.54201441603,3.982924654896E+03));
#2794 = CARTESIAN_POINT('',(1.532633997008,3.982850249717E+03));
#2795 = CARTESIAN_POINT('',(1.523468250294,3.982752970331E+03));
#2796 = CARTESIAN_POINT('',(1.514577202395,3.982634756314E+03));
#2797 = CARTESIAN_POINT('',(1.500677963876,3.982412948726E+03));
#2798 = CARTESIAN_POINT('',(1.49546167961,3.982320505387E+03));
#2799 = CARTESIAN_POINT('',(1.490371619825,3.982221233072E+03));
#2800 = CARTESIAN_POINT('',(1.485412168417,3.982115570964E+03));
#2801 = CARTESIAN_POINT('',(1.48058720137,3.982003962497E+03));
#2802 = CARTESIAN_POINT('',(1.475900081359,3.981886855656E+03));
#2803 = CARTESIAN_POINT('',(1.465062032965,3.981595661514E+03));
#2804 = CARTESIAN_POINT('',(1.459038597719,3.981416923701E+03));
#2805 = CARTESIAN_POINT('',(1.453282991715,3.981229465589E+03));
#2806 = CARTESIAN_POINT('',(1.447793901371,3.981034178325E+03));
#2807 = CARTESIAN_POINT('',(1.442569229605,3.98083187567E+03));
#2808 = CARTESIAN_POINT('',(1.437606271031,3.98062330122E+03));
#2809 = CARTESIAN_POINT('',(1.428938827001,3.980228718578E+03));
#2810 = CARTESIAN_POINT('',(1.425158438626,3.980044296145E+03));
#2811 = CARTESIAN_POINT('',(1.421558115806,3.979856231666E+03));
#2812 = CARTESIAN_POINT('',(1.418135306972,3.979664856436E+03));
#2813 = CARTESIAN_POINT('',(1.414887508075,3.979470469779E+03));
#2814 = CARTESIAN_POINT('',(1.411812255441,3.979273339111E+03));
#2815 = CARTESIAN_POINT('',(1.400113105255,3.978469381131E+03));
#2816 = CARTESIAN_POINT('',(1.392874357975,3.977841833507E+03));
#2817 = CARTESIAN_POINT('',(1.387131822515,3.977197930254E+03));
#2818 = CARTESIAN_POINT('',(1.382837478404,3.976542770908E+03));
#2819 = CARTESIAN_POINT('',(1.379957142776,3.975880360231E+03));
#2820 = CARTESIAN_POINT('',(1.37847333552,3.975214136097E+03));
#2821 = CARTESIAN_POINT('',(1.378302957454,3.973879628318E+03));
#2822 = CARTESIAN_POINT('',(1.379620380369,3.973212092688E+03));
#2823 = CARTESIAN_POINT('',(1.382337099437,3.972548019455E+03));
#2824 = CARTESIAN_POINT('',(1.386469313745,3.97189084538E+03));
#2825 = CARTESIAN_POINT('',(1.392049947733,3.971244542089E+03));
#2826 = CARTESIAN_POINT('',(1.399125942326,3.970614140044E+03));
#2827 = CARTESIAN_POINT('',(1.414143224176,3.969556562146E+03));
#2828 = CARTESIAN_POINT('',(1.421387015701,3.96911878802E+03));
#2829 = CARTESIAN_POINT('',(1.429513286426,3.96869584752E+03));
#2830 = CARTESIAN_POINT('',(1.438549699591,3.968291213616E+03));
#2831 = CARTESIAN_POINT('',(1.448522751082,3.96790917452E+03));
#2832 = CARTESIAN_POINT('',(1.459453788257,3.967555019489E+03));
#2833 = CARTESIAN_POINT('',(1.483360430937,3.966912701421E+03));
#2834 = CARTESIAN_POINT('',(1.496486097592,3.966621597586E+03));
#2835 = CARTESIAN_POINT('',(1.510598044744,3.96637502589E+03));
#2836 = CARTESIAN_POINT('',(1.525518625055,3.966183345986E+03));
#2837 = CARTESIAN_POINT('',(1.54103687933,3.96605422633E+03));
#2838 = CARTESIAN_POINT('',(1.556920326009,3.965992600977E+03));
#2839 = CARTESIAN_POINT('',(1.588313070366,3.966008146982E+03));
#2840 = CARTESIAN_POINT('',(1.603526845963,3.966079894177E+03));
#2841 = CARTESIAN_POINT('',(1.618358835556,3.966213302215E+03));
#2842 = CARTESIAN_POINT('',(1.632610372122,3.96640359843E+03));
#2843 = CARTESIAN_POINT('',(1.646102023396,3.966643811187E+03));
#2844 = CARTESIAN_POINT('',(1.658682735187,3.966924805687E+03));
#2845 = CARTESIAN_POINT('',(1.686470694648,3.967671406063E+03));
#2846 = CARTESIAN_POINT('',(1.700892836835,3.968171389731E+03));
#2847 = CARTESIAN_POINT('',(1.713540282177,3.968718660066E+03));
#2848 = CARTESIAN_POINT('',(1.724480249553,3.96930110423E+03));
#2849 = CARTESIAN_POINT('',(1.733788730619,3.969909799666E+03));
#2850 = CARTESIAN_POINT('',(1.741535009163,3.970538210968E+03));
#2851 = CARTESIAN_POINT('',(1.752223404585,3.971641131053E+03));
#2852 = CARTESIAN_POINT('',(1.755905924232,3.972108256033E+03));
#2853 = CARTESIAN_POINT('',(1.758834983287,3.972581135316E+03));
#2854 = CARTESIAN_POINT('',(1.761023211016,3.973058134277E+03));
#2855 = CARTESIAN_POINT('',(1.762479254398,3.973537821537E+03));
#2856 = CARTESIAN_POINT('',(1.763207470196,3.974018876881E+03));
#2857 = CARTESIAN_POINT('',(1.763207470196,3.97499415641E+03));
#2858 = CARTESIAN_POINT('',(1.762439265577,3.975488234942E+03));
#2859 = CARTESIAN_POINT('',(1.760903315761,3.975980829811E+03));
#2860 = CARTESIAN_POINT('',(1.758594763524,3.976470513401E+03));
#2861 = CARTESIAN_POINT('',(1.755503965436,3.976955731296E+03));
#2862 = CARTESIAN_POINT('',(1.751616849905,3.977434696176E+03));
#2863 = CARTESIAN_POINT('',(1.743114040998,3.978285717985E+03));
#2864 = CARTESIAN_POINT('',(1.738780660916,3.978660667784E+03));
#2865 = CARTESIAN_POINT('',(1.73390428399,3.979029110257E+03));
#2866 = CARTESIAN_POINT('',(1.728471901854,3.979389826063E+03));
#2867 = CARTESIAN_POINT('',(1.722468989342,3.979741334807E+03));
#2868 = CARTESIAN_POINT('',(1.715880317472,3.980081833604E+03));
#2869 = CARTESIAN_POINT('',(1.703986382477,3.980623301223E+03));
#2870 = CARTESIAN_POINT('',(1.699023424084,3.980831875667E+03));
#2871 = CARTESIAN_POINT('',(1.693798752286,3.981034178322E+03));
#2872 = CARTESIAN_POINT('',(1.688309661787,3.981229465591E+03));
#2873 = CARTESIAN_POINT('',(1.682554055776,3.981416923704E+03));
#2874 = CARTESIAN_POINT('',(1.676530620735,3.981595661511E+03));
#2875 = CARTESIAN_POINT('',(1.665692572231,3.981886855656E+03));
#2876 = CARTESIAN_POINT('',(1.66100545222,3.982003962497E+03));
#2877 = CARTESIAN_POINT('',(1.656180485173,3.982115570964E+03));
#2878 = CARTESIAN_POINT('',(1.651221033765,3.982221233072E+03));
#2879 = CARTESIAN_POINT('',(1.64613097398,3.982320505387E+03));
#2880 = CARTESIAN_POINT('',(1.640914689714,3.982412948726E+03));
#2881 = CARTESIAN_POINT('',(1.627015463943,3.98263475611E+03));
#2882 = CARTESIAN_POINT('',(1.618124412711,3.982752970251E+03));
#2883 = CARTESIAN_POINT('',(1.60895865128,3.982850249849E+03));
#2884 = CARTESIAN_POINT('',(1.599578213527,3.982924655142E+03));
#2885 = CARTESIAN_POINT('',(1.590046860643,3.982974828362E+03));
#2886 = CARTESIAN_POINT('',(1.580430604991,3.983E+03));
#2887 = CARTESIAN_POINT('',(1.570796326795,3.983E+03));
#2888 = ( GEOMETRIC_REPRESENTATION_CONTEXT(2) 
PARAMETRIC_REPRESENTATION_CONTEXT() REPRESENTATION_CONTEXT('2D SPACE',''
  ) );
#2889 = PCURVE('',#2890,#2895);
#2890 = CYLINDRICAL_SURFACE('',#2891,8.5);
#2891 = AXIS2_PLACEMENT_3D('',#2892,#2893,#2894);
#2892 = CARTESIAN_POINT('',(8.082668874373E-14,1.26E+03,3.2805E+03));
#2893 = DIRECTION('',(-1.224646799147E-16,-1.,0.));
#2894 = DIRECTION('',(0.,0.,1.));
#2895 = DEFINITIONAL_REPRESENTATION('',(#2896),#2995);
#2896 = B_SPLINE_CURVE_WITH_KNOTS('',7,(#2897,#2898,#2899,#2900,#2901,
    #2902,#2903,#2904,#2905,#2906,#2907,#2908,#2909,#2910,#2911,#2912,
    #2913,#2914,#2915,#2916,#2917,#2918,#2919,#2920,#2921,#2922,#2923,
    #2924,#2925,#2926,#2927,#2928,#2929,#2930,#2931,#2932,#2933,#2934,
    #2935,#2936,#2937,#2938,#2939,#2940,#2941,#2942,#2943,#2944,#2945,
    #2946,#2947,#2948,#2949,#2950,#2951,#2952,#2953,#2954,#2955,#2956,
    #2957,#2958,#2959,#2960,#2961,#2962,#2963,#2964,#2965,#2966,#2967,
    #2968,#2969,#2970,#2971,#2972,#2973,#2974,#2975,#2976,#2977,#2978,
    #2979,#2980,#2981,#2982,#2983,#2984,#2985,#2986,#2987,#2988,#2989,
    #2990,#2991,#2992,#2993,#2994),.UNSPECIFIED.,.F.,.F.,(8,6,6,6,6,6,6,
    6,6,6,6,6,6,6,6,6,8),(0.,4.605948873407E-02,7.47746461615E-02,
    0.114512392096,0.147988205657,0.249321386099,0.350795670895,
    0.425904607443,0.501688361319,0.574537394954,0.676859647929,
    0.749916946816,0.824953317247,0.885615423576,0.92530883953,
    0.953991962869,1.),.UNSPECIFIED.);
#2897 = CARTESIAN_POINT('',(0.,104.45));
#2898 = CARTESIAN_POINT('',(5.038178449132E-02,104.45));
#2899 = CARTESIAN_POINT('',(0.100669155071,104.44518657313));
#2900 = CARTESIAN_POINT('',(0.150713728618,104.43559185819));
#2901 = CARTESIAN_POINT('',(0.200368069934,104.42145050657));
#2902 = CARTESIAN_POINT('',(0.249477301949,104.4031909043));
#2903 = CARTESIAN_POINT('',(0.29787057339,104.38140038217));
#2904 = CARTESIAN_POINT('',(0.374954268367,104.34140545751));
#2905 = CARTESIAN_POINT('',(0.404239072377,104.32492127575));
#2906 = CARTESIAN_POINT('',(0.433207456971,104.30744737089));
#2907 = CARTESIAN_POINT('',(0.461858646442,104.28912158976));
#2908 = CARTESIAN_POINT('',(0.490190420655,104.27008197329));
#2909 = CARTESIAN_POINT('',(0.51819910737,104.25046460556));
#2910 = CARTESIAN_POINT('',(0.584185454489,104.20263689058));
#2911 = CARTESIAN_POINT('',(0.621870398933,104.17401301734));
#2912 = CARTESIAN_POINT('',(0.658969371143,104.14484406523));
#2913 = CARTESIAN_POINT('',(0.69551422893,104.1154175604));
#2914 = CARTESIAN_POINT('',(0.731534327062,104.08599414463));
#2915 = CARTESIAN_POINT('',(0.767057119665,104.056807387));
#2916 = CARTESIAN_POINT('',(0.831636916189,104.00384929259));
#2917 = CARTESIAN_POINT('',(0.860836855534,103.97994437316));
#2918 = CARTESIAN_POINT('',(0.889730412876,103.95646737916));
#2919 = CARTESIAN_POINT('',(0.918337817008,103.93352457649));
#2920 = CARTESIAN_POINT('',(0.946678388844,103.91121070799));
#2921 = CARTESIAN_POINT('',(0.974771236986,103.88960974673));
#2922 = CARTESIAN_POINT('',(1.086984025006,103.8057901989));
#2923 = CARTESIAN_POINT('',(1.169275997837,103.74996934218));
#2924 = CARTESIAN_POINT('',(1.249994948767,103.70343919886));
#2925 = CARTESIAN_POINT('',(1.329559230482,103.66754073402));
#2926 = CARTESIAN_POINT('',(1.408358140612,103.64308170022));
#2927 = CARTESIAN_POINT('',(1.486779069581,103.63046965664));
#2928 = CARTESIAN_POINT('',(1.64378242043,103.62902146554));
#2929 = CARTESIAN_POINT('',(1.722277547536,103.64021924514));
#2930 = CARTESIAN_POINT('',(1.801115328724,103.66333134725));
#2931 = CARTESIAN_POINT('',(1.88068227619,103.69797963062));
#2932 = CARTESIAN_POINT('',(1.961366413563,103.74338768311));
#2933 = CARTESIAN_POINT('',(2.043584306006,103.79825264392));
#2934 = CARTESIAN_POINT('',(2.1901628901,103.9066037067));
#2935 = CARTESIAN_POINT('',(2.253662199918,103.95678101278));
#2936 = CARTESIAN_POINT('',(2.318513226514,104.0102249716));
#2937 = CARTESIAN_POINT('',(2.384918350771,104.06587296284));
#2938 = CARTESIAN_POINT('',(2.453089636634,104.12234222282));
#2939 = CARTESIAN_POINT('',(2.523261975849,104.17788801332));
#2940 = CARTESIAN_POINT('',(2.668815120195,104.28338672034));
#2941 = CARTESIAN_POINT('',(2.74504445875,104.33387037252));
#2942 = CARTESIAN_POINT('',(2.823664986106,104.3787597718));
#2943 = CARTESIAN_POINT('',(2.904139543657,104.41489680719));
#2944 = CARTESIAN_POINT('',(2.986046299648,104.43963256138));
#2945 = CARTESIAN_POINT('',(3.069024549355,104.45141479865));
#2946 = CARTESIAN_POINT('',(3.233199951197,104.44844217458));
#2947 = CARTESIAN_POINT('',(3.312844849775,104.43472442401));
#2948 = CARTESIAN_POINT('',(3.391391332635,104.40926281738));
#2949 = CARTESIAN_POINT('',(3.468538541935,104.37357043335));
#2950 = CARTESIAN_POINT('',(3.543930327739,104.33002524281));
#2951 = CARTESIAN_POINT('',(3.617113086388,104.28139863316));
#2952 = CARTESIAN_POINT('',(3.786297230255,104.1587718874));
#2953 = CARTESIAN_POINT('',(3.880839626821,104.08153201437));
#2954 = CARTESIAN_POINT('',(3.97184043395,104.00401705533));
#2955 = CARTESIAN_POINT('',(4.059868465938,103.93030110272));
#2956 = CARTESIAN_POINT('',(4.145458641072,103.86316035049));
#2957 = CARTESIAN_POINT('',(4.22910621537,103.80452701474));
#2958 = CARTESIAN_POINT('',(4.370045030392,103.72088471945));
#2959 = CARTESIAN_POINT('',(4.428032342593,103.69105507783));
#2960 = CARTESIAN_POINT('',(4.485455683959,103.66674079488));
#2961 = CARTESIAN_POINT('',(4.542461613444,103.64828654981));
#2962 = CARTESIAN_POINT('',(4.599191474109,103.63591021873));
#2963 = CARTESIAN_POINT('',(4.655786260559,103.62972037499));
#2964 = CARTESIAN_POINT('',(4.770525028622,103.62972037499));
#2965 = CARTESIAN_POINT('',(4.828651963569,103.63625012572));
#2966 = CARTESIAN_POINT('',(4.886925066536,103.64930565336));
#2967 = CARTESIAN_POINT('',(4.945497451812,103.66876622438));
#2968 = CARTESIAN_POINT('',(5.004522614603,103.69438957998));
#2969 = CARTESIAN_POINT('',(5.064160024029,103.7257913914));
#2970 = CARTESIAN_POINT('',(5.173432488085,103.79201187864));
#2971 = CARTESIAN_POINT('',(5.222793613924,103.8250229084));
#2972 = CARTESIAN_POINT('',(5.272773388813,103.86115246576));
#2973 = CARTESIAN_POINT('',(5.323478155027,103.90003823169));
#2974 = CARTESIAN_POINT('',(5.3750176488,103.94122347987));
#2975 = CARTESIAN_POINT('',(5.427508302125,103.98413542906));
#2976 = CARTESIAN_POINT('',(5.516128188126,104.0568073875));
#2977 = CARTESIAN_POINT('',(5.551650979467,104.08599414413));
#2978 = CARTESIAN_POINT('',(5.587671077757,104.11541755999));
#2979 = CARTESIAN_POINT('',(5.624215936576,104.14484406563));
#2980 = CARTESIAN_POINT('',(5.661314908888,104.17401301784));
#2981 = CARTESIAN_POINT('',(5.698999852017,104.20263689009));
#2982 = CARTESIAN_POINT('',(5.764986199809,104.25046460556));
#2983 = CARTESIAN_POINT('',(5.792994886525,104.27008197329));
#2984 = CARTESIAN_POINT('',(5.821326660738,104.28912158976));
#2985 = CARTESIAN_POINT('',(5.849977850209,104.30744737089));
#2986 = CARTESIAN_POINT('',(5.878946234803,104.32492127575));
#2987 = CARTESIAN_POINT('',(5.908231038812,104.34140545751));
#2988 = CARTESIAN_POINT('',(5.98531466309,104.38140034549));
#2989 = CARTESIAN_POINT('',(6.03370795575,104.40319088849));
#2990 = CARTESIAN_POINT('',(6.08281726775,104.42145053089));
#2991 = CARTESIAN_POINT('',(6.132471706356,104.43559190492));
#2992 = CARTESIAN_POINT('',(6.18251634726,104.44518660691));
#2993 = CARTESIAN_POINT('',(6.232803699436,104.45));
#2994 = CARTESIAN_POINT('',(6.28318530718,104.45));
#2995 = ( GEOMETRIC_REPRESENTATION_CONTEXT(2) 
PARAMETRIC_REPRESENTATION_CONTEXT() REPRESENTATION_CONTEXT('2D SPACE',''
  ) );
#2996 = ORIENTED_EDGE('',*,*,#2997,.F.);
#2997 = EDGE_CURVE('',#2685,#2683,#2998,.T.);
#2998 = SURFACE_CURVE('',#2999,(#3098,#3200),.PCURVE_S1.);
#2999 = B_SPLINE_CURVE_WITH_KNOTS('',7,(#3000,#3001,#3002,#3003,#3004,
    #3005,#3006,#3007,#3008,#3009,#3010,#3011,#3012,#3013,#3014,#3015,
    #3016,#3017,#3018,#3019,#3020,#3021,#3022,#3023,#3024,#3025,#3026,
    #3027,#3028,#3029,#3030,#3031,#3032,#3033,#3034,#3035,#3036,#3037,
    #3038,#3039,#3040,#3041,#3042,#3043,#3044,#3045,#3046,#3047,#3048,
    #3049,#3050,#3051,#3052,#3053,#3054,#3055,#3056,#3057,#3058,#3059,
    #3060,#3061,#3062,#3063,#3064,#3065,#3066,#3067,#3068,#3069,#3070,
    #3071,#3072,#3073,#3074,#3075,#3076,#3077,#3078,#3079,#3080,#3081,
    #3082,#3083,#3084,#3085,#3086,#3087,#3088,#3089,#3090,#3091,#3092,
    #3093,#3094,#3095,#3096,#3097),.UNSPECIFIED.,.T.,.F.,(8,6,6,6,6,6,6,
    6,6,6,6,6,6,6,6,6,8),(0.,4.605948873407E-02,7.47746461615E-02,
    0.114512392096,0.147988205657,0.249321386099,0.350795670895,
    0.425904607443,0.501688361319,0.574537394954,0.676859647929,
    0.749916946816,0.824953317247,0.885615423576,0.92530883953,
    0.953991962869,1.),.UNSPECIFIED.);
#3000 = CARTESIAN_POINT('',(6.803525292663E-14,1.15555E+03,3.289E+03));
#3001 = CARTESIAN_POINT('',(-0.428245168176,1.15555E+03,3.289E+03));
#3002 = CARTESIAN_POINT('',(-0.855687851493,1.155554813427E+03,
    3.288974828186E+03));
#3003 = CARTESIAN_POINT('',(-1.279291106568,1.155564408142E+03,
    3.288924654896E+03));
#3004 = CARTESIAN_POINT('',(-1.696056843656,1.155578549493E+03,
    3.288850249717E+03));
#3005 = CARTESIAN_POINT('',(-2.103100592434,1.155596809096E+03,
    3.288752970331E+03));
#3006 = CARTESIAN_POINT('',(-2.497724755095,1.155618599618E+03,
    3.288634756314E+03));
#3007 = CARTESIAN_POINT('',(-3.114250003629,1.155658594542E+03,
    3.288412948726E+03));
#3008 = CARTESIAN_POINT('',(-3.345531860915,1.155675078724E+03,
    3.288320505387E+03));
#3009 = CARTESIAN_POINT('',(-3.571115949409,1.155692552629E+03,
    3.288221233072E+03));
#3010 = CARTESIAN_POINT('',(-3.790807186976,1.15571087841E+03,
    3.288115570964E+03));
#3011 = CARTESIAN_POINT('',(-4.004435333064,1.155729918027E+03,
    3.288003962497E+03));
#3012 = CARTESIAN_POINT('',(-4.211854943232,1.155749535394E+03,
    3.287886855656E+03));
#3013 = CARTESIAN_POINT('',(-4.691226174782,1.155797363109E+03,
    3.287595661514E+03));
#3014 = CARTESIAN_POINT('',(-4.957441308657,1.155825986983E+03,
    3.287416923701E+03));
#3015 = CARTESIAN_POINT('',(-5.211619806092,1.155855155935E+03,
    3.287229465589E+03));
#3016 = CARTESIAN_POINT('',(-5.453837783833,1.15588458244E+03,
    3.287034178325E+03));
#3017 = CARTESIAN_POINT('',(-5.684209156838,1.155914005855E+03,
    3.28683187567E+03));
#3018 = CARTESIAN_POINT('',(-5.902876400513,1.155943192613E+03,
    3.28662330122E+03));
#3019 = CARTESIAN_POINT('',(-6.284487177469,1.155996150707E+03,
    3.286228718578E+03));
#3020 = CARTESIAN_POINT('',(-6.450818393411,1.156020055627E+03,
    3.286044296145E+03));
#3021 = CARTESIAN_POINT('',(-6.609123837847,1.156043532621E+03,
    3.285856231666E+03));
#3022 = CARTESIAN_POINT('',(-6.759530052381,1.156066475424E+03,
    3.285664856436E+03));
#3023 = CARTESIAN_POINT('',(-6.902161272034,1.156088789292E+03,
    3.285470469779E+03));
#3024 = CARTESIAN_POINT('',(-7.037139454105,1.156110390253E+03,
    3.285273339111E+03));
#3025 = CARTESIAN_POINT('',(-7.550367082884,1.156194209801E+03,
    3.284469381131E+03));
#3026 = CARTESIAN_POINT('',(-7.867275525326,1.156250030658E+03,
    3.283841833507E+03));
#3027 = CARTESIAN_POINT('',(-8.11826461429,1.156296560801E+03,
    3.283197930254E+03));
#3028 = CARTESIAN_POINT('',(-8.305742477778,1.156332459266E+03,
    3.282542770908E+03));
#3029 = CARTESIAN_POINT('',(-8.431415974369,1.1563569183E+03,
    3.281880360231E+03));
#3030 = CARTESIAN_POINT('',(-8.496153945143,1.156369530343E+03,
    3.281214136097E+03));
#3031 = CARTESIAN_POINT('',(-8.503587496908,1.156370978534E+03,
    3.279879628318E+03));
#3032 = CARTESIAN_POINT('',(-8.446108822534,1.156359780755E+03,
    3.279212092688E+03));
#3033 = CARTESIAN_POINT('',(-8.327582428542,1.156336668653E+03,
    3.278548019455E+03));
#3034 = CARTESIAN_POINT('',(-8.14720312882,1.156302020369E+03,
    3.27789084538E+03));
#3035 = CARTESIAN_POINT('',(-7.903326172927,1.156256612317E+03,
    3.277244542089E+03));
#3036 = CARTESIAN_POINT('',(-7.593596528823,1.156201747356E+03,
    3.276614140044E+03));
#3037 = CARTESIAN_POINT('',(-6.934930782445,1.156093396293E+03,
    3.275556562146E+03));
#3038 = CARTESIAN_POINT('',(-6.616870939821,1.156043218987E+03,
    3.27511878802E+03));
#3039 = CARTESIAN_POINT('',(-6.259614383846,1.155989775028E+03,
    3.27469584752E+03));
#3040 = CARTESIAN_POINT('',(-5.861782144443,1.155934127037E+03,
    3.274291213616E+03));
#3041 = CARTESIAN_POINT('',(-5.42203617592,1.155877657777E+03,
    3.27390917452E+03));
#3042 = CARTESIAN_POINT('',(-4.939281089723,1.155822111987E+03,
    3.273555019489E+03));
#3043 = CARTESIAN_POINT('',(-3.881880686345,1.15571661328E+03,
    3.272912701421E+03));
#3044 = CARTESIAN_POINT('',(-3.300584852188,1.155666129627E+03,
    3.272621597586E+03));
#3045 = CARTESIAN_POINT('',(-2.674800018312,1.155621240228E+03,
    3.27237502589E+03));
#3046 = CARTESIAN_POINT('',(-2.012376015056,1.155585103193E+03,
    3.272183345986E+03));
#3047 = CARTESIAN_POINT('',(-1.322832489035,1.155560367439E+03,
    3.27205422633E+03));
#3048 = CARTESIAN_POINT('',(-0.616786692172,1.155548585201E+03,
    3.271992600977E+03));
#3049 = CARTESIAN_POINT('',(0.778617628246,1.155551557825E+03,
    3.272008146982E+03));
#3050 = CARTESIAN_POINT('',(1.454842188688,1.155565275576E+03,
    3.272079894177E+03));
#3051 = CARTESIAN_POINT('',(2.113807333521,1.155590737183E+03,
    3.272213302215E+03));
#3052 = CARTESIAN_POINT('',(2.746445693359,1.155626429567E+03,
    3.27240359843E+03));
#3053 = CARTESIAN_POINT('',(3.344669463657,1.155669974757E+03,
    3.272643811187E+03));
#3054 = CARTESIAN_POINT('',(3.901807036607,1.155718601367E+03,
    3.272924805687E+03));
#3055 = CARTESIAN_POINT('',(5.130879639424,1.155841228113E+03,
    3.273671406063E+03));
#3056 = CARTESIAN_POINT('',(5.767420397923,1.155918467986E+03,
    3.274171389731E+03));
#3057 = CARTESIAN_POINT('',(6.324344130713,1.155995982945E+03,
    3.274718660066E+03));
#3058 = CARTESIAN_POINT('',(6.805063950956,1.156069698897E+03,
    3.27530110423E+03));
#3059 = CARTESIAN_POINT('',(7.213365828294,1.15613683965E+03,
    3.275909799666E+03));
#3060 = CARTESIAN_POINT('',(7.552664864293,1.156195472985E+03,
    3.276538210968E+03));
#3061 = CARTESIAN_POINT('',(8.020343379921,1.156279115281E+03,
    3.277641131053E+03));
#3062 = CARTESIAN_POINT('',(8.18129369827,1.156308944922E+03,
    3.278108256033E+03));
#3063 = CARTESIAN_POINT('',(8.30920125007,1.156333259205E+03,
    3.278581135316E+03));
#3064 = CARTESIAN_POINT('',(8.404701346911,1.15635171345E+03,
    3.279058134277E+03));
#3065 = CARTESIAN_POINT('',(8.468228163353,1.156364089781E+03,
    3.279537821537E+03));
#3066 = CARTESIAN_POINT('',(8.5,1.156370279625E+03,3.280018876881E+03));
#3067 = CARTESIAN_POINT('',(8.5,1.156370279625E+03,3.28099415641E+03));
#3068 = CARTESIAN_POINT('',(8.466483465885,1.156363749874E+03,
    3.281488234942E+03));
#3069 = CARTESIAN_POINT('',(8.399470341972,1.156350694347E+03,
    3.281980829811E+03));
#3070 = CARTESIAN_POINT('',(8.298717331309,1.156331233776E+03,
    3.282470513401E+03));
#3071 = CARTESIAN_POINT('',(8.163740349706,1.15630561042E+03,
    3.282955731296E+03));
#3072 = CARTESIAN_POINT('',(7.993831692399,1.156274208609E+03,
    3.283434696176E+03));
#3073 = CARTESIAN_POINT('',(7.62172829191,1.156207988121E+03,
    3.284285717985E+03));
#3074 = CARTESIAN_POINT('',(7.43195761851,1.156174977092E+03,
    3.284660667784E+03));
#3075 = CARTESIAN_POINT('',(7.218231229904,1.156138847534E+03,
    3.285029110257E+03));
#3076 = CARTESIAN_POINT('',(6.979905410596,1.156099961768E+03,
    3.285389826063E+03));
#3077 = CARTESIAN_POINT('',(6.716261053939,1.15605877652E+03,
    3.285741334807E+03));
#3078 = CARTESIAN_POINT('',(6.426543323257,1.156015864571E+03,
    3.286081833604E+03));
#3079 = CARTESIAN_POINT('',(5.902876396901,1.155943192612E+03,
    3.286623301223E+03));
#3080 = CARTESIAN_POINT('',(5.684209161216,1.155914005856E+03,
    3.286831875667E+03));
#3081 = CARTESIAN_POINT('',(5.453837786785,1.15588458244E+03,
    3.287034178322E+03));
#3082 = CARTESIAN_POINT('',(5.211619802203,1.155855155934E+03,
    3.287229465591E+03));
#3083 = CARTESIAN_POINT('',(4.957441304472,1.155825986982E+03,
    3.287416923704E+03));
#3084 = CARTESIAN_POINT('',(4.691226179678,1.15579736311E+03,
    3.287595661511E+03));
#3085 = CARTESIAN_POINT('',(4.211854943236,1.155749535394E+03,
    3.287886855656E+03));
#3086 = CARTESIAN_POINT('',(4.004435333065,1.155729918027E+03,
    3.288003962497E+03));
#3087 = CARTESIAN_POINT('',(3.790807186973,1.15571087841E+03,
    3.288115570964E+03));
#3088 = CARTESIAN_POINT('',(3.571115949405,1.155692552629E+03,
    3.288221233072E+03));
#3089 = CARTESIAN_POINT('',(3.345531860915,1.155675078724E+03,
    3.288320505387E+03));
#3090 = CARTESIAN_POINT('',(3.114250003634,1.155658594542E+03,
    3.288412948726E+03));
#3091 = CARTESIAN_POINT('',(2.49772532056,1.155618599655E+03,
    3.28863475611E+03));
#3092 = CARTESIAN_POINT('',(2.103101010807,1.155596809112E+03,
    3.288752970251E+03));
#3093 = CARTESIAN_POINT('',(1.696056608845,1.155578549469E+03,
    3.288850249849E+03));
#3094 = CARTESIAN_POINT('',(1.279290039012,1.155564408095E+03,
    3.288924655142E+03));
#3095 = CARTESIAN_POINT('',(0.855686192684,1.155554813393E+03,
    3.288974828362E+03));
#3096 = CARTESIAN_POINT('',(0.428243665824,1.15555E+03,3.289E+03));
#3097 = CARTESIAN_POINT('',(6.803525292663E-14,1.15555E+03,3.289E+03));
#3098 = PCURVE('',#2565,#3099);
#3099 = DEFINITIONAL_REPRESENTATION('',(#3100),#3199);
#3100 = B_SPLINE_CURVE_WITH_KNOTS('',7,(#3101,#3102,#3103,#3104,#3105,
    #3106,#3107,#3108,#3109,#3110,#3111,#3112,#3113,#3114,#3115,#3116,
    #3117,#3118,#3119,#3120,#3121,#3122,#3123,#3124,#3125,#3126,#3127,
    #3128,#3129,#3130,#3131,#3132,#3133,#3134,#3135,#3136,#3137,#3138,
    #3139,#3140,#3141,#3142,#3143,#3144,#3145,#3146,#3147,#3148,#3149,
    #3150,#3151,#3152,#3153,#3154,#3155,#3156,#3157,#3158,#3159,#3160,
    #3161,#3162,#3163,#3164,#3165,#3166,#3167,#3168,#3169,#3170,#3171,
    #3172,#3173,#3174,#3175,#3176,#3177,#3178,#3179,#3180,#3181,#3182,
    #3183,#3184,#3185,#3186,#3187,#3188,#3189,#3190,#3191,#3192,#3193,
    #3194,#3195,#3196,#3197,#3198),.UNSPECIFIED.,.T.,.F.,(8,6,6,6,6,6,6,
    6,6,6,6,6,6,6,6,6,8),(0.,4.605948873407E-02,7.47746461615E-02,
    0.114512392096,0.147988205657,0.249321386099,0.350795670895,
    0.425904607443,0.501688361319,0.574537394954,0.676859647929,
    0.749916946816,0.824953317247,0.885615423576,0.92530883953,
    0.953991962869,1.),.UNSPECIFIED.);
#3101 = CARTESIAN_POINT('',(1.570796326795,3.983E+03));
#3102 = CARTESIAN_POINT('',(1.5611620148,3.983E+03));
#3103 = CARTESIAN_POINT('',(1.551545755628,3.982974828186E+03));
#3104 = CARTESIAN_POINT('',(1.54201441603,3.982924654896E+03));
#3105 = CARTESIAN_POINT('',(1.532633997008,3.982850249717E+03));
#3106 = CARTESIAN_POINT('',(1.523468250294,3.982752970331E+03));
#3107 = CARTESIAN_POINT('',(1.514577202395,3.982634756314E+03));
#3108 = CARTESIAN_POINT('',(1.500677963876,3.982412948726E+03));
#3109 = CARTESIAN_POINT('',(1.49546167961,3.982320505387E+03));
#3110 = CARTESIAN_POINT('',(1.490371619825,3.982221233072E+03));
#3111 = CARTESIAN_POINT('',(1.485412168417,3.982115570964E+03));
#3112 = CARTESIAN_POINT('',(1.48058720137,3.982003962497E+03));
#3113 = CARTESIAN_POINT('',(1.475900081359,3.981886855656E+03));
#3114 = CARTESIAN_POINT('',(1.465062032965,3.981595661514E+03));
#3115 = CARTESIAN_POINT('',(1.459038597719,3.981416923701E+03));
#3116 = CARTESIAN_POINT('',(1.453282991715,3.981229465589E+03));
#3117 = CARTESIAN_POINT('',(1.447793901371,3.981034178325E+03));
#3118 = CARTESIAN_POINT('',(1.442569229605,3.98083187567E+03));
#3119 = CARTESIAN_POINT('',(1.437606271031,3.98062330122E+03));
#3120 = CARTESIAN_POINT('',(1.428938827001,3.980228718578E+03));
#3121 = CARTESIAN_POINT('',(1.425158438626,3.980044296145E+03));
#3122 = CARTESIAN_POINT('',(1.421558115806,3.979856231666E+03));
#3123 = CARTESIAN_POINT('',(1.418135306972,3.979664856436E+03));
#3124 = CARTESIAN_POINT('',(1.414887508075,3.979470469779E+03));
#3125 = CARTESIAN_POINT('',(1.411812255441,3.979273339111E+03));
#3126 = CARTESIAN_POINT('',(1.400113105255,3.978469381131E+03));
#3127 = CARTESIAN_POINT('',(1.392874357975,3.977841833507E+03));
#3128 = CARTESIAN_POINT('',(1.387131822515,3.977197930254E+03));
#3129 = CARTESIAN_POINT('',(1.382837478404,3.976542770908E+03));
#3130 = CARTESIAN_POINT('',(1.379957142776,3.975880360231E+03));
#3131 = CARTESIAN_POINT('',(1.37847333552,3.975214136097E+03));
#3132 = CARTESIAN_POINT('',(1.378302957454,3.973879628318E+03));
#3133 = CARTESIAN_POINT('',(1.379620380369,3.973212092688E+03));
#3134 = CARTESIAN_POINT('',(1.382337099437,3.972548019455E+03));
#3135 = CARTESIAN_POINT('',(1.386469313745,3.97189084538E+03));
#3136 = CARTESIAN_POINT('',(1.392049947733,3.971244542089E+03));
#3137 = CARTESIAN_POINT('',(1.399125942326,3.970614140044E+03));
#3138 = CARTESIAN_POINT('',(1.414143224176,3.969556562146E+03));
#3139 = CARTESIAN_POINT('',(1.421387015701,3.96911878802E+03));
#3140 = CARTESIAN_POINT('',(1.429513286426,3.96869584752E+03));
#3141 = CARTESIAN_POINT('',(1.438549699591,3.968291213616E+03));
#3142 = CARTESIAN_POINT('',(1.448522751082,3.96790917452E+03));
#3143 = CARTESIAN_POINT('',(1.459453788257,3.967555019489E+03));
#3144 = CARTESIAN_POINT('',(1.483360430937,3.966912701421E+03));
#3145 = CARTESIAN_POINT('',(1.496486097592,3.966621597586E+03));
#3146 = CARTESIAN_POINT('',(1.510598044744,3.96637502589E+03));
#3147 = CARTESIAN_POINT('',(1.525518625055,3.966183345986E+03));
#3148 = CARTESIAN_POINT('',(1.54103687933,3.96605422633E+03));
#3149 = CARTESIAN_POINT('',(1.556920326009,3.965992600977E+03));
#3150 = CARTESIAN_POINT('',(1.588313070366,3.966008146982E+03));
#3151 = CARTESIAN_POINT('',(1.603526845963,3.966079894177E+03));
#3152 = CARTESIAN_POINT('',(1.618358835556,3.966213302215E+03));
#3153 = CARTESIAN_POINT('',(1.632610372122,3.96640359843E+03));
#3154 = CARTESIAN_POINT('',(1.646102023396,3.966643811187E+03));
#3155 = CARTESIAN_POINT('',(1.658682735187,3.966924805687E+03));
#3156 = CARTESIAN_POINT('',(1.686470694648,3.967671406063E+03));
#3157 = CARTESIAN_POINT('',(1.700892836835,3.968171389731E+03));
#3158 = CARTESIAN_POINT('',(1.713540282177,3.968718660066E+03));
#3159 = CARTESIAN_POINT('',(1.724480249553,3.96930110423E+03));
#3160 = CARTESIAN_POINT('',(1.733788730619,3.969909799666E+03));
#3161 = CARTESIAN_POINT('',(1.741535009163,3.970538210968E+03));
#3162 = CARTESIAN_POINT('',(1.752223404585,3.971641131053E+03));
#3163 = CARTESIAN_POINT('',(1.755905924232,3.972108256033E+03));
#3164 = CARTESIAN_POINT('',(1.758834983287,3.972581135316E+03));
#3165 = CARTESIAN_POINT('',(1.761023211016,3.973058134277E+03));
#3166 = CARTESIAN_POINT('',(1.762479254398,3.973537821537E+03));
#3167 = CARTESIAN_POINT('',(1.763207470196,3.974018876881E+03));
#3168 = CARTESIAN_POINT('',(1.763207470196,3.97499415641E+03));
#3169 = CARTESIAN_POINT('',(1.762439265577,3.975488234942E+03));
#3170 = CARTESIAN_POINT('',(1.760903315761,3.975980829811E+03));
#3171 = CARTESIAN_POINT('',(1.758594763524,3.976470513401E+03));
#3172 = CARTESIAN_POINT('',(1.755503965436,3.976955731296E+03));
#3173 = CARTESIAN_POINT('',(1.751616849905,3.977434696176E+03));
#3174 = CARTESIAN_POINT('',(1.743114040998,3.978285717985E+03));
#3175 = CARTESIAN_POINT('',(1.738780660916,3.978660667784E+03));
#3176 = CARTESIAN_POINT('',(1.73390428399,3.979029110257E+03));
#3177 = CARTESIAN_POINT('',(1.728471901854,3.979389826063E+03));
#3178 = CARTESIAN_POINT('',(1.722468989342,3.979741334807E+03));
#3179 = CARTESIAN_POINT('',(1.715880317472,3.980081833604E+03));
#3180 = CARTESIAN_POINT('',(1.703986382477,3.980623301223E+03));
#3181 = CARTESIAN_POINT('',(1.699023424084,3.980831875667E+03));
#3182 = CARTESIAN_POINT('',(1.693798752286,3.981034178322E+03));
#3183 = CARTESIAN_POINT('',(1.688309661787,3.981229465591E+03));
#3184 = CARTESIAN_POINT('',(1.682554055776,3.981416923704E+03));
#3185 = CARTESIAN_POINT('',(1.676530620735,3.981595661511E+03));
#3186 = CARTESIAN_POINT('',(1.665692572231,3.981886855656E+03));
#3187 = CARTESIAN_POINT('',(1.66100545222,3.982003962497E+03));
#3188 = CARTESIAN_POINT('',(1.656180485173,3.982115570964E+03));
#3189 = CARTESIAN_POINT('',(1.651221033765,3.982221233072E+03));
#3190 = CARTESIAN_POINT('',(1.64613097398,3.982320505387E+03));
#3191 = CARTESIAN_POINT('',(1.640914689714,3.982412948726E+03));
#3192 = CARTESIAN_POINT('',(1.627015463943,3.98263475611E+03));
#3193 = CARTESIAN_POINT('',(1.618124412711,3.982752970251E+03));
#3194 = CARTESIAN_POINT('',(1.60895865128,3.982850249849E+03));
#3195 = CARTESIAN_POINT('',(1.599578213527,3.982924655142E+03));
#3196 = CARTESIAN_POINT('',(1.590046860643,3.982974828362E+03));
#3197 = CARTESIAN_POINT('',(1.580430604991,3.983E+03));
#3198 = CARTESIAN_POINT('',(1.570796326795,3.983E+03));
#3199 = ( GEOMETRIC_REPRESENTATION_CONTEXT(2) 
PARAMETRIC_REPRESENTATION_CONTEXT() REPRESENTATION_CONTEXT('2D SPACE',''
  ) );
#3200 = PCURVE('',#2890,#3201);
#3201 = DEFINITIONAL_REPRESENTATION('',(#3202),#3301);
#3202 = B_SPLINE_CURVE_WITH_KNOTS('',7,(#3203,#3204,#3205,#3206,#3207,
    #3208,#3209,#3210,#3211,#3212,#3213,#3214,#3215,#3216,#3217,#3218,
    #3219,#3220,#3221,#3222,#3223,#3224,#3225,#3226,#3227,#3228,#3229,
    #3230,#3231,#3232,#3233,#3234,#3235,#3236,#3237,#3238,#3239,#3240,
    #3241,#3242,#3243,#3244,#3245,#3246,#3247,#3248,#3249,#3250,#3251,
    #3252,#3253,#3254,#3255,#3256,#3257,#3258,#3259,#3260,#3261,#3262,
    #3263,#3264,#3265,#3266,#3267,#3268,#3269,#3270,#3271,#3272,#3273,
    #3274,#3275,#3276,#3277,#3278,#3279,#3280,#3281,#3282,#3283,#3284,
    #3285,#3286,#3287,#3288,#3289,#3290,#3291,#3292,#3293,#3294,#3295,
    #3296,#3297,#3298,#3299,#3300),.UNSPECIFIED.,.F.,.F.,(8,6,6,6,6,6,6,
    6,6,6,6,6,6,6,6,6,8),(0.,4.605948873407E-02,7.47746461615E-02,
    0.114512392096,0.147988205657,0.249321386099,0.350795670895,
    0.425904607443,0.501688361319,0.574537394954,0.676859647929,
    0.749916946816,0.824953317247,0.885615423576,0.92530883953,
    0.953991962869,1.),.UNSPECIFIED.);
#3203 = CARTESIAN_POINT('',(0.,104.45));
#3204 = CARTESIAN_POINT('',(5.038178449132E-02,104.45));
#3205 = CARTESIAN_POINT('',(0.100669155071,104.44518657313));
#3206 = CARTESIAN_POINT('',(0.150713728618,104.43559185819));
#3207 = CARTESIAN_POINT('',(0.200368069934,104.42145050657));
#3208 = CARTESIAN_POINT('',(0.249477301949,104.4031909043));
#3209 = CARTESIAN_POINT('',(0.29787057339,104.38140038217));
#3210 = CARTESIAN_POINT('',(0.374954268367,104.34140545751));
#3211 = CARTESIAN_POINT('',(0.404239072377,104.32492127575));
#3212 = CARTESIAN_POINT('',(0.433207456971,104.30744737089));
#3213 = CARTESIAN_POINT('',(0.461858646442,104.28912158976));
#3214 = CARTESIAN_POINT('',(0.490190420655,104.27008197329));
#3215 = CARTESIAN_POINT('',(0.51819910737,104.25046460556));
#3216 = CARTESIAN_POINT('',(0.584185454489,104.20263689058));
#3217 = CARTESIAN_POINT('',(0.621870398933,104.17401301734));
#3218 = CARTESIAN_POINT('',(0.658969371143,104.14484406523));
#3219 = CARTESIAN_POINT('',(0.69551422893,104.1154175604));
#3220 = CARTESIAN_POINT('',(0.731534327062,104.08599414463));
#3221 = CARTESIAN_POINT('',(0.767057119665,104.056807387));
#3222 = CARTESIAN_POINT('',(0.831636916189,104.00384929259));
#3223 = CARTESIAN_POINT('',(0.860836855534,103.97994437316));
#3224 = CARTESIAN_POINT('',(0.889730412876,103.95646737916));
#3225 = CARTESIAN_POINT('',(0.918337817008,103.93352457649));
#3226 = CARTESIAN_POINT('',(0.946678388844,103.91121070799));
#3227 = CARTESIAN_POINT('',(0.974771236986,103.88960974673));
#3228 = CARTESIAN_POINT('',(1.086984025006,103.8057901989));
#3229 = CARTESIAN_POINT('',(1.169275997837,103.74996934218));
#3230 = CARTESIAN_POINT('',(1.249994948767,103.70343919886));
#3231 = CARTESIAN_POINT('',(1.329559230482,103.66754073402));
#3232 = CARTESIAN_POINT('',(1.408358140612,103.64308170022));
#3233 = CARTESIAN_POINT('',(1.486779069581,103.63046965664));
#3234 = CARTESIAN_POINT('',(1.64378242043,103.62902146554));
#3235 = CARTESIAN_POINT('',(1.722277547536,103.64021924514));
#3236 = CARTESIAN_POINT('',(1.801115328724,103.66333134725));
#3237 = CARTESIAN_POINT('',(1.88068227619,103.69797963062));
#3238 = CARTESIAN_POINT('',(1.961366413563,103.74338768311));
#3239 = CARTESIAN_POINT('',(2.043584306006,103.79825264392));
#3240 = CARTESIAN_POINT('',(2.1901628901,103.9066037067));
#3241 = CARTESIAN_POINT('',(2.253662199918,103.95678101278));
#3242 = CARTESIAN_POINT('',(2.318513226514,104.0102249716));
#3243 = CARTESIAN_POINT('',(2.384918350771,104.06587296284));
#3244 = CARTESIAN_POINT('',(2.453089636634,104.12234222282));
#3245 = CARTESIAN_POINT('',(2.523261975849,104.17788801332));
#3246 = CARTESIAN_POINT('',(2.668815120195,104.28338672034));
#3247 = CARTESIAN_POINT('',(2.74504445875,104.33387037252));
#3248 = CARTESIAN_POINT('',(2.823664986106,104.3787597718));
#3249 = CARTESIAN_POINT('',(2.904139543657,104.41489680719));
#3250 = CARTESIAN_POINT('',(2.986046299648,104.43963256138));
#3251 = CARTESIAN_POINT('',(3.069024549355,104.45141479865));
#3252 = CARTESIAN_POINT('',(3.233199951197,104.44844217458));
#3253 = CARTESIAN_POINT('',(3.312844849775,104.43472442401));
#3254 = CARTESIAN_POINT('',(3.391391332635,104.40926281738));
#3255 = CARTESIAN_POINT('',(3.468538541935,104.37357043335));
#3256 = CARTESIAN_POINT('',(3.543930327739,104.33002524281));
#3257 = CARTESIAN_POINT('',(3.617113086388,104.28139863316));
#3258 = CARTESIAN_POINT('',(3.786297230255,104.1587718874));
#3259 = CARTESIAN_POINT('',(3.880839626821,104.08153201437));
#3260 = CARTESIAN_POINT('',(3.97184043395,104.00401705533));
#3261 = CARTESIAN_POINT('',(4.059868465938,103.93030110272));
#3262 = CARTESIAN_POINT('',(4.145458641072,103.86316035049));
#3263 = CARTESIAN_POINT('',(4.22910621537,103.80452701474));
#3264 = CARTESIAN_POINT('',(4.370045030392,103.72088471945));
#3265 = CARTESIAN_POINT('',(4.428032342593,103.69105507783));
#3266 = CARTESIAN_POINT('',(4.485455683959,103.66674079488));
#3267 = CARTESIAN_POINT('',(4.542461613444,103.64828654981));
#3268 = CARTESIAN_POINT('',(4.599191474109,103.63591021873));
#3269 = CARTESIAN_POINT('',(4.655786260559,103.62972037499));
#3270 = CARTESIAN_POINT('',(4.770525028622,103.62972037499));
#3271 = CARTESIAN_POINT('',(4.828651963569,103.63625012572));
#3272 = CARTESIAN_POINT('',(4.886925066536,103.64930565336));
#3273 = CARTESIAN_POINT('',(4.945497451812,103.66876622438));
#3274 = CARTESIAN_POINT('',(5.004522614603,103.69438957998));
#3275 = CARTESIAN_POINT('',(5.064160024029,103.7257913914));
#3276 = CARTESIAN_POINT('',(5.173432488085,103.79201187864));
#3277 = CARTESIAN_POINT('',(5.222793613924,103.8250229084));
#3278 = CARTESIAN_POINT('',(5.272773388813,103.86115246576));
#3279 = CARTESIAN_POINT('',(5.323478155027,103.90003823169));
#3280 = CARTESIAN_POINT('',(5.3750176488,103.94122347987));
#3281 = CARTESIAN_POINT('',(5.427508302125,103.98413542906));
#3282 = CARTESIAN_POINT('',(5.516128188126,104.0568073875));
#3283 = CARTESIAN_POINT('',(5.551650979467,104.08599414413));
#3284 = CARTESIAN_POINT('',(5.587671077757,104.11541755999));
#3285 = CARTESIAN_POINT('',(5.624215936576,104.14484406563));
#3286 = CARTESIAN_POINT('',(5.661314908888,104.17401301784));
#3287 = CARTESIAN_POINT('',(5.698999852017,104.20263689009));
#3288 = CARTESIAN_POINT('',(5.764986199809,104.25046460556));
#3289 = CARTESIAN_POINT('',(5.792994886525,104.27008197329));
#3290 = CARTESIAN_POINT('',(5.821326660738,104.28912158976));
#3291 = CARTESIAN_POINT('',(5.849977850209,104.30744737089));
#3292 = CARTESIAN_POINT('',(5.878946234803,104.32492127575));
#3293 = CARTESIAN_POINT('',(5.908231038812,104.34140545751));
#3294 = CARTESIAN_POINT('',(5.98531466309,104.38140034549));
#3295 = CARTESIAN_POINT('',(6.03370795575,104.40319088849));
#3296 = CARTESIAN_POINT('',(6.08281726775,104.42145053089));
#3297 = CARTESIAN_POINT('',(6.132471706356,104.43559190492));
#3298 = CARTESIAN_POINT('',(6.18251634726,104.44518660691));
#3299 = CARTESIAN_POINT('',(6.232803699436,104.45));
#3300 = CARTESIAN_POINT('',(6.28318530718,104.45));
#3301 = ( GEOMETRIC_REPRESENTATION_CONTEXT(2) 
PARAMETRIC_REPRESENTATION_CONTEXT() REPRESENTATION_CONTEXT('2D SPACE',''
  ) );
#3302 = FACE_BOUND('',#3303,.T.);
#3303 = EDGE_LOOP('',(#3304,#3619));
#3304 = ORIENTED_EDGE('',*,*,#3305,.T.);
#3305 = EDGE_CURVE('',#3306,#3308,#3310,.T.);
#3306 = VERTEX_POINT('',#3307);
#3307 = CARTESIAN_POINT('',(8.10042625296E-14,1.24445E+03,3.289E+03));
#3308 = VERTEX_POINT('',#3309);
#3309 = CARTESIAN_POINT('',(-1.575382198039E-07,1.24445E+03,
    3.271999999999E+03));
#3310 = SURFACE_CURVE('',#3311,(#3410,#3512),.PCURVE_S1.);
#3311 = B_SPLINE_CURVE_WITH_KNOTS('',7,(#3312,#3313,#3314,#3315,#3316,
    #3317,#3318,#3319,#3320,#3321,#3322,#3323,#3324,#3325,#3326,#3327,
    #3328,#3329,#3330,#3331,#3332,#3333,#3334,#3335,#3336,#3337,#3338,
    #3339,#3340,#3341,#3342,#3343,#3344,#3345,#3346,#3347,#3348,#3349,
    #3350,#3351,#3352,#3353,#3354,#3355,#3356,#3357,#3358,#3359,#3360,
    #3361,#3362,#3363,#3364,#3365,#3366,#3367,#3368,#3369,#3370,#3371,
    #3372,#3373,#3374,#3375,#3376,#3377,#3378,#3379,#3380,#3381,#3382,
    #3383,#3384,#3385,#3386,#3387,#3388,#3389,#3390,#3391,#3392,#3393,
    #3394,#3395,#3396,#3397,#3398,#3399,#3400,#3401,#3402,#3403,#3404,
    #3405,#3406,#3407,#3408,#3409),.UNSPECIFIED.,.T.,.F.,(8,6,6,6,6,6,6,
    6,6,6,6,6,6,6,6,6,8),(0.,4.60594902005E-02,7.477464855244E-02,
    0.114512395766,0.147988210403,0.249321392812,0.350795678297,
    0.42590461534,0.5016883697,0.57453740333,0.676859655612,
    0.74991695401,0.824953323924,0.885615424967,0.925308840002,
    0.953991963168,1.),.UNSPECIFIED.);
#3312 = CARTESIAN_POINT('',(8.425143348925E-14,1.24445E+03,3.289E+03));
#3313 = CARTESIAN_POINT('',(-0.42824516832,1.24445E+03,3.289E+03));
#3314 = CARTESIAN_POINT('',(-0.85568785151,1.244445186573E+03,
    3.288974828186E+03));
#3315 = CARTESIAN_POINT('',(-1.279291106455,1.244435591858E+03,
    3.288924654896E+03));
#3316 = CARTESIAN_POINT('',(-1.696056843543,1.244421450507E+03,
    3.288850249717E+03));
#3317 = CARTESIAN_POINT('',(-2.10310059245,1.244403190904E+03,
    3.288752970331E+03));
#3318 = CARTESIAN_POINT('',(-2.497724755231,1.244381400382E+03,
    3.288634756314E+03));
#3319 = CARTESIAN_POINT('',(-3.114250003629,1.244341405458E+03,
    3.288412948726E+03));
#3320 = CARTESIAN_POINT('',(-3.345531860915,1.244324921276E+03,
    3.288320505387E+03));
#3321 = CARTESIAN_POINT('',(-3.571115949409,1.244307447371E+03,
    3.288221233072E+03));
#3322 = CARTESIAN_POINT('',(-3.790807186976,1.24428912159E+03,
    3.288115570964E+03));
#3323 = CARTESIAN_POINT('',(-4.004435333064,1.244270081973E+03,
    3.288003962497E+03));
#3324 = CARTESIAN_POINT('',(-4.211854943232,1.244250464606E+03,
    3.287886855656E+03));
#3325 = CARTESIAN_POINT('',(-4.691226174778,1.244202636891E+03,
    3.287595661514E+03));
#3326 = CARTESIAN_POINT('',(-4.957441308657,1.244174013017E+03,
    3.287416923701E+03));
#3327 = CARTESIAN_POINT('',(-5.211619806095,1.244144844065E+03,
    3.287229465589E+03));
#3328 = CARTESIAN_POINT('',(-5.453837783836,1.24411541756E+03,
    3.287034178325E+03));
#3329 = CARTESIAN_POINT('',(-5.684209156837,1.244085994145E+03,
    3.28683187567E+03));
#3330 = CARTESIAN_POINT('',(-5.90287640051,1.244056807387E+03,
    3.28662330122E+03));
#3331 = CARTESIAN_POINT('',(-6.284487177469,1.244003849293E+03,
    3.286228718578E+03));
#3332 = CARTESIAN_POINT('',(-6.450818393412,1.243979944373E+03,
    3.286044296145E+03));
#3333 = CARTESIAN_POINT('',(-6.609123837847,1.243956467379E+03,
    3.285856231666E+03));
#3334 = CARTESIAN_POINT('',(-6.759530052381,1.243933524576E+03,
    3.285664856436E+03));
#3335 = CARTESIAN_POINT('',(-6.902161272034,1.243911210708E+03,
    3.285470469779E+03));
#3336 = CARTESIAN_POINT('',(-7.037139454105,1.243889609747E+03,
    3.285273339111E+03));
#3337 = CARTESIAN_POINT('',(-7.550367077962,1.2438057902E+03,
    3.284469381139E+03));
#3338 = CARTESIAN_POINT('',(-7.867275533353,1.243749969341E+03,
    3.283841833488E+03));
#3339 = CARTESIAN_POINT('',(-8.11826461255,1.243703439199E+03,
    3.283197930266E+03));
#3340 = CARTESIAN_POINT('',(-8.305742472461,1.243667540735E+03,
    3.282542770919E+03));
#3341 = CARTESIAN_POINT('',(-8.431415978059,1.2436430817E+03,
    3.281880360211E+03));
#3342 = CARTESIAN_POINT('',(-8.496153945096,1.243630469657E+03,
    3.281214136105E+03));
#3343 = CARTESIAN_POINT('',(-8.503587496908,1.243629021466E+03,
    3.279879628318E+03));
#3344 = CARTESIAN_POINT('',(-8.446108822534,1.243640219245E+03,
    3.279212092688E+03));
#3345 = CARTESIAN_POINT('',(-8.327582428543,1.243663331347E+03,
    3.278548019455E+03));
#3346 = CARTESIAN_POINT('',(-8.14720312882,1.243697979631E+03,
    3.27789084538E+03));
#3347 = CARTESIAN_POINT('',(-7.903326172927,1.243743387683E+03,
    3.277244542089E+03));
#3348 = CARTESIAN_POINT('',(-7.593596528823,1.243798252644E+03,
    3.276614140044E+03));
#3349 = CARTESIAN_POINT('',(-6.934930782506,1.243906603707E+03,
    3.275556562146E+03));
#3350 = CARTESIAN_POINT('',(-6.616870939838,1.243956781013E+03,
    3.27511878802E+03));
#3351 = CARTESIAN_POINT('',(-6.259614383788,1.244010224972E+03,
    3.27469584752E+03));
#3352 = CARTESIAN_POINT('',(-5.86178214437,1.244065872963E+03,
    3.274291213616E+03));
#3353 = CARTESIAN_POINT('',(-5.422036175924,1.244122342223E+03,
    3.27390917452E+03));
#3354 = CARTESIAN_POINT('',(-4.93928108982,1.244177888013E+03,
    3.273555019489E+03));
#3355 = CARTESIAN_POINT('',(-3.881880686345,1.24428338672E+03,
    3.272912701421E+03));
#3356 = CARTESIAN_POINT('',(-3.300584852189,1.244333870373E+03,
    3.272621597586E+03));
#3357 = CARTESIAN_POINT('',(-2.674800018309,1.244378759772E+03,
    3.27237502589E+03));
#3358 = CARTESIAN_POINT('',(-2.01237601506,1.244414896807E+03,
    3.272183345986E+03));
#3359 = CARTESIAN_POINT('',(-1.322832489033,1.244439632561E+03,
    3.27205422633E+03));
#3360 = CARTESIAN_POINT('',(-0.616786692172,1.244451414799E+03,
    3.271992600977E+03));
#3361 = CARTESIAN_POINT('',(0.778617623824,1.244448442175E+03,
    3.272008146982E+03));
#3362 = CARTESIAN_POINT('',(1.454842198743,1.244434724424E+03,
    3.272079894176E+03));
#3363 = CARTESIAN_POINT('',(2.113807326318,1.244409262817E+03,
    3.272213302218E+03));
#3364 = CARTESIAN_POINT('',(2.746445690549,1.244373570434E+03,
    3.272403598425E+03));
#3365 = CARTESIAN_POINT('',(3.344669470833,1.244330025242E+03,
    3.272643811193E+03));
#3366 = CARTESIAN_POINT('',(3.901807033184,1.244281398634E+03,
    3.272924805684E+03));
#3367 = CARTESIAN_POINT('',(5.130879639424,1.244158771887E+03,
    3.273671406063E+03));
#3368 = CARTESIAN_POINT('',(5.767420397923,1.244081532014E+03,
    3.274171389731E+03));
#3369 = CARTESIAN_POINT('',(6.324344130714,1.244004017055E+03,
    3.274718660066E+03));
#3370 = CARTESIAN_POINT('',(6.805063950955,1.243930301103E+03,
    3.27530110423E+03));
#3371 = CARTESIAN_POINT('',(7.213365828294,1.24386316035E+03,
    3.275909799666E+03));
#3372 = CARTESIAN_POINT('',(7.552664864293,1.243804527015E+03,
    3.276538210968E+03));
#3373 = CARTESIAN_POINT('',(8.020343379937,1.243720884719E+03,
    3.277641131053E+03));
#3374 = CARTESIAN_POINT('',(8.18129369825,1.243691055078E+03,
    3.278108256033E+03));
#3375 = CARTESIAN_POINT('',(8.30920125007,1.243666740795E+03,
    3.278581135316E+03));
#3376 = CARTESIAN_POINT('',(8.404701346923,1.24364828655E+03,
    3.279058134277E+03));
#3377 = CARTESIAN_POINT('',(8.468228163348,1.243635910219E+03,
    3.279537821537E+03));
#3378 = CARTESIAN_POINT('',(8.5,1.243629720375E+03,3.280018876881E+03));
#3379 = CARTESIAN_POINT('',(8.5,1.243629720375E+03,3.28099415641E+03));
#3380 = CARTESIAN_POINT('',(8.466483465894,1.243636250126E+03,
    3.281488234942E+03));
#3381 = CARTESIAN_POINT('',(8.399470341951,1.243649305653E+03,
    3.281980829811E+03));
#3382 = CARTESIAN_POINT('',(8.298717331309,1.243668766224E+03,
    3.282470513401E+03));
#3383 = CARTESIAN_POINT('',(8.163740349741,1.24369438958E+03,
    3.282955731296E+03));
#3384 = CARTESIAN_POINT('',(7.993831692373,1.243725791391E+03,
    3.283434696176E+03));
#3385 = CARTESIAN_POINT('',(7.621728305281,1.243792011876E+03,
    3.284285717954E+03));
#3386 = CARTESIAN_POINT('',(7.431957597847,1.243825022912E+03,
    3.284660667812E+03));
#3387 = CARTESIAN_POINT('',(7.218231218676,1.243861152468E+03,
    3.285029110281E+03));
#3388 = CARTESIAN_POINT('',(6.979905430875,1.243900038229E+03,
    3.285389826041E+03));
#3389 = CARTESIAN_POINT('',(6.716261072741,1.243941223477E+03,
    3.285741334778E+03));
#3390 = CARTESIAN_POINT('',(6.426543297487,1.243984135433E+03,
    3.28608183363E+03));
#3391 = CARTESIAN_POINT('',(5.902876400511,1.244056807387E+03,
    3.28662330122E+03));
#3392 = CARTESIAN_POINT('',(5.684209156838,1.244085994145E+03,
    3.28683187567E+03));
#3393 = CARTESIAN_POINT('',(5.453837783836,1.24411541756E+03,
    3.287034178325E+03));
#3394 = CARTESIAN_POINT('',(5.211619806095,1.244144844065E+03,
    3.287229465589E+03));
#3395 = CARTESIAN_POINT('',(4.957441308657,1.244174013017E+03,
    3.287416923701E+03));
#3396 = CARTESIAN_POINT('',(4.691226174779,1.244202636891E+03,
    3.287595661514E+03));
#3397 = CARTESIAN_POINT('',(4.211854943331,1.244250464606E+03,
    3.287886855656E+03));
#3398 = CARTESIAN_POINT('',(4.00443533308,1.244270081973E+03,
    3.288003962497E+03));
#3399 = CARTESIAN_POINT('',(3.790807186894,1.24428912159E+03,
    3.288115570964E+03));
#3400 = CARTESIAN_POINT('',(3.571115949318,1.244307447371E+03,
    3.288221233072E+03));
#3401 = CARTESIAN_POINT('',(3.345531860923,1.244324921276E+03,
    3.288320505387E+03));
#3402 = CARTESIAN_POINT('',(3.114250003746,1.244341405458E+03,
    3.288412948726E+03));
#3403 = CARTESIAN_POINT('',(2.49772532056,1.244381400345E+03,
    3.28863475611E+03));
#3404 = CARTESIAN_POINT('',(2.103101010807,1.244403190888E+03,
    3.288752970251E+03));
#3405 = CARTESIAN_POINT('',(1.696056608845,1.244421450531E+03,
    3.288850249849E+03));
#3406 = CARTESIAN_POINT('',(1.279290039012,1.244435591905E+03,
    3.288924655142E+03));
#3407 = CARTESIAN_POINT('',(0.855686192684,1.244445186607E+03,
    3.288974828362E+03));
#3408 = CARTESIAN_POINT('',(0.428243665824,1.24445E+03,3.289E+03));
#3409 = CARTESIAN_POINT('',(8.425143348925E-14,1.24445E+03,3.289E+03));
#3410 = PCURVE('',#2565,#3411);
#3411 = DEFINITIONAL_REPRESENTATION('',(#3412),#3511);
#3412 = B_SPLINE_CURVE_WITH_KNOTS('',7,(#3413,#3414,#3415,#3416,#3417,
    #3418,#3419,#3420,#3421,#3422,#3423,#3424,#3425,#3426,#3427,#3428,
    #3429,#3430,#3431,#3432,#3433,#3434,#3435,#3436,#3437,#3438,#3439,
    #3440,#3441,#3442,#3443,#3444,#3445,#3446,#3447,#3448,#3449,#3450,
    #3451,#3452,#3453,#3454,#3455,#3456,#3457,#3458,#3459,#3460,#3461,
    #3462,#3463,#3464,#3465,#3466,#3467,#3468,#3469,#3470,#3471,#3472,
    #3473,#3474,#3475,#3476,#3477,#3478,#3479,#3480,#3481,#3482,#3483,
    #3484,#3485,#3486,#3487,#3488,#3489,#3490,#3491,#3492,#3493,#3494,
    #3495,#3496,#3497,#3498,#3499,#3500,#3501,#3502,#3503,#3504,#3505,
    #3506,#3507,#3508,#3509,#3510),.UNSPECIFIED.,.T.,.F.,(8,6,6,6,6,6,6,
    6,6,6,6,6,6,6,6,6,8),(0.,4.60594902005E-02,7.477464855244E-02,
    0.114512395766,0.147988210403,0.249321392812,0.350795678297,
    0.42590461534,0.5016883697,0.57453740333,0.676859655612,
    0.74991695401,0.824953323924,0.885615424967,0.925308840002,
    0.953991963168,1.),.UNSPECIFIED.);
#3413 = CARTESIAN_POINT('',(4.712388980385,3.983E+03));
#3414 = CARTESIAN_POINT('',(4.722023292383,3.983E+03));
#3415 = CARTESIAN_POINT('',(4.731639551552,3.982974828186E+03));
#3416 = CARTESIAN_POINT('',(4.741170891147,3.982924654896E+03));
#3417 = CARTESIAN_POINT('',(4.750551310169,3.982850249717E+03));
#3418 = CARTESIAN_POINT('',(4.759717056886,3.982752970331E+03));
#3419 = CARTESIAN_POINT('',(4.768608104787,3.982634756314E+03));
#3420 = CARTESIAN_POINT('',(4.782507343304,3.982412948726E+03));
#3421 = CARTESIAN_POINT('',(4.78772362757,3.982320505387E+03));
#3422 = CARTESIAN_POINT('',(4.792813687355,3.982221233072E+03));
#3423 = CARTESIAN_POINT('',(4.797773138763,3.982115570964E+03));
#3424 = CARTESIAN_POINT('',(4.802598105809,3.982003962497E+03));
#3425 = CARTESIAN_POINT('',(4.80728522582,3.981886855656E+03));
#3426 = CARTESIAN_POINT('',(4.818123274214,3.981595661514E+03));
#3427 = CARTESIAN_POINT('',(4.824146709461,3.981416923701E+03));
#3428 = CARTESIAN_POINT('',(4.829902315464,3.981229465589E+03));
#3429 = CARTESIAN_POINT('',(4.835391405809,3.981034178325E+03));
#3430 = CARTESIAN_POINT('',(4.840616077575,3.98083187567E+03));
#3431 = CARTESIAN_POINT('',(4.845579036148,3.98062330122E+03));
#3432 = CARTESIAN_POINT('',(4.854246480178,3.980228718578E+03));
#3433 = CARTESIAN_POINT('',(4.858026868553,3.980044296145E+03));
#3434 = CARTESIAN_POINT('',(4.861627191374,3.979856231666E+03));
#3435 = CARTESIAN_POINT('',(4.865050000208,3.979664856436E+03));
#3436 = CARTESIAN_POINT('',(4.868297799105,3.979470469779E+03));
#3437 = CARTESIAN_POINT('',(4.871373051738,3.979273339111E+03));
#3438 = CARTESIAN_POINT('',(4.883072201812,3.978469381139E+03));
#3439 = CARTESIAN_POINT('',(4.890310949387,3.977841833488E+03));
#3440 = CARTESIAN_POINT('',(4.896053484624,3.977197930266E+03));
#3441 = CARTESIAN_POINT('',(4.900347828655,3.976542770919E+03));
#3442 = CARTESIAN_POINT('',(4.903228164488,3.975880360211E+03));
#3443 = CARTESIAN_POINT('',(4.904711971658,3.975214136105E+03));
#3444 = CARTESIAN_POINT('',(4.904882349726,3.973879628318E+03));
#3445 = CARTESIAN_POINT('',(4.90356492681,3.973212092688E+03));
#3446 = CARTESIAN_POINT('',(4.900848207743,3.972548019455E+03));
#3447 = CARTESIAN_POINT('',(4.896715993435,3.97189084538E+03));
#3448 = CARTESIAN_POINT('',(4.891135359447,3.971244542089E+03));
#3449 = CARTESIAN_POINT('',(4.884059364854,3.970614140044E+03));
#3450 = CARTESIAN_POINT('',(4.869042083005,3.969556562146E+03));
#3451 = CARTESIAN_POINT('',(4.861798291479,3.96911878802E+03));
#3452 = CARTESIAN_POINT('',(4.853672020752,3.96869584752E+03));
#3453 = CARTESIAN_POINT('',(4.844635607587,3.968291213616E+03));
#3454 = CARTESIAN_POINT('',(4.834662556098,3.96790917452E+03));
#3455 = CARTESIAN_POINT('',(4.823731518925,3.967555019489E+03));
#3456 = CARTESIAN_POINT('',(4.799824876242,3.966912701421E+03));
#3457 = CARTESIAN_POINT('',(4.786699209588,3.966621597586E+03));
#3458 = CARTESIAN_POINT('',(4.772587262435,3.96637502589E+03));
#3459 = CARTESIAN_POINT('',(4.757666682125,3.966183345986E+03));
#3460 = CARTESIAN_POINT('',(4.74214842785,3.96605422633E+03));
#3461 = CARTESIAN_POINT('',(4.726264981171,3.965992600977E+03));
#3462 = CARTESIAN_POINT('',(4.694872236913,3.966008146982E+03));
#3463 = CARTESIAN_POINT('',(4.67965846099,3.966079894176E+03));
#3464 = CARTESIAN_POINT('',(4.664826471785,3.966213302218E+03));
#3465 = CARTESIAN_POINT('',(4.650574935122,3.966403598425E+03));
#3466 = CARTESIAN_POINT('',(4.637083283621,3.966643811193E+03));
#3467 = CARTESIAN_POINT('',(4.62450257207,3.966924805684E+03));
#3468 = CARTESIAN_POINT('',(4.596714612531,3.967671406063E+03));
#3469 = CARTESIAN_POINT('',(4.582292470345,3.968171389731E+03));
#3470 = CARTESIAN_POINT('',(4.569645025002,3.968718660066E+03));
#3471 = CARTESIAN_POINT('',(4.558705057627,3.96930110423E+03));
#3472 = CARTESIAN_POINT('',(4.549396576561,3.969909799666E+03));
#3473 = CARTESIAN_POINT('',(4.541650298017,3.970538210968E+03));
#3474 = CARTESIAN_POINT('',(4.530961902594,3.971641131053E+03));
#3475 = CARTESIAN_POINT('',(4.527279382948,3.972108256033E+03));
#3476 = CARTESIAN_POINT('',(4.524350323893,3.972581135316E+03));
#3477 = CARTESIAN_POINT('',(4.522162096164,3.973058134277E+03));
#3478 = CARTESIAN_POINT('',(4.520706052782,3.973537821537E+03));
#3479 = CARTESIAN_POINT('',(4.519977836983,3.974018876881E+03));
#3480 = CARTESIAN_POINT('',(4.519977836983,3.97499415641E+03));
#3481 = CARTESIAN_POINT('',(4.520746041602,3.975488234942E+03));
#3482 = CARTESIAN_POINT('',(4.522281991419,3.975980829811E+03));
#3483 = CARTESIAN_POINT('',(4.524590543656,3.976470513401E+03));
#3484 = CARTESIAN_POINT('',(4.527681341743,3.976955731296E+03));
#3485 = CARTESIAN_POINT('',(4.531568457275,3.977434696176E+03));
#3486 = CARTESIAN_POINT('',(4.540071265876,3.978285717954E+03));
#3487 = CARTESIAN_POINT('',(4.544404646734,3.978660667812E+03));
#3488 = CARTESIAN_POINT('',(4.549281023446,3.979029110281E+03));
#3489 = CARTESIAN_POINT('',(4.554713404864,3.979389826041E+03));
#3490 = CARTESIAN_POINT('',(4.560716317409,3.979741334778E+03));
#3491 = CARTESIAN_POINT('',(4.567304990293,3.98008183363E+03));
#3492 = CARTESIAN_POINT('',(4.579198924621,3.98062330122E+03));
#3493 = CARTESIAN_POINT('',(4.584161883194,3.98083187567E+03));
#3494 = CARTESIAN_POINT('',(4.589386554961,3.981034178325E+03));
#3495 = CARTESIAN_POINT('',(4.594875645305,3.981229465589E+03));
#3496 = CARTESIAN_POINT('',(4.600631251308,3.981416923701E+03));
#3497 = CARTESIAN_POINT('',(4.606654686555,3.981595661514E+03));
#3498 = CARTESIAN_POINT('',(4.617492734947,3.981886855656E+03));
#3499 = CARTESIAN_POINT('',(4.62217985496,3.982003962497E+03));
#3500 = CARTESIAN_POINT('',(4.627004822008,3.982115570964E+03));
#3501 = CARTESIAN_POINT('',(4.631964273417,3.982221233072E+03));
#3502 = CARTESIAN_POINT('',(4.637054333199,3.982320505387E+03));
#3503 = CARTESIAN_POINT('',(4.642270617463,3.982412948726E+03));
#3504 = CARTESIAN_POINT('',(4.656169843237,3.98263475611E+03));
#3505 = CARTESIAN_POINT('',(4.665060894468,3.982752970251E+03));
#3506 = CARTESIAN_POINT('',(4.6742266559,3.982850249849E+03));
#3507 = CARTESIAN_POINT('',(4.683607093653,3.982924655142E+03));
#3508 = CARTESIAN_POINT('',(4.693138446536,3.982974828362E+03));
#3509 = CARTESIAN_POINT('',(4.702754702188,3.983E+03));
#3510 = CARTESIAN_POINT('',(4.712388980385,3.983E+03));
#3511 = ( GEOMETRIC_REPRESENTATION_CONTEXT(2) 
PARAMETRIC_REPRESENTATION_CONTEXT() REPRESENTATION_CONTEXT('2D SPACE',''
  ) );
#3512 = PCURVE('',#3513,#3518);
#3513 = CYLINDRICAL_SURFACE('',#3514,8.5);
#3514 = AXIS2_PLACEMENT_3D('',#3515,#3516,#3517);
#3515 = CARTESIAN_POINT('',(8.082668874373E-14,1.26E+03,3.2805E+03));
#3516 = DIRECTION('',(-1.224646799147E-16,-1.,0.));
#3517 = DIRECTION('',(0.,0.,1.));
#3518 = DEFINITIONAL_REPRESENTATION('',(#3519),#3618);
#3519 = B_SPLINE_CURVE_WITH_KNOTS('',7,(#3520,#3521,#3522,#3523,#3524,
    #3525,#3526,#3527,#3528,#3529,#3530,#3531,#3532,#3533,#3534,#3535,
    #3536,#3537,#3538,#3539,#3540,#3541,#3542,#3543,#3544,#3545,#3546,
    #3547,#3548,#3549,#3550,#3551,#3552,#3553,#3554,#3555,#3556,#3557,
    #3558,#3559,#3560,#3561,#3562,#3563,#3564,#3565,#3566,#3567,#3568,
    #3569,#3570,#3571,#3572,#3573,#3574,#3575,#3576,#3577,#3578,#3579,
    #3580,#3581,#3582,#3583,#3584,#3585,#3586,#3587,#3588,#3589,#3590,
    #3591,#3592,#3593,#3594,#3595,#3596,#3597,#3598,#3599,#3600,#3601,
    #3602,#3603,#3604,#3605,#3606,#3607,#3608,#3609,#3610,#3611,#3612,
    #3613,#3614,#3615,#3616,#3617),.UNSPECIFIED.,.F.,.F.,(8,6,6,6,6,6,6,
    6,6,6,6,6,6,6,6,6,8),(0.,4.60594902005E-02,7.477464855244E-02,
    0.114512395766,0.147988210403,0.249321392812,0.350795678297,
    0.42590461534,0.5016883697,0.57453740333,0.676859655612,
    0.74991695401,0.824953323924,0.885615424967,0.925308840002,
    0.953991963168,1.),.UNSPECIFIED.);
#3520 = CARTESIAN_POINT('',(0.,15.55));
#3521 = CARTESIAN_POINT('',(5.038178450824E-02,15.55));
#3522 = CARTESIAN_POINT('',(0.100669155073,15.554813426869));
#3523 = CARTESIAN_POINT('',(0.150713728605,15.564408141806));
#3524 = CARTESIAN_POINT('',(0.20036806992,15.578549493414));
#3525 = CARTESIAN_POINT('',(0.24947730195,15.596809095696));
#3526 = CARTESIAN_POINT('',(0.297870573407,15.61859961783));
#3527 = CARTESIAN_POINT('',(0.374954268367,15.658594542487));
#3528 = CARTESIAN_POINT('',(0.404239072377,15.675078724244));
#3529 = CARTESIAN_POINT('',(0.433207456971,15.692552629107));
#3530 = CARTESIAN_POINT('',(0.461858646442,15.710878410232));
#3531 = CARTESIAN_POINT('',(0.490190420655,15.729918026703));
#3532 = CARTESIAN_POINT('',(0.51819910737,15.749535394439));
#3533 = CARTESIAN_POINT('',(0.584185454488,15.797363109418));
#3534 = CARTESIAN_POINT('',(0.621870398932,15.825986982656));
#3535 = CARTESIAN_POINT('',(0.658969371143,15.855155934762));
#3536 = CARTESIAN_POINT('',(0.69551422893,15.884582439599));
#3537 = CARTESIAN_POINT('',(0.731534327062,15.914005855361));
#3538 = CARTESIAN_POINT('',(0.767057119665,15.943192613));
#3539 = CARTESIAN_POINT('',(0.831636916189,15.996150707403));
#3540 = CARTESIAN_POINT('',(0.860836855534,16.020055626837));
#3541 = CARTESIAN_POINT('',(0.889730412876,16.043532620835));
#3542 = CARTESIAN_POINT('',(0.918337817007,16.06647542351));
#3543 = CARTESIAN_POINT('',(0.946678388844,16.088789292003));
#3544 = CARTESIAN_POINT('',(0.974771236986,16.110390253265));
#3545 = CARTESIAN_POINT('',(1.086984023929,16.19420980029));
#3546 = CARTESIAN_POINT('',(1.169276000304,16.25003065915));
#3547 = CARTESIAN_POINT('',(1.249994947337,16.296560800831));
#3548 = CARTESIAN_POINT('',(1.329559228988,16.33245926509));
#3549 = CARTESIAN_POINT('',(1.408358143002,16.356918300398));
#3550 = CARTESIAN_POINT('',(1.486779068591,16.369530343348));
#3551 = CARTESIAN_POINT('',(1.64378242043,16.370978534453));
#3552 = CARTESIAN_POINT('',(1.722277547536,16.359780754853));
#3553 = CARTESIAN_POINT('',(1.801115328724,16.336668652749));
#3554 = CARTESIAN_POINT('',(1.88068227619,16.302020369377));
#3555 = CARTESIAN_POINT('',(1.961366413563,16.256612316881));
#3556 = CARTESIAN_POINT('',(2.043584306006,16.201747356075));
#3557 = CARTESIAN_POINT('',(2.190162890087,16.093396293309));
#3558 = CARTESIAN_POINT('',(2.253662199917,16.043218987218));
#3559 = CARTESIAN_POINT('',(2.318513226525,15.989775028383));
#3560 = CARTESIAN_POINT('',(2.384918350781,15.934127037146));
#3561 = CARTESIAN_POINT('',(2.453089636632,15.877657777176));
#3562 = CARTESIAN_POINT('',(2.523261975836,15.822111986687));
#3563 = CARTESIAN_POINT('',(2.668815120195,15.716613279656));
#3564 = CARTESIAN_POINT('',(2.74504445875,15.666129627477));
#3565 = CARTESIAN_POINT('',(2.823664986107,15.621240228195));
#3566 = CARTESIAN_POINT('',(2.904139543657,15.58510319281));
#3567 = CARTESIAN_POINT('',(2.986046299648,15.560367438618));
#3568 = CARTESIAN_POINT('',(3.069024549354,15.548585201349));
#3569 = CARTESIAN_POINT('',(3.233199950677,15.551557825411));
#3570 = CARTESIAN_POINT('',(3.312844850931,15.565275575909));
#3571 = CARTESIAN_POINT('',(3.391391331894,15.590737183097));
#3572 = CARTESIAN_POINT('',(3.468538541418,15.626429565694));
#3573 = CARTESIAN_POINT('',(3.543930328752,15.669974758059));
#3574 = CARTESIAN_POINT('',(3.617113085917,15.718601366497));
#3575 = CARTESIAN_POINT('',(3.786297230255,15.841228112599));
#3576 = CARTESIAN_POINT('',(3.880839626821,15.918467985628));
#3577 = CARTESIAN_POINT('',(3.97184043395,15.995982944665));
#3578 = CARTESIAN_POINT('',(4.059868465938,16.069698897272));
#3579 = CARTESIAN_POINT('',(4.145458641072,16.136839649508));
#3580 = CARTESIAN_POINT('',(4.22910621537,16.195472985254));
#3581 = CARTESIAN_POINT('',(4.370045030396,16.27911528055));
#3582 = CARTESIAN_POINT('',(4.428032342588,16.308944922166));
#3583 = CARTESIAN_POINT('',(4.485455683955,16.333259205112));
#3584 = CARTESIAN_POINT('',(4.542461613448,16.351713450189));
#3585 = CARTESIAN_POINT('',(4.599191474113,16.364089781265));
#3586 = CARTESIAN_POINT('',(4.655786260555,16.370279625008));
#3587 = CARTESIAN_POINT('',(4.770525028615,16.370279625008));
#3588 = CARTESIAN_POINT('',(4.828651963576,16.363749874282));
#3589 = CARTESIAN_POINT('',(4.886925066542,16.35069434663));
#3590 = CARTESIAN_POINT('',(4.945497451807,16.331233775619));
#3591 = CARTESIAN_POINT('',(5.004522614595,16.305610420024));
#3592 = CARTESIAN_POINT('',(5.064160024037,16.274208608588));
#3593 = CARTESIAN_POINT('',(5.173432484159,16.20798812374));
#3594 = CARTESIAN_POINT('',(5.222793618125,16.174977088465));
#3595 = CARTESIAN_POINT('',(5.272773391983,16.138847532253));
#3596 = CARTESIAN_POINT('',(5.323478151537,16.099961771165));
#3597 = CARTESIAN_POINT('',(5.375017644662,16.05877652307));
#3598 = CARTESIAN_POINT('',(5.427508306486,16.015864567358));
#3599 = CARTESIAN_POINT('',(5.516128187515,15.943192613));
#3600 = CARTESIAN_POINT('',(5.551650980117,15.914005855361));
#3601 = CARTESIAN_POINT('',(5.58767107825,15.884582439599));
#3602 = CARTESIAN_POINT('',(5.624215936037,15.855155934762));
#3603 = CARTESIAN_POINT('',(5.661314908247,15.825986982656));
#3604 = CARTESIAN_POINT('',(5.698999852691,15.797363109418));
#3605 = CARTESIAN_POINT('',(5.764986199796,15.749535394449));
#3606 = CARTESIAN_POINT('',(5.792994886523,15.729918026703));
#3607 = CARTESIAN_POINT('',(5.821326660749,15.710878410224));
#3608 = CARTESIAN_POINT('',(5.84997785022,15.692552629101));
#3609 = CARTESIAN_POINT('',(5.878946234801,15.675078724245));
#3610 = CARTESIAN_POINT('',(5.908231038798,15.658594542494));
#3611 = CARTESIAN_POINT('',(5.985314663089,15.618599654503));
#3612 = CARTESIAN_POINT('',(6.03370795575,15.596809111502));
#3613 = CARTESIAN_POINT('',(6.08281726775,15.578549469102));
#3614 = CARTESIAN_POINT('',(6.132471706355,15.564408095076));
#3615 = CARTESIAN_POINT('',(6.18251634726,15.554813393087));
#3616 = CARTESIAN_POINT('',(6.232803699436,15.55));
#3617 = CARTESIAN_POINT('',(6.28318530718,15.55));
#3618 = ( GEOMETRIC_REPRESENTATION_CONTEXT(2) 
PARAMETRIC_REPRESENTATION_CONTEXT() REPRESENTATION_CONTEXT('2D SPACE',''
  ) );
#3619 = ORIENTED_EDGE('',*,*,#3620,.T.);
#3620 = EDGE_CURVE('',#3308,#3306,#3621,.T.);
#3621 = SURFACE_CURVE('',#3622,(#3721,#3823),.PCURVE_S1.);
#3622 = B_SPLINE_CURVE_WITH_KNOTS('',7,(#3623,#3624,#3625,#3626,#3627,
    #3628,#3629,#3630,#3631,#3632,#3633,#3634,#3635,#3636,#3637,#3638,
    #3639,#3640,#3641,#3642,#3643,#3644,#3645,#3646,#3647,#3648,#3649,
    #3650,#3651,#3652,#3653,#3654,#3655,#3656,#3657,#3658,#3659,#3660,
    #3661,#3662,#3663,#3664,#3665,#3666,#3667,#3668,#3669,#3670,#3671,
    #3672,#3673,#3674,#3675,#3676,#3677,#3678,#3679,#3680,#3681,#3682,
    #3683,#3684,#3685,#3686,#3687,#3688,#3689,#3690,#3691,#3692,#3693,
    #3694,#3695,#3696,#3697,#3698,#3699,#3700,#3701,#3702,#3703,#3704,
    #3705,#3706,#3707,#3708,#3709,#3710,#3711,#3712,#3713,#3714,#3715,
    #3716,#3717,#3718,#3719,#3720),.UNSPECIFIED.,.T.,.F.,(8,6,6,6,6,6,6,
    6,6,6,6,6,6,6,6,6,8),(0.,4.60594902005E-02,7.477464855244E-02,
    0.114512395766,0.147988210403,0.249321392812,0.350795678297,
    0.42590461534,0.5016883697,0.57453740333,0.676859655612,
    0.74991695401,0.824953323924,0.885615424967,0.925308840002,
    0.953991963168,1.),.UNSPECIFIED.);
#3623 = CARTESIAN_POINT('',(8.425143348925E-14,1.24445E+03,3.289E+03));
#3624 = CARTESIAN_POINT('',(-0.42824516832,1.24445E+03,3.289E+03));
#3625 = CARTESIAN_POINT('',(-0.85568785151,1.244445186573E+03,
    3.288974828186E+03));
#3626 = CARTESIAN_POINT('',(-1.279291106455,1.244435591858E+03,
    3.288924654896E+03));
#3627 = CARTESIAN_POINT('',(-1.696056843543,1.244421450507E+03,
    3.288850249717E+03));
#3628 = CARTESIAN_POINT('',(-2.10310059245,1.244403190904E+03,
    3.288752970331E+03));
#3629 = CARTESIAN_POINT('',(-2.497724755231,1.244381400382E+03,
    3.288634756314E+03));
#3630 = CARTESIAN_POINT('',(-3.114250003629,1.244341405458E+03,
    3.288412948726E+03));
#3631 = CARTESIAN_POINT('',(-3.345531860915,1.244324921276E+03,
    3.288320505387E+03));
#3632 = CARTESIAN_POINT('',(-3.571115949409,1.244307447371E+03,
    3.288221233072E+03));
#3633 = CARTESIAN_POINT('',(-3.790807186976,1.24428912159E+03,
    3.288115570964E+03));
#3634 = CARTESIAN_POINT('',(-4.004435333064,1.244270081973E+03,
    3.288003962497E+03));
#3635 = CARTESIAN_POINT('',(-4.211854943232,1.244250464606E+03,
    3.287886855656E+03));
#3636 = CARTESIAN_POINT('',(-4.691226174778,1.244202636891E+03,
    3.287595661514E+03));
#3637 = CARTESIAN_POINT('',(-4.957441308657,1.244174013017E+03,
    3.287416923701E+03));
#3638 = CARTESIAN_POINT('',(-5.211619806095,1.244144844065E+03,
    3.287229465589E+03));
#3639 = CARTESIAN_POINT('',(-5.453837783836,1.24411541756E+03,
    3.287034178325E+03));
#3640 = CARTESIAN_POINT('',(-5.684209156837,1.244085994145E+03,
    3.28683187567E+03));
#3641 = CARTESIAN_POINT('',(-5.90287640051,1.244056807387E+03,
    3.28662330122E+03));
#3642 = CARTESIAN_POINT('',(-6.284487177469,1.244003849293E+03,
    3.286228718578E+03));
#3643 = CARTESIAN_POINT('',(-6.450818393412,1.243979944373E+03,
    3.286044296145E+03));
#3644 = CARTESIAN_POINT('',(-6.609123837847,1.243956467379E+03,
    3.285856231666E+03));
#3645 = CARTESIAN_POINT('',(-6.759530052381,1.243933524576E+03,
    3.285664856436E+03));
#3646 = CARTESIAN_POINT('',(-6.902161272034,1.243911210708E+03,
    3.285470469779E+03));
#3647 = CARTESIAN_POINT('',(-7.037139454105,1.243889609747E+03,
    3.285273339111E+03));
#3648 = CARTESIAN_POINT('',(-7.550367077962,1.2438057902E+03,
    3.284469381139E+03));
#3649 = CARTESIAN_POINT('',(-7.867275533353,1.243749969341E+03,
    3.283841833488E+03));
#3650 = CARTESIAN_POINT('',(-8.11826461255,1.243703439199E+03,
    3.283197930266E+03));
#3651 = CARTESIAN_POINT('',(-8.305742472461,1.243667540735E+03,
    3.282542770919E+03));
#3652 = CARTESIAN_POINT('',(-8.431415978059,1.2436430817E+03,
    3.281880360211E+03));
#3653 = CARTESIAN_POINT('',(-8.496153945096,1.243630469657E+03,
    3.281214136105E+03));
#3654 = CARTESIAN_POINT('',(-8.503587496908,1.243629021466E+03,
    3.279879628318E+03));
#3655 = CARTESIAN_POINT('',(-8.446108822534,1.243640219245E+03,
    3.279212092688E+03));
#3656 = CARTESIAN_POINT('',(-8.327582428543,1.243663331347E+03,
    3.278548019455E+03));
#3657 = CARTESIAN_POINT('',(-8.14720312882,1.243697979631E+03,
    3.27789084538E+03));
#3658 = CARTESIAN_POINT('',(-7.903326172927,1.243743387683E+03,
    3.277244542089E+03));
#3659 = CARTESIAN_POINT('',(-7.593596528823,1.243798252644E+03,
    3.276614140044E+03));
#3660 = CARTESIAN_POINT('',(-6.934930782506,1.243906603707E+03,
    3.275556562146E+03));
#3661 = CARTESIAN_POINT('',(-6.616870939838,1.243956781013E+03,
    3.27511878802E+03));
#3662 = CARTESIAN_POINT('',(-6.259614383788,1.244010224972E+03,
    3.27469584752E+03));
#3663 = CARTESIAN_POINT('',(-5.86178214437,1.244065872963E+03,
    3.274291213616E+03));
#3664 = CARTESIAN_POINT('',(-5.422036175924,1.244122342223E+03,
    3.27390917452E+03));
#3665 = CARTESIAN_POINT('',(-4.93928108982,1.244177888013E+03,
    3.273555019489E+03));
#3666 = CARTESIAN_POINT('',(-3.881880686345,1.24428338672E+03,
    3.272912701421E+03));
#3667 = CARTESIAN_POINT('',(-3.300584852189,1.244333870373E+03,
    3.272621597586E+03));
#3668 = CARTESIAN_POINT('',(-2.674800018309,1.244378759772E+03,
    3.27237502589E+03));
#3669 = CARTESIAN_POINT('',(-2.01237601506,1.244414896807E+03,
    3.272183345986E+03));
#3670 = CARTESIAN_POINT('',(-1.322832489033,1.244439632561E+03,
    3.27205422633E+03));
#3671 = CARTESIAN_POINT('',(-0.616786692172,1.244451414799E+03,
    3.271992600977E+03));
#3672 = CARTESIAN_POINT('',(0.778617623824,1.244448442175E+03,
    3.272008146982E+03));
#3673 = CARTESIAN_POINT('',(1.454842198743,1.244434724424E+03,
    3.272079894176E+03));
#3674 = CARTESIAN_POINT('',(2.113807326318,1.244409262817E+03,
    3.272213302218E+03));
#3675 = CARTESIAN_POINT('',(2.746445690549,1.244373570434E+03,
    3.272403598425E+03));
#3676 = CARTESIAN_POINT('',(3.344669470833,1.244330025242E+03,
    3.272643811193E+03));
#3677 = CARTESIAN_POINT('',(3.901807033184,1.244281398634E+03,
    3.272924805684E+03));
#3678 = CARTESIAN_POINT('',(5.130879639424,1.244158771887E+03,
    3.273671406063E+03));
#3679 = CARTESIAN_POINT('',(5.767420397923,1.244081532014E+03,
    3.274171389731E+03));
#3680 = CARTESIAN_POINT('',(6.324344130714,1.244004017055E+03,
    3.274718660066E+03));
#3681 = CARTESIAN_POINT('',(6.805063950955,1.243930301103E+03,
    3.27530110423E+03));
#3682 = CARTESIAN_POINT('',(7.213365828294,1.24386316035E+03,
    3.275909799666E+03));
#3683 = CARTESIAN_POINT('',(7.552664864293,1.243804527015E+03,
    3.276538210968E+03));
#3684 = CARTESIAN_POINT('',(8.020343379937,1.243720884719E+03,
    3.277641131053E+03));
#3685 = CARTESIAN_POINT('',(8.18129369825,1.243691055078E+03,
    3.278108256033E+03));
#3686 = CARTESIAN_POINT('',(8.30920125007,1.243666740795E+03,
    3.278581135316E+03));
#3687 = CARTESIAN_POINT('',(8.404701346923,1.24364828655E+03,
    3.279058134277E+03));
#3688 = CARTESIAN_POINT('',(8.468228163348,1.243635910219E+03,
    3.279537821537E+03));
#3689 = CARTESIAN_POINT('',(8.5,1.243629720375E+03,3.280018876881E+03));
#3690 = CARTESIAN_POINT('',(8.5,1.243629720375E+03,3.28099415641E+03));
#3691 = CARTESIAN_POINT('',(8.466483465894,1.243636250126E+03,
    3.281488234942E+03));
#3692 = CARTESIAN_POINT('',(8.399470341951,1.243649305653E+03,
    3.281980829811E+03));
#3693 = CARTESIAN_POINT('',(8.298717331309,1.243668766224E+03,
    3.282470513401E+03));
#3694 = CARTESIAN_POINT('',(8.163740349741,1.24369438958E+03,
    3.282955731296E+03));
#3695 = CARTESIAN_POINT('',(7.993831692373,1.243725791391E+03,
    3.283434696176E+03));
#3696 = CARTESIAN_POINT('',(7.621728305281,1.243792011876E+03,
    3.284285717954E+03));
#3697 = CARTESIAN_POINT('',(7.431957597847,1.243825022912E+03,
    3.284660667812E+03));
#3698 = CARTESIAN_POINT('',(7.218231218676,1.243861152468E+03,
    3.285029110281E+03));
#3699 = CARTESIAN_POINT('',(6.979905430875,1.243900038229E+03,
    3.285389826041E+03));
#3700 = CARTESIAN_POINT('',(6.716261072741,1.243941223477E+03,
    3.285741334778E+03));
#3701 = CARTESIAN_POINT('',(6.426543297487,1.243984135433E+03,
    3.28608183363E+03));
#3702 = CARTESIAN_POINT('',(5.902876400511,1.244056807387E+03,
    3.28662330122E+03));
#3703 = CARTESIAN_POINT('',(5.684209156838,1.244085994145E+03,
    3.28683187567E+03));
#3704 = CARTESIAN_POINT('',(5.453837783836,1.24411541756E+03,
    3.287034178325E+03));
#3705 = CARTESIAN_POINT('',(5.211619806095,1.244144844065E+03,
    3.287229465589E+03));
#3706 = CARTESIAN_POINT('',(4.957441308657,1.244174013017E+03,
    3.287416923701E+03));
#3707 = CARTESIAN_POINT('',(4.691226174779,1.244202636891E+03,
    3.287595661514E+03));
#3708 = CARTESIAN_POINT('',(4.211854943331,1.244250464606E+03,
    3.287886855656E+03));
#3709 = CARTESIAN_POINT('',(4.00443533308,1.244270081973E+03,
    3.288003962497E+03));
#3710 = CARTESIAN_POINT('',(3.790807186894,1.24428912159E+03,
    3.288115570964E+03));
#3711 = CARTESIAN_POINT('',(3.571115949318,1.244307447371E+03,
    3.288221233072E+03));
#3712 = CARTESIAN_POINT('',(3.345531860923,1.244324921276E+03,
    3.288320505387E+03));
#3713 = CARTESIAN_POINT('',(3.114250003746,1.244341405458E+03,
    3.288412948726E+03));
#3714 = CARTESIAN_POINT('',(2.49772532056,1.244381400345E+03,
    3.28863475611E+03));
#3715 = CARTESIAN_POINT('',(2.103101010807,1.244403190888E+03,
    3.288752970251E+03));
#3716 = CARTESIAN_POINT('',(1.696056608845,1.244421450531E+03,
    3.288850249849E+03));
#3717 = CARTESIAN_POINT('',(1.279290039012,1.244435591905E+03,
    3.288924655142E+03));
#3718 = CARTESIAN_POINT('',(0.855686192684,1.244445186607E+03,
    3.288974828362E+03));
#3719 = CARTESIAN_POINT('',(0.428243665824,1.24445E+03,3.289E+03));
#3720 = CARTESIAN_POINT('',(8.425143348925E-14,1.24445E+03,3.289E+03));
#3721 = PCURVE('',#2565,#3722);
#3722 = DEFINITIONAL_REPRESENTATION('',(#3723),#3822);
#3723 = B_SPLINE_CURVE_WITH_KNOTS('',7,(#3724,#3725,#3726,#3727,#3728,
    #3729,#3730,#3731,#3732,#3733,#3734,#3735,#3736,#3737,#3738,#3739,
    #3740,#3741,#3742,#3743,#3744,#3745,#3746,#3747,#3748,#3749,#3750,
    #3751,#3752,#3753,#3754,#3755,#3756,#3757,#3758,#3759,#3760,#3761,
    #3762,#3763,#3764,#3765,#3766,#3767,#3768,#3769,#3770,#3771,#3772,
    #3773,#3774,#3775,#3776,#3777,#3778,#3779,#3780,#3781,#3782,#3783,
    #3784,#3785,#3786,#3787,#3788,#3789,#3790,#3791,#3792,#3793,#3794,
    #3795,#3796,#3797,#3798,#3799,#3800,#3801,#3802,#3803,#3804,#3805,
    #3806,#3807,#3808,#3809,#3810,#3811,#3812,#3813,#3814,#3815,#3816,
    #3817,#3818,#3819,#3820,#3821),.UNSPECIFIED.,.T.,.F.,(8,6,6,6,6,6,6,
    6,6,6,6,6,6,6,6,6,8),(0.,4.60594902005E-02,7.477464855244E-02,
    0.114512395766,0.147988210403,0.249321392812,0.350795678297,
    0.42590461534,0.5016883697,0.57453740333,0.676859655612,
    0.74991695401,0.824953323924,0.885615424967,0.925308840002,
    0.953991963168,1.),.UNSPECIFIED.);
#3724 = CARTESIAN_POINT('',(4.712388980385,3.983E+03));
#3725 = CARTESIAN_POINT('',(4.722023292383,3.983E+03));
#3726 = CARTESIAN_POINT('',(4.731639551552,3.982974828186E+03));
#3727 = CARTESIAN_POINT('',(4.741170891147,3.982924654896E+03));
#3728 = CARTESIAN_POINT('',(4.750551310169,3.982850249717E+03));
#3729 = CARTESIAN_POINT('',(4.759717056886,3.982752970331E+03));
#3730 = CARTESIAN_POINT('',(4.768608104787,3.982634756314E+03));
#3731 = CARTESIAN_POINT('',(4.782507343304,3.982412948726E+03));
#3732 = CARTESIAN_POINT('',(4.78772362757,3.982320505387E+03));
#3733 = CARTESIAN_POINT('',(4.792813687355,3.982221233072E+03));
#3734 = CARTESIAN_POINT('',(4.797773138763,3.982115570964E+03));
#3735 = CARTESIAN_POINT('',(4.802598105809,3.982003962497E+03));
#3736 = CARTESIAN_POINT('',(4.80728522582,3.981886855656E+03));
#3737 = CARTESIAN_POINT('',(4.818123274214,3.981595661514E+03));
#3738 = CARTESIAN_POINT('',(4.824146709461,3.981416923701E+03));
#3739 = CARTESIAN_POINT('',(4.829902315464,3.981229465589E+03));
#3740 = CARTESIAN_POINT('',(4.835391405809,3.981034178325E+03));
#3741 = CARTESIAN_POINT('',(4.840616077575,3.98083187567E+03));
#3742 = CARTESIAN_POINT('',(4.845579036148,3.98062330122E+03));
#3743 = CARTESIAN_POINT('',(4.854246480178,3.980228718578E+03));
#3744 = CARTESIAN_POINT('',(4.858026868553,3.980044296145E+03));
#3745 = CARTESIAN_POINT('',(4.861627191374,3.979856231666E+03));
#3746 = CARTESIAN_POINT('',(4.865050000208,3.979664856436E+03));
#3747 = CARTESIAN_POINT('',(4.868297799105,3.979470469779E+03));
#3748 = CARTESIAN_POINT('',(4.871373051738,3.979273339111E+03));
#3749 = CARTESIAN_POINT('',(4.883072201812,3.978469381139E+03));
#3750 = CARTESIAN_POINT('',(4.890310949387,3.977841833488E+03));
#3751 = CARTESIAN_POINT('',(4.896053484624,3.977197930266E+03));
#3752 = CARTESIAN_POINT('',(4.900347828655,3.976542770919E+03));
#3753 = CARTESIAN_POINT('',(4.903228164488,3.975880360211E+03));
#3754 = CARTESIAN_POINT('',(4.904711971658,3.975214136105E+03));
#3755 = CARTESIAN_POINT('',(4.904882349726,3.973879628318E+03));
#3756 = CARTESIAN_POINT('',(4.90356492681,3.973212092688E+03));
#3757 = CARTESIAN_POINT('',(4.900848207743,3.972548019455E+03));
#3758 = CARTESIAN_POINT('',(4.896715993435,3.97189084538E+03));
#3759 = CARTESIAN_POINT('',(4.891135359447,3.971244542089E+03));
#3760 = CARTESIAN_POINT('',(4.884059364854,3.970614140044E+03));
#3761 = CARTESIAN_POINT('',(4.869042083005,3.969556562146E+03));
#3762 = CARTESIAN_POINT('',(4.861798291479,3.96911878802E+03));
#3763 = CARTESIAN_POINT('',(4.853672020752,3.96869584752E+03));
#3764 = CARTESIAN_POINT('',(4.844635607587,3.968291213616E+03));
#3765 = CARTESIAN_POINT('',(4.834662556098,3.96790917452E+03));
#3766 = CARTESIAN_POINT('',(4.823731518925,3.967555019489E+03));
#3767 = CARTESIAN_POINT('',(4.799824876242,3.966912701421E+03));
#3768 = CARTESIAN_POINT('',(4.786699209588,3.966621597586E+03));
#3769 = CARTESIAN_POINT('',(4.772587262435,3.96637502589E+03));
#3770 = CARTESIAN_POINT('',(4.757666682125,3.966183345986E+03));
#3771 = CARTESIAN_POINT('',(4.74214842785,3.96605422633E+03));
#3772 = CARTESIAN_POINT('',(4.726264981171,3.965992600977E+03));
#3773 = CARTESIAN_POINT('',(4.694872236913,3.966008146982E+03));
#3774 = CARTESIAN_POINT('',(4.67965846099,3.966079894176E+03));
#3775 = CARTESIAN_POINT('',(4.664826471785,3.966213302218E+03));
#3776 = CARTESIAN_POINT('',(4.650574935122,3.966403598425E+03));
#3777 = CARTESIAN_POINT('',(4.637083283621,3.966643811193E+03));
#3778 = CARTESIAN_POINT('',(4.62450257207,3.966924805684E+03));
#3779 = CARTESIAN_POINT('',(4.596714612531,3.967671406063E+03));
#3780 = CARTESIAN_POINT('',(4.582292470345,3.968171389731E+03));
#3781 = CARTESIAN_POINT('',(4.569645025002,3.968718660066E+03));
#3782 = CARTESIAN_POINT('',(4.558705057627,3.96930110423E+03));
#3783 = CARTESIAN_POINT('',(4.549396576561,3.969909799666E+03));
#3784 = CARTESIAN_POINT('',(4.541650298017,3.970538210968E+03));
#3785 = CARTESIAN_POINT('',(4.530961902594,3.971641131053E+03));
#3786 = CARTESIAN_POINT('',(4.527279382948,3.972108256033E+03));
#3787 = CARTESIAN_POINT('',(4.524350323893,3.972581135316E+03));
#3788 = CARTESIAN_POINT('',(4.522162096164,3.973058134277E+03));
#3789 = CARTESIAN_POINT('',(4.520706052782,3.973537821537E+03));
#3790 = CARTESIAN_POINT('',(4.519977836983,3.974018876881E+03));
#3791 = CARTESIAN_POINT('',(4.519977836983,3.97499415641E+03));
#3792 = CARTESIAN_POINT('',(4.520746041602,3.975488234942E+03));
#3793 = CARTESIAN_POINT('',(4.522281991419,3.975980829811E+03));
#3794 = CARTESIAN_POINT('',(4.524590543656,3.976470513401E+03));
#3795 = CARTESIAN_POINT('',(4.527681341743,3.976955731296E+03));
#3796 = CARTESIAN_POINT('',(4.531568457275,3.977434696176E+03));
#3797 = CARTESIAN_POINT('',(4.540071265876,3.978285717954E+03));
#3798 = CARTESIAN_POINT('',(4.544404646734,3.978660667812E+03));
#3799 = CARTESIAN_POINT('',(4.549281023446,3.979029110281E+03));
#3800 = CARTESIAN_POINT('',(4.554713404864,3.979389826041E+03));
#3801 = CARTESIAN_POINT('',(4.560716317409,3.979741334778E+03));
#3802 = CARTESIAN_POINT('',(4.567304990293,3.98008183363E+03));
#3803 = CARTESIAN_POINT('',(4.579198924621,3.98062330122E+03));
#3804 = CARTESIAN_POINT('',(4.584161883194,3.98083187567E+03));
#3805 = CARTESIAN_POINT('',(4.589386554961,3.981034178325E+03));
#3806 = CARTESIAN_POINT('',(4.594875645305,3.981229465589E+03));
#3807 = CARTESIAN_POINT('',(4.600631251308,3.981416923701E+03));
#3808 = CARTESIAN_POINT('',(4.606654686555,3.981595661514E+03));
#3809 = CARTESIAN_POINT('',(4.617492734947,3.981886855656E+03));
#3810 = CARTESIAN_POINT('',(4.62217985496,3.982003962497E+03));
#3811 = CARTESIAN_POINT('',(4.627004822008,3.982115570964E+03));
#3812 = CARTESIAN_POINT('',(4.631964273417,3.982221233072E+03));
#3813 = CARTESIAN_POINT('',(4.637054333199,3.982320505387E+03));
#3814 = CARTESIAN_POINT('',(4.642270617463,3.982412948726E+03));
#3815 = CARTESIAN_POINT('',(4.656169843237,3.98263475611E+03));
#3816 = CARTESIAN_POINT('',(4.665060894468,3.982752970251E+03));
#3817 = CARTESIAN_POINT('',(4.6742266559,3.982850249849E+03));
#3818 = CARTESIAN_POINT('',(4.683607093653,3.982924655142E+03));
#3819 = CARTESIAN_POINT('',(4.693138446536,3.982974828362E+03));
#3820 = CARTESIAN_POINT('',(4.702754702188,3.983E+03));
#3821 = CARTESIAN_POINT('',(4.712388980385,3.983E+03));
#3822 = ( GEOMETRIC_REPRESENTATION_CONTEXT(2) 
PARAMETRIC_REPRESENTATION_CONTEXT() REPRESENTATION_CONTEXT('2D SPACE',''
  ) );
#3823 = PCURVE('',#3513,#3824);
#3824 = DEFINITIONAL_REPRESENTATION('',(#3825),#3924);
#3825 = B_SPLINE_CURVE_WITH_KNOTS('',7,(#3826,#3827,#3828,#3829,#3830,
    #3831,#3832,#3833,#3834,#3835,#3836,#3837,#3838,#3839,#3840,#3841,
    #3842,#3843,#3844,#3845,#3846,#3847,#3848,#3849,#3850,#3851,#3852,
    #3853,#3854,#3855,#3856,#3857,#3858,#3859,#3860,#3861,#3862,#3863,
    #3864,#3865,#3866,#3867,#3868,#3869,#3870,#3871,#3872,#3873,#3874,
    #3875,#3876,#3877,#3878,#3879,#3880,#3881,#3882,#3883,#3884,#3885,
    #3886,#3887,#3888,#3889,#3890,#3891,#3892,#3893,#3894,#3895,#3896,
    #3897,#3898,#3899,#3900,#3901,#3902,#3903,#3904,#3905,#3906,#3907,
    #3908,#3909,#3910,#3911,#3912,#3913,#3914,#3915,#3916,#3917,#3918,
    #3919,#3920,#3921,#3922,#3923),.UNSPECIFIED.,.F.,.F.,(8,6,6,6,6,6,6,
    6,6,6,6,6,6,6,6,6,8),(0.,4.60594902005E-02,7.477464855244E-02,
    0.114512395766,0.147988210403,0.249321392812,0.350795678297,
    0.42590461534,0.5016883697,0.57453740333,0.676859655612,
    0.74991695401,0.824953323924,0.885615424967,0.925308840002,
    0.953991963168,1.),.UNSPECIFIED.);
#3826 = CARTESIAN_POINT('',(0.,15.55));
#3827 = CARTESIAN_POINT('',(5.038178450824E-02,15.55));
#3828 = CARTESIAN_POINT('',(0.100669155073,15.554813426869));
#3829 = CARTESIAN_POINT('',(0.150713728605,15.564408141806));
#3830 = CARTESIAN_POINT('',(0.20036806992,15.578549493414));
#3831 = CARTESIAN_POINT('',(0.24947730195,15.596809095696));
#3832 = CARTESIAN_POINT('',(0.297870573407,15.61859961783));
#3833 = CARTESIAN_POINT('',(0.374954268367,15.658594542487));
#3834 = CARTESIAN_POINT('',(0.404239072377,15.675078724244));
#3835 = CARTESIAN_POINT('',(0.433207456971,15.692552629107));
#3836 = CARTESIAN_POINT('',(0.461858646442,15.710878410232));
#3837 = CARTESIAN_POINT('',(0.490190420655,15.729918026703));
#3838 = CARTESIAN_POINT('',(0.51819910737,15.749535394439));
#3839 = CARTESIAN_POINT('',(0.584185454488,15.797363109418));
#3840 = CARTESIAN_POINT('',(0.621870398932,15.825986982656));
#3841 = CARTESIAN_POINT('',(0.658969371143,15.855155934762));
#3842 = CARTESIAN_POINT('',(0.69551422893,15.884582439599));
#3843 = CARTESIAN_POINT('',(0.731534327062,15.914005855361));
#3844 = CARTESIAN_POINT('',(0.767057119665,15.943192613));
#3845 = CARTESIAN_POINT('',(0.831636916189,15.996150707403));
#3846 = CARTESIAN_POINT('',(0.860836855534,16.020055626837));
#3847 = CARTESIAN_POINT('',(0.889730412876,16.043532620835));
#3848 = CARTESIAN_POINT('',(0.918337817007,16.06647542351));
#3849 = CARTESIAN_POINT('',(0.946678388844,16.088789292003));
#3850 = CARTESIAN_POINT('',(0.974771236986,16.110390253265));
#3851 = CARTESIAN_POINT('',(1.086984023929,16.19420980029));
#3852 = CARTESIAN_POINT('',(1.169276000304,16.25003065915));
#3853 = CARTESIAN_POINT('',(1.249994947337,16.296560800831));
#3854 = CARTESIAN_POINT('',(1.329559228988,16.33245926509));
#3855 = CARTESIAN_POINT('',(1.408358143002,16.356918300398));
#3856 = CARTESIAN_POINT('',(1.486779068591,16.369530343348));
#3857 = CARTESIAN_POINT('',(1.64378242043,16.370978534453));
#3858 = CARTESIAN_POINT('',(1.722277547536,16.359780754853));
#3859 = CARTESIAN_POINT('',(1.801115328724,16.336668652749));
#3860 = CARTESIAN_POINT('',(1.88068227619,16.302020369377));
#3861 = CARTESIAN_POINT('',(1.961366413563,16.256612316881));
#3862 = CARTESIAN_POINT('',(2.043584306006,16.201747356075));
#3863 = CARTESIAN_POINT('',(2.190162890087,16.093396293309));
#3864 = CARTESIAN_POINT('',(2.253662199917,16.043218987218));
#3865 = CARTESIAN_POINT('',(2.318513226525,15.989775028383));
#3866 = CARTESIAN_POINT('',(2.384918350781,15.934127037146));
#3867 = CARTESIAN_POINT('',(2.453089636632,15.877657777176));
#3868 = CARTESIAN_POINT('',(2.523261975836,15.822111986687));
#3869 = CARTESIAN_POINT('',(2.668815120195,15.716613279656));
#3870 = CARTESIAN_POINT('',(2.74504445875,15.666129627477));
#3871 = CARTESIAN_POINT('',(2.823664986107,15.621240228195));
#3872 = CARTESIAN_POINT('',(2.904139543657,15.58510319281));
#3873 = CARTESIAN_POINT('',(2.986046299648,15.560367438618));
#3874 = CARTESIAN_POINT('',(3.069024549354,15.548585201349));
#3875 = CARTESIAN_POINT('',(3.233199950677,15.551557825411));
#3876 = CARTESIAN_POINT('',(3.312844850931,15.565275575909));
#3877 = CARTESIAN_POINT('',(3.391391331894,15.590737183097));
#3878 = CARTESIAN_POINT('',(3.468538541418,15.626429565694));
#3879 = CARTESIAN_POINT('',(3.543930328752,15.669974758059));
#3880 = CARTESIAN_POINT('',(3.617113085917,15.718601366497));
#3881 = CARTESIAN_POINT('',(3.786297230255,15.841228112599));
#3882 = CARTESIAN_POINT('',(3.880839626821,15.918467985628));
#3883 = CARTESIAN_POINT('',(3.97184043395,15.995982944665));
#3884 = CARTESIAN_POINT('',(4.059868465938,16.069698897272));
#3885 = CARTESIAN_POINT('',(4.145458641072,16.136839649508));
#3886 = CARTESIAN_POINT('',(4.22910621537,16.195472985254));
#3887 = CARTESIAN_POINT('',(4.370045030396,16.27911528055));
#3888 = CARTESIAN_POINT('',(4.428032342588,16.308944922166));
#3889 = CARTESIAN_POINT('',(4.485455683955,16.333259205112));
#3890 = CARTESIAN_POINT('',(4.542461613448,16.351713450189));
#3891 = CARTESIAN_POINT('',(4.599191474113,16.364089781265));
#3892 = CARTESIAN_POINT('',(4.655786260555,16.370279625008));
#3893 = CARTESIAN_POINT('',(4.770525028615,16.370279625008));
#3894 = CARTESIAN_POINT('',(4.828651963576,16.363749874282));
#3895 = CARTESIAN_POINT('',(4.886925066542,16.35069434663));
#3896 = CARTESIAN_POINT('',(4.945497451807,16.331233775619));
#3897 = CARTESIAN_POINT('',(5.004522614595,16.305610420024));
#3898 = CARTESIAN_POINT('',(5.064160024037,16.274208608588));
#3899 = CARTESIAN_POINT('',(5.173432484159,16.20798812374));
#3900 = CARTESIAN_POINT('',(5.222793618125,16.174977088465));
#3901 = CARTESIAN_POINT('',(5.272773391983,16.138847532253));
#3902 = CARTESIAN_POINT('',(5.323478151537,16.099961771165));
#3903 = CARTESIAN_POINT('',(5.375017644662,16.05877652307));
#3904 = CARTESIAN_POINT('',(5.427508306486,16.015864567358));
#3905 = CARTESIAN_POINT('',(5.516128187515,15.943192613));
#3906 = CARTESIAN_POINT('',(5.551650980117,15.914005855361));
#3907 = CARTESIAN_POINT('',(5.58767107825,15.884582439599));
#3908 = CARTESIAN_POINT('',(5.624215936037,15.855155934762));
#3909 = CARTESIAN_POINT('',(5.661314908247,15.825986982656));
#3910 = CARTESIAN_POINT('',(5.698999852691,15.797363109418));
#3911 = CARTESIAN_POINT('',(5.764986199796,15.749535394449));
#3912 = CARTESIAN_POINT('',(5.792994886523,15.729918026703));
#3913 = CARTESIAN_POINT('',(5.821326660749,15.710878410224));
#3914 = CARTESIAN_POINT('',(5.84997785022,15.692552629101));
#3915 = CARTESIAN_POINT('',(5.878946234801,15.675078724245));
#3916 = CARTESIAN_POINT('',(5.908231038798,15.658594542494));
#3917 = CARTESIAN_POINT('',(5.985314663089,15.618599654503));
#3918 = CARTESIAN_POINT('',(6.03370795575,15.596809111502));
#3919 = CARTESIAN_POINT('',(6.08281726775,15.578549469102));
#3920 = CARTESIAN_POINT('',(6.132471706355,15.564408095076));
#3921 = CARTESIAN_POINT('',(6.18251634726,15.554813393087));
#3922 = CARTESIAN_POINT('',(6.232803699436,15.55));
#3923 = CARTESIAN_POINT('',(6.28318530718,15.55));
#3924 = ( GEOMETRIC_REPRESENTATION_CONTEXT(2) 
PARAMETRIC_REPRESENTATION_CONTEXT() REPRESENTATION_CONTEXT('2D SPACE',''
  ) );
#3925 = FACE_BOUND('',#3926,.T.);
#3926 = EDGE_LOOP('',(#3927,#4242));
#3927 = ORIENTED_EDGE('',*,*,#3928,.F.);
#3928 = EDGE_CURVE('',#3929,#3931,#3933,.T.);
#3929 = VERTEX_POINT('',#3930);
#3930 = CARTESIAN_POINT('',(7.011715248518E-14,1.15555E+03,3.984E+03));
#3931 = VERTEX_POINT('',#3932);
#3932 = CARTESIAN_POINT('',(6.921933279558E-06,1.15555E+03,
    3.966999999999E+03));
#3933 = SURFACE_CURVE('',#3934,(#4033,#4135),.PCURVE_S1.);
#3934 = B_SPLINE_CURVE_WITH_KNOTS('',7,(#3935,#3936,#3937,#3938,#3939,
    #3940,#3941,#3942,#3943,#3944,#3945,#3946,#3947,#3948,#3949,#3950,
    #3951,#3952,#3953,#3954,#3955,#3956,#3957,#3958,#3959,#3960,#3961,
    #3962,#3963,#3964,#3965,#3966,#3967,#3968,#3969,#3970,#3971,#3972,
    #3973,#3974,#3975,#3976,#3977,#3978,#3979,#3980,#3981,#3982,#3983,
    #3984,#3985,#3986,#3987,#3988,#3989,#3990,#3991,#3992,#3993,#3994,
    #3995,#3996,#3997,#3998,#3999,#4000,#4001,#4002,#4003,#4004,#4005,
    #4006,#4007,#4008,#4009,#4010,#4011,#4012,#4013,#4014,#4015,#4016,
    #4017,#4018,#4019,#4020,#4021,#4022,#4023,#4024,#4025,#4026,#4027,
    #4028,#4029,#4030,#4031,#4032),.UNSPECIFIED.,.T.,.F.,(8,6,6,6,6,6,6,
    6,6,6,6,6,6,6,6,6,8),(0.,4.60594879839E-02,7.477464495433E-02,
    0.114512390956,0.14798820399,0.2493213834,0.350795668242,
    0.425904605215,0.501688359517,0.574537393539,0.676859647019,
    0.749916946267,0.824953317059,0.885615423688,0.925308839146,
    0.953991962632,1.),.UNSPECIFIED.);
#3935 = CARTESIAN_POINT('',(6.803525292663E-14,1.15555E+03,3.984E+03));
#3936 = CARTESIAN_POINT('',(-0.428245168319,1.15555E+03,3.984E+03));
#3937 = CARTESIAN_POINT('',(-0.855687851511,1.155554813427E+03,
    3.983974828186E+03));
#3938 = CARTESIAN_POINT('',(-1.279291106455,1.155564408142E+03,
    3.983924654896E+03));
#3939 = CARTESIAN_POINT('',(-1.696056843542,1.155578549493E+03,
    3.983850249717E+03));
#3940 = CARTESIAN_POINT('',(-2.10310059245,1.155596809096E+03,
    3.983752970331E+03));
#3941 = CARTESIAN_POINT('',(-2.497724755231,1.155618599618E+03,
    3.983634756314E+03));
#3942 = CARTESIAN_POINT('',(-3.114250003632,1.155658594542E+03,
    3.983412948726E+03));
#3943 = CARTESIAN_POINT('',(-3.345531860915,1.155675078724E+03,
    3.983320505387E+03));
#3944 = CARTESIAN_POINT('',(-3.571115949406,1.155692552629E+03,
    3.983221233072E+03));
#3945 = CARTESIAN_POINT('',(-3.790807186974,1.15571087841E+03,
    3.983115570964E+03));
#3946 = CARTESIAN_POINT('',(-4.004435333064,1.155729918027E+03,
    3.983003962497E+03));
#3947 = CARTESIAN_POINT('',(-4.211854943235,1.155749535394E+03,
    3.982886855656E+03));
#3948 = CARTESIAN_POINT('',(-4.691226179679,1.15579736311E+03,
    3.982595661511E+03));
#3949 = CARTESIAN_POINT('',(-4.957441304471,1.155825986982E+03,
    3.982416923704E+03));
#3950 = CARTESIAN_POINT('',(-5.211619802203,1.155855155934E+03,
    3.982229465591E+03));
#3951 = CARTESIAN_POINT('',(-5.453837786786,1.15588458244E+03,
    3.982034178322E+03));
#3952 = CARTESIAN_POINT('',(-5.684209161217,1.155914005856E+03,
    3.981831875667E+03));
#3953 = CARTESIAN_POINT('',(-5.902876396899,1.155943192612E+03,
    3.981623301223E+03));
#3954 = CARTESIAN_POINT('',(-6.28448717747,1.155996150707E+03,
    3.981228718578E+03));
#3955 = CARTESIAN_POINT('',(-6.450818393412,1.156020055627E+03,
    3.981044296145E+03));
#3956 = CARTESIAN_POINT('',(-6.609123837847,1.156043532621E+03,
    3.980856231666E+03));
#3957 = CARTESIAN_POINT('',(-6.759530052381,1.156066475424E+03,
    3.980664856436E+03));
#3958 = CARTESIAN_POINT('',(-6.902161272034,1.156088789292E+03,
    3.980470469779E+03));
#3959 = CARTESIAN_POINT('',(-7.037139454106,1.156110390253E+03,
    3.980273339111E+03));
#3960 = CARTESIAN_POINT('',(-7.55036708503,1.156194209801E+03,
    3.979469381127E+03));
#3961 = CARTESIAN_POINT('',(-7.867275521828,1.156250030657E+03,
    3.978841833515E+03));
#3962 = CARTESIAN_POINT('',(-8.118264615048,1.156296560801E+03,
    3.978197930249E+03));
#3963 = CARTESIAN_POINT('',(-8.305742480096,1.156332459266E+03,
    3.977542770903E+03));
#3964 = CARTESIAN_POINT('',(-8.43141597276,1.1563569183E+03,
    3.976880360239E+03));
#3965 = CARTESIAN_POINT('',(-8.496153945163,1.156369530343E+03,
    3.976214136093E+03));
#3966 = CARTESIAN_POINT('',(-8.503587496927,1.156370978534E+03,
    3.974879628315E+03));
#3967 = CARTESIAN_POINT('',(-8.446108823941,1.156359780755E+03,
    3.974212092696E+03));
#3968 = CARTESIAN_POINT('',(-8.32758242644,1.156336668652E+03,
    3.97354801945E+03));
#3969 = CARTESIAN_POINT('',(-8.147203128169,1.156302020369E+03,
    3.972890845375E+03));
#3970 = CARTESIAN_POINT('',(-7.903326176093,1.156256612317E+03,
    3.972244542097E+03));
#3971 = CARTESIAN_POINT('',(-7.593596526864,1.156201747356E+03,
    3.971614140041E+03));
#3972 = CARTESIAN_POINT('',(-6.934930782444,1.156093396293E+03,
    3.970556562146E+03));
#3973 = CARTESIAN_POINT('',(-6.616870939822,1.156043218987E+03,
    3.97011878802E+03));
#3974 = CARTESIAN_POINT('',(-6.259614383848,1.155989775028E+03,
    3.96969584752E+03));
#3975 = CARTESIAN_POINT('',(-5.861782144443,1.155934127037E+03,
    3.969291213616E+03));
#3976 = CARTESIAN_POINT('',(-5.422036175918,1.155877657777E+03,
    3.96890917452E+03));
#3977 = CARTESIAN_POINT('',(-4.939281089725,1.155822111987E+03,
    3.968555019489E+03));
#3978 = CARTESIAN_POINT('',(-3.881880686346,1.15571661328E+03,
    3.967912701421E+03));
#3979 = CARTESIAN_POINT('',(-3.300584852186,1.155666129627E+03,
    3.967621597586E+03));
#3980 = CARTESIAN_POINT('',(-2.674800018315,1.155621240228E+03,
    3.96737502589E+03));
#3981 = CARTESIAN_POINT('',(-2.012376015048,1.155585103193E+03,
    3.967183345986E+03));
#3982 = CARTESIAN_POINT('',(-1.322832489043,1.155560367439E+03,
    3.96705422633E+03));
#3983 = CARTESIAN_POINT('',(-0.616786692169,1.155548585201E+03,
    3.966992600977E+03));
#3984 = CARTESIAN_POINT('',(0.778617628025,1.155551557825E+03,
    3.967008146982E+03));
#3985 = CARTESIAN_POINT('',(1.45484218866,1.155565275576E+03,
    3.967079894177E+03));
#3986 = CARTESIAN_POINT('',(2.113807333696,1.155590737183E+03,
    3.967213302215E+03));
#3987 = CARTESIAN_POINT('',(2.746445693522,1.155626429567E+03,
    3.96740359843E+03));
#3988 = CARTESIAN_POINT('',(3.344669463637,1.155669974757E+03,
    3.967643811187E+03));
#3989 = CARTESIAN_POINT('',(3.901807036415,1.155718601367E+03,
    3.967924805686E+03));
#3990 = CARTESIAN_POINT('',(5.130879639426,1.155841228113E+03,
    3.968671406063E+03));
#3991 = CARTESIAN_POINT('',(5.767420397921,1.155918467986E+03,
    3.969171389731E+03));
#3992 = CARTESIAN_POINT('',(6.324344130714,1.155995982945E+03,
    3.969718660066E+03));
#3993 = CARTESIAN_POINT('',(6.805063950956,1.156069698897E+03,
    3.97030110423E+03));
#3994 = CARTESIAN_POINT('',(7.213365828295,1.15613683965E+03,
    3.970909799666E+03));
#3995 = CARTESIAN_POINT('',(7.552664864293,1.156195472985E+03,
    3.971538210968E+03));
#3996 = CARTESIAN_POINT('',(8.020343379922,1.156279115281E+03,
    3.972641131053E+03));
#3997 = CARTESIAN_POINT('',(8.18129369827,1.156308944922E+03,
    3.973108256033E+03));
#3998 = CARTESIAN_POINT('',(8.309201250069,1.156333259205E+03,
    3.973581135316E+03));
#3999 = CARTESIAN_POINT('',(8.404701346911,1.15635171345E+03,
    3.974058134277E+03));
#4000 = CARTESIAN_POINT('',(8.468228163354,1.156364089781E+03,
    3.974537821537E+03));
#4001 = CARTESIAN_POINT('',(8.5,1.156370279625E+03,3.975018876881E+03));
#4002 = CARTESIAN_POINT('',(8.5,1.156370279625E+03,3.97599415641E+03));
#4003 = CARTESIAN_POINT('',(8.466483465894,1.156363749874E+03,
    3.976488234942E+03));
#4004 = CARTESIAN_POINT('',(8.399470341951,1.156350694347E+03,
    3.976980829811E+03));
#4005 = CARTESIAN_POINT('',(8.298717331309,1.156331233776E+03,
    3.977470513401E+03));
#4006 = CARTESIAN_POINT('',(8.163740349742,1.15630561042E+03,
    3.977955731296E+03));
#4007 = CARTESIAN_POINT('',(7.993831692373,1.156274208609E+03,
    3.978434696176E+03));
#4008 = CARTESIAN_POINT('',(7.62172829191,1.156207988121E+03,
    3.979285717985E+03));
#4009 = CARTESIAN_POINT('',(7.43195761851,1.156174977092E+03,
    3.979660667784E+03));
#4010 = CARTESIAN_POINT('',(7.218231229904,1.156138847534E+03,
    3.980029110257E+03));
#4011 = CARTESIAN_POINT('',(6.979905410596,1.156099961768E+03,
    3.980389826063E+03));
#4012 = CARTESIAN_POINT('',(6.716261053939,1.15605877652E+03,
    3.980741334807E+03));
#4013 = CARTESIAN_POINT('',(6.426543323258,1.156015864571E+03,
    3.981081833604E+03));
#4014 = CARTESIAN_POINT('',(5.902876400513,1.155943192613E+03,
    3.98162330122E+03));
#4015 = CARTESIAN_POINT('',(5.68420915684,1.155914005855E+03,
    3.98183187567E+03));
#4016 = CARTESIAN_POINT('',(5.453837783834,1.15588458244E+03,
    3.982034178325E+03));
#4017 = CARTESIAN_POINT('',(5.21161980609,1.155855155935E+03,
    3.982229465589E+03));
#4018 = CARTESIAN_POINT('',(4.957441308656,1.155825986983E+03,
    3.982416923701E+03));
#4019 = CARTESIAN_POINT('',(4.691226174784,1.155797363109E+03,
    3.982595661514E+03));
#4020 = CARTESIAN_POINT('',(4.21185494323,1.155749535394E+03,
    3.982886855656E+03));
#4021 = CARTESIAN_POINT('',(4.004435333064,1.155729918027E+03,
    3.983003962497E+03));
#4022 = CARTESIAN_POINT('',(3.790807186978,1.15571087841E+03,
    3.983115570964E+03));
#4023 = CARTESIAN_POINT('',(3.57111594941,1.155692552629E+03,
    3.983221233072E+03));
#4024 = CARTESIAN_POINT('',(3.345531860914,1.155675078724E+03,
    3.983320505387E+03));
#4025 = CARTESIAN_POINT('',(3.114250003627,1.155658594542E+03,
    3.983412948726E+03));
#4026 = CARTESIAN_POINT('',(2.497725320559,1.155618599655E+03,
    3.98363475611E+03));
#4027 = CARTESIAN_POINT('',(2.103101010808,1.155596809112E+03,
    3.983752970251E+03));
#4028 = CARTESIAN_POINT('',(1.696056608844,1.155578549469E+03,
    3.983850249849E+03));
#4029 = CARTESIAN_POINT('',(1.279290039011,1.155564408095E+03,
    3.983924655142E+03));
#4030 = CARTESIAN_POINT('',(0.855686192685,1.155554813393E+03,
    3.983974828362E+03));
#4031 = CARTESIAN_POINT('',(0.428243665823,1.15555E+03,3.984E+03));
#4032 = CARTESIAN_POINT('',(6.803525292663E-14,1.15555E+03,3.984E+03));
#4033 = PCURVE('',#2565,#4034);
#4034 = DEFINITIONAL_REPRESENTATION('',(#4035),#4134);
#4035 = B_SPLINE_CURVE_WITH_KNOTS('',7,(#4036,#4037,#4038,#4039,#4040,
    #4041,#4042,#4043,#4044,#4045,#4046,#4047,#4048,#4049,#4050,#4051,
    #4052,#4053,#4054,#4055,#4056,#4057,#4058,#4059,#4060,#4061,#4062,
    #4063,#4064,#4065,#4066,#4067,#4068,#4069,#4070,#4071,#4072,#4073,
    #4074,#4075,#4076,#4077,#4078,#4079,#4080,#4081,#4082,#4083,#4084,
    #4085,#4086,#4087,#4088,#4089,#4090,#4091,#4092,#4093,#4094,#4095,
    #4096,#4097,#4098,#4099,#4100,#4101,#4102,#4103,#4104,#4105,#4106,
    #4107,#4108,#4109,#4110,#4111,#4112,#4113,#4114,#4115,#4116,#4117,
    #4118,#4119,#4120,#4121,#4122,#4123,#4124,#4125,#4126,#4127,#4128,
    #4129,#4130,#4131,#4132,#4133),.UNSPECIFIED.,.T.,.F.,(8,6,6,6,6,6,6,
    6,6,6,6,6,6,6,6,6,8),(0.,4.60594879839E-02,7.477464495433E-02,
    0.114512390956,0.14798820399,0.2493213834,0.350795668242,
    0.425904605215,0.501688359517,0.574537393539,0.676859647019,
    0.749916946267,0.824953317059,0.885615423688,0.925308839146,
    0.953991962632,1.),.UNSPECIFIED.);
#4036 = CARTESIAN_POINT('',(1.570796326795,4.678E+03));
#4037 = CARTESIAN_POINT('',(1.561162014797,4.678E+03));
#4038 = CARTESIAN_POINT('',(1.551545755628,4.677974828186E+03));
#4039 = CARTESIAN_POINT('',(1.542014416033,4.677924654896E+03));
#4040 = CARTESIAN_POINT('',(1.532633997011,4.677850249717E+03));
#4041 = CARTESIAN_POINT('',(1.523468250293,4.677752970331E+03));
#4042 = CARTESIAN_POINT('',(1.514577202392,4.677634756314E+03));
#4043 = CARTESIAN_POINT('',(1.500677963876,4.677412948726E+03));
#4044 = CARTESIAN_POINT('',(1.49546167961,4.677320505387E+03));
#4045 = CARTESIAN_POINT('',(1.490371619825,4.677221233072E+03));
#4046 = CARTESIAN_POINT('',(1.485412168417,4.677115570964E+03));
#4047 = CARTESIAN_POINT('',(1.48058720137,4.677003962497E+03));
#4048 = CARTESIAN_POINT('',(1.475900081359,4.676886855656E+03));
#4049 = CARTESIAN_POINT('',(1.465062032854,4.676595661511E+03));
#4050 = CARTESIAN_POINT('',(1.459038597813,4.676416923704E+03));
#4051 = CARTESIAN_POINT('',(1.453282991803,4.676229465591E+03));
#4052 = CARTESIAN_POINT('',(1.447793901304,4.676034178322E+03));
#4053 = CARTESIAN_POINT('',(1.442569229505,4.675831875667E+03));
#4054 = CARTESIAN_POINT('',(1.437606271113,4.675623301223E+03));
#4055 = CARTESIAN_POINT('',(1.428938827001,4.675228718578E+03));
#4056 = CARTESIAN_POINT('',(1.425158438626,4.675044296145E+03));
#4057 = CARTESIAN_POINT('',(1.421558115806,4.674856231666E+03));
#4058 = CARTESIAN_POINT('',(1.418135306972,4.674664856436E+03));
#4059 = CARTESIAN_POINT('',(1.414887508075,4.674470469779E+03));
#4060 = CARTESIAN_POINT('',(1.411812255441,4.674273339111E+03));
#4061 = CARTESIAN_POINT('',(1.400113105206,4.673469381127E+03));
#4062 = CARTESIAN_POINT('',(1.392874358055,4.672841833515E+03));
#4063 = CARTESIAN_POINT('',(1.387131822498,4.672197930249E+03));
#4064 = CARTESIAN_POINT('',(1.382837478351,4.671542770903E+03));
#4065 = CARTESIAN_POINT('',(1.379957142813,4.670880360239E+03));
#4066 = CARTESIAN_POINT('',(1.37847333552,4.670214136093E+03));
#4067 = CARTESIAN_POINT('',(1.378302957453,4.668879628315E+03));
#4068 = CARTESIAN_POINT('',(1.379620380337,4.668212092696E+03));
#4069 = CARTESIAN_POINT('',(1.382337099485,4.66754801945E+03));
#4070 = CARTESIAN_POINT('',(1.386469313759,4.666890845375E+03));
#4071 = CARTESIAN_POINT('',(1.392049947661,4.666244542097E+03));
#4072 = CARTESIAN_POINT('',(1.399125942371,4.665614140041E+03));
#4073 = CARTESIAN_POINT('',(1.414143224176,4.664556562146E+03));
#4074 = CARTESIAN_POINT('',(1.421387015701,4.66411878802E+03));
#4075 = CARTESIAN_POINT('',(1.429513286426,4.66369584752E+03));
#4076 = CARTESIAN_POINT('',(1.438549699591,4.663291213616E+03));
#4077 = CARTESIAN_POINT('',(1.448522751082,4.66290917452E+03));
#4078 = CARTESIAN_POINT('',(1.459453788257,4.662555019489E+03));
#4079 = CARTESIAN_POINT('',(1.483360430937,4.661912701421E+03));
#4080 = CARTESIAN_POINT('',(1.496486097592,4.661621597586E+03));
#4081 = CARTESIAN_POINT('',(1.510598044744,4.66137502589E+03));
#4082 = CARTESIAN_POINT('',(1.525518625055,4.661183345986E+03));
#4083 = CARTESIAN_POINT('',(1.54103687933,4.66105422633E+03));
#4084 = CARTESIAN_POINT('',(1.556920326009,4.660992600977E+03));
#4085 = CARTESIAN_POINT('',(1.588313070361,4.661008146982E+03));
#4086 = CARTESIAN_POINT('',(1.603526845963,4.661079894177E+03));
#4087 = CARTESIAN_POINT('',(1.61835883556,4.661213302215E+03));
#4088 = CARTESIAN_POINT('',(1.632610372126,4.66140359843E+03));
#4089 = CARTESIAN_POINT('',(1.646102023395,4.661643811187E+03));
#4090 = CARTESIAN_POINT('',(1.658682735183,4.661924805686E+03));
#4091 = CARTESIAN_POINT('',(1.686470694648,4.662671406063E+03));
#4092 = CARTESIAN_POINT('',(1.700892836835,4.663171389731E+03));
#4093 = CARTESIAN_POINT('',(1.713540282177,4.663718660066E+03));
#4094 = CARTESIAN_POINT('',(1.724480249553,4.66430110423E+03));
#4095 = CARTESIAN_POINT('',(1.733788730619,4.664909799666E+03));
#4096 = CARTESIAN_POINT('',(1.741535009163,4.665538210968E+03));
#4097 = CARTESIAN_POINT('',(1.752223404585,4.666641131053E+03));
#4098 = CARTESIAN_POINT('',(1.755905924232,4.667108256033E+03));
#4099 = CARTESIAN_POINT('',(1.758834983287,4.667581135316E+03));
#4100 = CARTESIAN_POINT('',(1.761023211016,4.668058134277E+03));
#4101 = CARTESIAN_POINT('',(1.762479254398,4.668537821537E+03));
#4102 = CARTESIAN_POINT('',(1.763207470196,4.669018876881E+03));
#4103 = CARTESIAN_POINT('',(1.763207470196,4.66999415641E+03));
#4104 = CARTESIAN_POINT('',(1.762439265577,4.670488234942E+03));
#4105 = CARTESIAN_POINT('',(1.760903315761,4.670980829811E+03));
#4106 = CARTESIAN_POINT('',(1.758594763524,4.671470513401E+03));
#4107 = CARTESIAN_POINT('',(1.755503965437,4.671955731296E+03));
#4108 = CARTESIAN_POINT('',(1.751616849905,4.672434696176E+03));
#4109 = CARTESIAN_POINT('',(1.743114040998,4.673285717985E+03));
#4110 = CARTESIAN_POINT('',(1.738780660916,4.673660667784E+03));
#4111 = CARTESIAN_POINT('',(1.73390428399,4.674029110257E+03));
#4112 = CARTESIAN_POINT('',(1.728471901854,4.674389826063E+03));
#4113 = CARTESIAN_POINT('',(1.722468989342,4.674741334807E+03));
#4114 = CARTESIAN_POINT('',(1.715880317472,4.675081833604E+03));
#4115 = CARTESIAN_POINT('',(1.703986382559,4.67562330122E+03));
#4116 = CARTESIAN_POINT('',(1.699023423985,4.67583187567E+03));
#4117 = CARTESIAN_POINT('',(1.693798752219,4.676034178325E+03));
#4118 = CARTESIAN_POINT('',(1.688309661875,4.676229465589E+03));
#4119 = CARTESIAN_POINT('',(1.682554055871,4.676416923701E+03));
#4120 = CARTESIAN_POINT('',(1.676530620625,4.676595661514E+03));
#4121 = CARTESIAN_POINT('',(1.66569257223,4.676886855656E+03));
#4122 = CARTESIAN_POINT('',(1.66100545222,4.677003962497E+03));
#4123 = CARTESIAN_POINT('',(1.656180485173,4.677115570964E+03));
#4124 = CARTESIAN_POINT('',(1.651221033765,4.677221233072E+03));
#4125 = CARTESIAN_POINT('',(1.64613097398,4.677320505387E+03));
#4126 = CARTESIAN_POINT('',(1.640914689714,4.677412948726E+03));
#4127 = CARTESIAN_POINT('',(1.627015463943,4.67763475611E+03));
#4128 = CARTESIAN_POINT('',(1.618124412711,4.677752970251E+03));
#4129 = CARTESIAN_POINT('',(1.60895865128,4.677850249849E+03));
#4130 = CARTESIAN_POINT('',(1.599578213527,4.677924655142E+03));
#4131 = CARTESIAN_POINT('',(1.590046860643,4.677974828362E+03));
#4132 = CARTESIAN_POINT('',(1.580430604991,4.678E+03));
#4133 = CARTESIAN_POINT('',(1.570796326795,4.678E+03));
#4134 = ( GEOMETRIC_REPRESENTATION_CONTEXT(2) 
PARAMETRIC_REPRESENTATION_CONTEXT() REPRESENTATION_CONTEXT('2D SPACE',''
  ) );
#4135 = PCURVE('',#4136,#4141);
#4136 = CYLINDRICAL_SURFACE('',#4137,8.5);
#4137 = AXIS2_PLACEMENT_3D('',#4138,#4139,#4140);
#4138 = CARTESIAN_POINT('',(8.082668874373E-14,1.26E+03,3.9755E+03));
#4139 = DIRECTION('',(-1.224646799147E-16,-1.,0.));
#4140 = DIRECTION('',(0.,0.,1.));
#4141 = DEFINITIONAL_REPRESENTATION('',(#4142),#4241);
#4142 = B_SPLINE_CURVE_WITH_KNOTS('',7,(#4143,#4144,#4145,#4146,#4147,
    #4148,#4149,#4150,#4151,#4152,#4153,#4154,#4155,#4156,#4157,#4158,
    #4159,#4160,#4161,#4162,#4163,#4164,#4165,#4166,#4167,#4168,#4169,
    #4170,#4171,#4172,#4173,#4174,#4175,#4176,#4177,#4178,#4179,#4180,
    #4181,#4182,#4183,#4184,#4185,#4186,#4187,#4188,#4189,#4190,#4191,
    #4192,#4193,#4194,#4195,#4196,#4197,#4198,#4199,#4200,#4201,#4202,
    #4203,#4204,#4205,#4206,#4207,#4208,#4209,#4210,#4211,#4212,#4213,
    #4214,#4215,#4216,#4217,#4218,#4219,#4220,#4221,#4222,#4223,#4224,
    #4225,#4226,#4227,#4228,#4229,#4230,#4231,#4232,#4233,#4234,#4235,
    #4236,#4237,#4238,#4239,#4240),.UNSPECIFIED.,.F.,.F.,(8,6,6,6,6,6,6,
    6,6,6,6,6,6,6,6,6,8),(0.,4.60594879839E-02,7.477464495433E-02,
    0.114512390956,0.14798820399,0.2493213834,0.350795668242,
    0.425904605215,0.501688359517,0.574537393539,0.676859647019,
    0.749916946267,0.824953317059,0.885615423688,0.925308839146,
    0.953991962632,1.),.UNSPECIFIED.);
#4143 = CARTESIAN_POINT('',(0.,104.45));
#4144 = CARTESIAN_POINT('',(5.03817845081E-02,104.45));
#4145 = CARTESIAN_POINT('',(0.100669155073,104.44518657313));
#4146 = CARTESIAN_POINT('',(0.150713728605,104.43559185819));
#4147 = CARTESIAN_POINT('',(0.20036806992,104.42145050658));
#4148 = CARTESIAN_POINT('',(0.24947730195,104.4031909043));
#4149 = CARTESIAN_POINT('',(0.297870573407,104.38140038217));
#4150 = CARTESIAN_POINT('',(0.374954268367,104.34140545751));
#4151 = CARTESIAN_POINT('',(0.404239072377,104.32492127575));
#4152 = CARTESIAN_POINT('',(0.433207456971,104.30744737089));
#4153 = CARTESIAN_POINT('',(0.461858646442,104.28912158976));
#4154 = CARTESIAN_POINT('',(0.490190420655,104.27008197329));
#4155 = CARTESIAN_POINT('',(0.51819910737,104.25046460556));
#4156 = CARTESIAN_POINT('',(0.584185455163,104.20263689009));
#4157 = CARTESIAN_POINT('',(0.621870398291,104.17401301784));
#4158 = CARTESIAN_POINT('',(0.658969370603,104.14484406563));
#4159 = CARTESIAN_POINT('',(0.695514229423,104.11541755999));
#4160 = CARTESIAN_POINT('',(0.731534327713,104.08599414413));
#4161 = CARTESIAN_POINT('',(0.767057119054,104.0568073875));
#4162 = CARTESIAN_POINT('',(0.831636916189,104.00384929259));
#4163 = CARTESIAN_POINT('',(0.860836855534,103.97994437316));
#4164 = CARTESIAN_POINT('',(0.889730412876,103.95646737916));
#4165 = CARTESIAN_POINT('',(0.918337817007,103.93352457649));
#4166 = CARTESIAN_POINT('',(0.946678388844,103.91121070799));
#4167 = CARTESIAN_POINT('',(0.974771236986,103.88960974673));
#4168 = CARTESIAN_POINT('',(1.086984025475,103.80579019855));
#4169 = CARTESIAN_POINT('',(1.169275996761,103.74996934276));
#4170 = CARTESIAN_POINT('',(1.24999494939,103.70343919873));
#4171 = CARTESIAN_POINT('',(1.329559231133,103.66754073363));
#4172 = CARTESIAN_POINT('',(1.408358139569,103.6430817005));
#4173 = CARTESIAN_POINT('',(1.486779070013,103.63046965663));
#4174 = CARTESIAN_POINT('',(1.643782420833,103.62902146554));
#4175 = CARTESIAN_POINT('',(1.722277546565,103.6402192449));
#4176 = CARTESIAN_POINT('',(1.801115329329,103.6633313476));
#4177 = CARTESIAN_POINT('',(1.880682276771,103.69797963073));
#4178 = CARTESIAN_POINT('',(1.961366412563,103.74338768258));
#4179 = CARTESIAN_POINT('',(2.043584306442,103.79825264424));
#4180 = CARTESIAN_POINT('',(2.1901628901,103.9066037067));
#4181 = CARTESIAN_POINT('',(2.253662199917,103.95678101278));
#4182 = CARTESIAN_POINT('',(2.318513226513,104.0102249716));
#4183 = CARTESIAN_POINT('',(2.384918350771,104.06587296284));
#4184 = CARTESIAN_POINT('',(2.453089636635,104.12234222282));
#4185 = CARTESIAN_POINT('',(2.523261975849,104.17788801332));
#4186 = CARTESIAN_POINT('',(2.668815120195,104.28338672034));
#4187 = CARTESIAN_POINT('',(2.74504445875,104.33387037252));
#4188 = CARTESIAN_POINT('',(2.823664986106,104.3787597718));
#4189 = CARTESIAN_POINT('',(2.904139543658,104.41489680718));
#4190 = CARTESIAN_POINT('',(2.986046299647,104.43963256138));
#4191 = CARTESIAN_POINT('',(3.069024549355,104.45141479865));
#4192 = CARTESIAN_POINT('',(3.233199951171,104.44844217458));
#4193 = CARTESIAN_POINT('',(3.312844849771,104.43472442401));
#4194 = CARTESIAN_POINT('',(3.391391332655,104.40926281738));
#4195 = CARTESIAN_POINT('',(3.468538541956,104.37357043334));
#4196 = CARTESIAN_POINT('',(3.543930327739,104.33002524281));
#4197 = CARTESIAN_POINT('',(3.617113086362,104.28139863318));
#4198 = CARTESIAN_POINT('',(3.786297230255,104.1587718874));
#4199 = CARTESIAN_POINT('',(3.880839626821,104.08153201437));
#4200 = CARTESIAN_POINT('',(3.97184043395,104.00401705533));
#4201 = CARTESIAN_POINT('',(4.059868465938,103.93030110272));
#4202 = CARTESIAN_POINT('',(4.145458641073,103.86316035049));
#4203 = CARTESIAN_POINT('',(4.22910621537,103.80452701474));
#4204 = CARTESIAN_POINT('',(4.370045030392,103.72088471945));
#4205 = CARTESIAN_POINT('',(4.428032342593,103.69105507783));
#4206 = CARTESIAN_POINT('',(4.485455683959,103.66674079488));
#4207 = CARTESIAN_POINT('',(4.542461613444,103.64828654981));
#4208 = CARTESIAN_POINT('',(4.59919147411,103.63591021873));
#4209 = CARTESIAN_POINT('',(4.655786260559,103.62972037499));
#4210 = CARTESIAN_POINT('',(4.770525028615,103.62972037499));
#4211 = CARTESIAN_POINT('',(4.828651963576,103.63625012571));
#4212 = CARTESIAN_POINT('',(4.886925066543,103.64930565337));
#4213 = CARTESIAN_POINT('',(4.945497451807,103.66876622438));
#4214 = CARTESIAN_POINT('',(5.004522614595,103.69438957997));
#4215 = CARTESIAN_POINT('',(5.064160024037,103.72579139141));
#4216 = CARTESIAN_POINT('',(5.173432488085,103.79201187864));
#4217 = CARTESIAN_POINT('',(5.222793613924,103.8250229084));
#4218 = CARTESIAN_POINT('',(5.272773388813,103.86115246576));
#4219 = CARTESIAN_POINT('',(5.323478155027,103.90003823169));
#4220 = CARTESIAN_POINT('',(5.3750176488,103.94122347987));
#4221 = CARTESIAN_POINT('',(5.427508302125,103.98413542906));
#4222 = CARTESIAN_POINT('',(5.516128187514,104.056807387));
#4223 = CARTESIAN_POINT('',(5.551650980117,104.08599414463));
#4224 = CARTESIAN_POINT('',(5.58767107825,104.1154175604));
#4225 = CARTESIAN_POINT('',(5.624215936037,104.14484406523));
#4226 = CARTESIAN_POINT('',(5.661314908247,104.17401301734));
#4227 = CARTESIAN_POINT('',(5.698999852691,104.20263689058));
#4228 = CARTESIAN_POINT('',(5.76498619981,104.25046460556));
#4229 = CARTESIAN_POINT('',(5.792994886525,104.27008197329));
#4230 = CARTESIAN_POINT('',(5.821326660737,104.28912158976));
#4231 = CARTESIAN_POINT('',(5.849977850208,104.30744737089));
#4232 = CARTESIAN_POINT('',(5.878946234803,104.32492127575));
#4233 = CARTESIAN_POINT('',(5.908231038813,104.34140545751));
#4234 = CARTESIAN_POINT('',(5.98531466309,104.38140034549));
#4235 = CARTESIAN_POINT('',(6.03370795575,104.40319088849));
#4236 = CARTESIAN_POINT('',(6.08281726775,104.42145053089));
#4237 = CARTESIAN_POINT('',(6.132471706356,104.43559190492));
#4238 = CARTESIAN_POINT('',(6.18251634726,104.44518660691));
#4239 = CARTESIAN_POINT('',(6.232803699436,104.45));
#4240 = CARTESIAN_POINT('',(6.28318530718,104.45));
#4241 = ( GEOMETRIC_REPRESENTATION_CONTEXT(2) 
PARAMETRIC_REPRESENTATION_CONTEXT() REPRESENTATION_CONTEXT('2D SPACE',''
  ) );
#4242 = ORIENTED_EDGE('',*,*,#4243,.F.);
#4243 = EDGE_CURVE('',#3931,#3929,#4244,.T.);
#4244 = SURFACE_CURVE('',#4245,(#4344,#4446),.PCURVE_S1.);
#4245 = B_SPLINE_CURVE_WITH_KNOTS('',7,(#4246,#4247,#4248,#4249,#4250,
    #4251,#4252,#4253,#4254,#4255,#4256,#4257,#4258,#4259,#4260,#4261,
    #4262,#4263,#4264,#4265,#4266,#4267,#4268,#4269,#4270,#4271,#4272,
    #4273,#4274,#4275,#4276,#4277,#4278,#4279,#4280,#4281,#4282,#4283,
    #4284,#4285,#4286,#4287,#4288,#4289,#4290,#4291,#4292,#4293,#4294,
    #4295,#4296,#4297,#4298,#4299,#4300,#4301,#4302,#4303,#4304,#4305,
    #4306,#4307,#4308,#4309,#4310,#4311,#4312,#4313,#4314,#4315,#4316,
    #4317,#4318,#4319,#4320,#4321,#4322,#4323,#4324,#4325,#4326,#4327,
    #4328,#4329,#4330,#4331,#4332,#4333,#4334,#4335,#4336,#4337,#4338,
    #4339,#4340,#4341,#4342,#4343),.UNSPECIFIED.,.T.,.F.,(8,6,6,6,6,6,6,
    6,6,6,6,6,6,6,6,6,8),(0.,4.60594879839E-02,7.477464495433E-02,
    0.114512390956,0.14798820399,0.2493213834,0.350795668242,
    0.425904605215,0.501688359517,0.574537393539,0.676859647019,
    0.749916946267,0.824953317059,0.885615423688,0.925308839146,
    0.953991962632,1.),.UNSPECIFIED.);
#4246 = CARTESIAN_POINT('',(6.803525292663E-14,1.15555E+03,3.984E+03));
#4247 = CARTESIAN_POINT('',(-0.428245168319,1.15555E+03,3.984E+03));
#4248 = CARTESIAN_POINT('',(-0.855687851511,1.155554813427E+03,
    3.983974828186E+03));
#4249 = CARTESIAN_POINT('',(-1.279291106455,1.155564408142E+03,
    3.983924654896E+03));
#4250 = CARTESIAN_POINT('',(-1.696056843542,1.155578549493E+03,
    3.983850249717E+03));
#4251 = CARTESIAN_POINT('',(-2.10310059245,1.155596809096E+03,
    3.983752970331E+03));
#4252 = CARTESIAN_POINT('',(-2.497724755231,1.155618599618E+03,
    3.983634756314E+03));
#4253 = CARTESIAN_POINT('',(-3.114250003632,1.155658594542E+03,
    3.983412948726E+03));
#4254 = CARTESIAN_POINT('',(-3.345531860915,1.155675078724E+03,
    3.983320505387E+03));
#4255 = CARTESIAN_POINT('',(-3.571115949406,1.155692552629E+03,
    3.983221233072E+03));
#4256 = CARTESIAN_POINT('',(-3.790807186974,1.15571087841E+03,
    3.983115570964E+03));
#4257 = CARTESIAN_POINT('',(-4.004435333064,1.155729918027E+03,
    3.983003962497E+03));
#4258 = CARTESIAN_POINT('',(-4.211854943235,1.155749535394E+03,
    3.982886855656E+03));
#4259 = CARTESIAN_POINT('',(-4.691226179679,1.15579736311E+03,
    3.982595661511E+03));
#4260 = CARTESIAN_POINT('',(-4.957441304471,1.155825986982E+03,
    3.982416923704E+03));
#4261 = CARTESIAN_POINT('',(-5.211619802203,1.155855155934E+03,
    3.982229465591E+03));
#4262 = CARTESIAN_POINT('',(-5.453837786786,1.15588458244E+03,
    3.982034178322E+03));
#4263 = CARTESIAN_POINT('',(-5.684209161217,1.155914005856E+03,
    3.981831875667E+03));
#4264 = CARTESIAN_POINT('',(-5.902876396899,1.155943192612E+03,
    3.981623301223E+03));
#4265 = CARTESIAN_POINT('',(-6.28448717747,1.155996150707E+03,
    3.981228718578E+03));
#4266 = CARTESIAN_POINT('',(-6.450818393412,1.156020055627E+03,
    3.981044296145E+03));
#4267 = CARTESIAN_POINT('',(-6.609123837847,1.156043532621E+03,
    3.980856231666E+03));
#4268 = CARTESIAN_POINT('',(-6.759530052381,1.156066475424E+03,
    3.980664856436E+03));
#4269 = CARTESIAN_POINT('',(-6.902161272034,1.156088789292E+03,
    3.980470469779E+03));
#4270 = CARTESIAN_POINT('',(-7.037139454106,1.156110390253E+03,
    3.980273339111E+03));
#4271 = CARTESIAN_POINT('',(-7.55036708503,1.156194209801E+03,
    3.979469381127E+03));
#4272 = CARTESIAN_POINT('',(-7.867275521828,1.156250030657E+03,
    3.978841833515E+03));
#4273 = CARTESIAN_POINT('',(-8.118264615048,1.156296560801E+03,
    3.978197930249E+03));
#4274 = CARTESIAN_POINT('',(-8.305742480096,1.156332459266E+03,
    3.977542770903E+03));
#4275 = CARTESIAN_POINT('',(-8.43141597276,1.1563569183E+03,
    3.976880360239E+03));
#4276 = CARTESIAN_POINT('',(-8.496153945163,1.156369530343E+03,
    3.976214136093E+03));
#4277 = CARTESIAN_POINT('',(-8.503587496927,1.156370978534E+03,
    3.974879628315E+03));
#4278 = CARTESIAN_POINT('',(-8.446108823941,1.156359780755E+03,
    3.974212092696E+03));
#4279 = CARTESIAN_POINT('',(-8.32758242644,1.156336668652E+03,
    3.97354801945E+03));
#4280 = CARTESIAN_POINT('',(-8.147203128169,1.156302020369E+03,
    3.972890845375E+03));
#4281 = CARTESIAN_POINT('',(-7.903326176093,1.156256612317E+03,
    3.972244542097E+03));
#4282 = CARTESIAN_POINT('',(-7.593596526864,1.156201747356E+03,
    3.971614140041E+03));
#4283 = CARTESIAN_POINT('',(-6.934930782444,1.156093396293E+03,
    3.970556562146E+03));
#4284 = CARTESIAN_POINT('',(-6.616870939822,1.156043218987E+03,
    3.97011878802E+03));
#4285 = CARTESIAN_POINT('',(-6.259614383848,1.155989775028E+03,
    3.96969584752E+03));
#4286 = CARTESIAN_POINT('',(-5.861782144443,1.155934127037E+03,
    3.969291213616E+03));
#4287 = CARTESIAN_POINT('',(-5.422036175918,1.155877657777E+03,
    3.96890917452E+03));
#4288 = CARTESIAN_POINT('',(-4.939281089725,1.155822111987E+03,
    3.968555019489E+03));
#4289 = CARTESIAN_POINT('',(-3.881880686346,1.15571661328E+03,
    3.967912701421E+03));
#4290 = CARTESIAN_POINT('',(-3.300584852186,1.155666129627E+03,
    3.967621597586E+03));
#4291 = CARTESIAN_POINT('',(-2.674800018315,1.155621240228E+03,
    3.96737502589E+03));
#4292 = CARTESIAN_POINT('',(-2.012376015048,1.155585103193E+03,
    3.967183345986E+03));
#4293 = CARTESIAN_POINT('',(-1.322832489043,1.155560367439E+03,
    3.96705422633E+03));
#4294 = CARTESIAN_POINT('',(-0.616786692169,1.155548585201E+03,
    3.966992600977E+03));
#4295 = CARTESIAN_POINT('',(0.778617628025,1.155551557825E+03,
    3.967008146982E+03));
#4296 = CARTESIAN_POINT('',(1.45484218866,1.155565275576E+03,
    3.967079894177E+03));
#4297 = CARTESIAN_POINT('',(2.113807333696,1.155590737183E+03,
    3.967213302215E+03));
#4298 = CARTESIAN_POINT('',(2.746445693522,1.155626429567E+03,
    3.96740359843E+03));
#4299 = CARTESIAN_POINT('',(3.344669463637,1.155669974757E+03,
    3.967643811187E+03));
#4300 = CARTESIAN_POINT('',(3.901807036415,1.155718601367E+03,
    3.967924805686E+03));
#4301 = CARTESIAN_POINT('',(5.130879639426,1.155841228113E+03,
    3.968671406063E+03));
#4302 = CARTESIAN_POINT('',(5.767420397921,1.155918467986E+03,
    3.969171389731E+03));
#4303 = CARTESIAN_POINT('',(6.324344130714,1.155995982945E+03,
    3.969718660066E+03));
#4304 = CARTESIAN_POINT('',(6.805063950956,1.156069698897E+03,
    3.97030110423E+03));
#4305 = CARTESIAN_POINT('',(7.213365828295,1.15613683965E+03,
    3.970909799666E+03));
#4306 = CARTESIAN_POINT('',(7.552664864293,1.156195472985E+03,
    3.971538210968E+03));
#4307 = CARTESIAN_POINT('',(8.020343379922,1.156279115281E+03,
    3.972641131053E+03));
#4308 = CARTESIAN_POINT('',(8.18129369827,1.156308944922E+03,
    3.973108256033E+03));
#4309 = CARTESIAN_POINT('',(8.309201250069,1.156333259205E+03,
    3.973581135316E+03));
#4310 = CARTESIAN_POINT('',(8.404701346911,1.15635171345E+03,
    3.974058134277E+03));
#4311 = CARTESIAN_POINT('',(8.468228163354,1.156364089781E+03,
    3.974537821537E+03));
#4312 = CARTESIAN_POINT('',(8.5,1.156370279625E+03,3.975018876881E+03));
#4313 = CARTESIAN_POINT('',(8.5,1.156370279625E+03,3.97599415641E+03));
#4314 = CARTESIAN_POINT('',(8.466483465894,1.156363749874E+03,
    3.976488234942E+03));
#4315 = CARTESIAN_POINT('',(8.399470341951,1.156350694347E+03,
    3.976980829811E+03));
#4316 = CARTESIAN_POINT('',(8.298717331309,1.156331233776E+03,
    3.977470513401E+03));
#4317 = CARTESIAN_POINT('',(8.163740349742,1.15630561042E+03,
    3.977955731296E+03));
#4318 = CARTESIAN_POINT('',(7.993831692373,1.156274208609E+03,
    3.978434696176E+03));
#4319 = CARTESIAN_POINT('',(7.62172829191,1.156207988121E+03,
    3.979285717985E+03));
#4320 = CARTESIAN_POINT('',(7.43195761851,1.156174977092E+03,
    3.979660667784E+03));
#4321 = CARTESIAN_POINT('',(7.218231229904,1.156138847534E+03,
    3.980029110257E+03));
#4322 = CARTESIAN_POINT('',(6.979905410596,1.156099961768E+03,
    3.980389826063E+03));
#4323 = CARTESIAN_POINT('',(6.716261053939,1.15605877652E+03,
    3.980741334807E+03));
#4324 = CARTESIAN_POINT('',(6.426543323258,1.156015864571E+03,
    3.981081833604E+03));
#4325 = CARTESIAN_POINT('',(5.902876400513,1.155943192613E+03,
    3.98162330122E+03));
#4326 = CARTESIAN_POINT('',(5.68420915684,1.155914005855E+03,
    3.98183187567E+03));
#4327 = CARTESIAN_POINT('',(5.453837783834,1.15588458244E+03,
    3.982034178325E+03));
#4328 = CARTESIAN_POINT('',(5.21161980609,1.155855155935E+03,
    3.982229465589E+03));
#4329 = CARTESIAN_POINT('',(4.957441308656,1.155825986983E+03,
    3.982416923701E+03));
#4330 = CARTESIAN_POINT('',(4.691226174784,1.155797363109E+03,
    3.982595661514E+03));
#4331 = CARTESIAN_POINT('',(4.21185494323,1.155749535394E+03,
    3.982886855656E+03));
#4332 = CARTESIAN_POINT('',(4.004435333064,1.155729918027E+03,
    3.983003962497E+03));
#4333 = CARTESIAN_POINT('',(3.790807186978,1.15571087841E+03,
    3.983115570964E+03));
#4334 = CARTESIAN_POINT('',(3.57111594941,1.155692552629E+03,
    3.983221233072E+03));
#4335 = CARTESIAN_POINT('',(3.345531860914,1.155675078724E+03,
    3.983320505387E+03));
#4336 = CARTESIAN_POINT('',(3.114250003627,1.155658594542E+03,
    3.983412948726E+03));
#4337 = CARTESIAN_POINT('',(2.497725320559,1.155618599655E+03,
    3.98363475611E+03));
#4338 = CARTESIAN_POINT('',(2.103101010808,1.155596809112E+03,
    3.983752970251E+03));
#4339 = CARTESIAN_POINT('',(1.696056608844,1.155578549469E+03,
    3.983850249849E+03));
#4340 = CARTESIAN_POINT('',(1.279290039011,1.155564408095E+03,
    3.983924655142E+03));
#4341 = CARTESIAN_POINT('',(0.855686192685,1.155554813393E+03,
    3.983974828362E+03));
#4342 = CARTESIAN_POINT('',(0.428243665823,1.15555E+03,3.984E+03));
#4343 = CARTESIAN_POINT('',(6.803525292663E-14,1.15555E+03,3.984E+03));
#4344 = PCURVE('',#2565,#4345);
#4345 = DEFINITIONAL_REPRESENTATION('',(#4346),#4445);
#4346 = B_SPLINE_CURVE_WITH_KNOTS('',7,(#4347,#4348,#4349,#4350,#4351,
    #4352,#4353,#4354,#4355,#4356,#4357,#4358,#4359,#4360,#4361,#4362,
    #4363,#4364,#4365,#4366,#4367,#4368,#4369,#4370,#4371,#4372,#4373,
    #4374,#4375,#4376,#4377,#4378,#4379,#4380,#4381,#4382,#4383,#4384,
    #4385,#4386,#4387,#4388,#4389,#4390,#4391,#4392,#4393,#4394,#4395,
    #4396,#4397,#4398,#4399,#4400,#4401,#4402,#4403,#4404,#4405,#4406,
    #4407,#4408,#4409,#4410,#4411,#4412,#4413,#4414,#4415,#4416,#4417,
    #4418,#4419,#4420,#4421,#4422,#4423,#4424,#4425,#4426,#4427,#4428,
    #4429,#4430,#4431,#4432,#4433,#4434,#4435,#4436,#4437,#4438,#4439,
    #4440,#4441,#4442,#4443,#4444),.UNSPECIFIED.,.T.,.F.,(8,6,6,6,6,6,6,
    6,6,6,6,6,6,6,6,6,8),(0.,4.60594879839E-02,7.477464495433E-02,
    0.114512390956,0.14798820399,0.2493213834,0.350795668242,
    0.425904605215,0.501688359517,0.574537393539,0.676859647019,
    0.749916946267,0.824953317059,0.885615423688,0.925308839146,
    0.953991962632,1.),.UNSPECIFIED.);
#4347 = CARTESIAN_POINT('',(1.570796326795,4.678E+03));
#4348 = CARTESIAN_POINT('',(1.561162014797,4.678E+03));
#4349 = CARTESIAN_POINT('',(1.551545755628,4.677974828186E+03));
#4350 = CARTESIAN_POINT('',(1.542014416033,4.677924654896E+03));
#4351 = CARTESIAN_POINT('',(1.532633997011,4.677850249717E+03));
#4352 = CARTESIAN_POINT('',(1.523468250293,4.677752970331E+03));
#4353 = CARTESIAN_POINT('',(1.514577202392,4.677634756314E+03));
#4354 = CARTESIAN_POINT('',(1.500677963876,4.677412948726E+03));
#4355 = CARTESIAN_POINT('',(1.49546167961,4.677320505387E+03));
#4356 = CARTESIAN_POINT('',(1.490371619825,4.677221233072E+03));
#4357 = CARTESIAN_POINT('',(1.485412168417,4.677115570964E+03));
#4358 = CARTESIAN_POINT('',(1.48058720137,4.677003962497E+03));
#4359 = CARTESIAN_POINT('',(1.475900081359,4.676886855656E+03));
#4360 = CARTESIAN_POINT('',(1.465062032854,4.676595661511E+03));
#4361 = CARTESIAN_POINT('',(1.459038597813,4.676416923704E+03));
#4362 = CARTESIAN_POINT('',(1.453282991803,4.676229465591E+03));
#4363 = CARTESIAN_POINT('',(1.447793901304,4.676034178322E+03));
#4364 = CARTESIAN_POINT('',(1.442569229505,4.675831875667E+03));
#4365 = CARTESIAN_POINT('',(1.437606271113,4.675623301223E+03));
#4366 = CARTESIAN_POINT('',(1.428938827001,4.675228718578E+03));
#4367 = CARTESIAN_POINT('',(1.425158438626,4.675044296145E+03));
#4368 = CARTESIAN_POINT('',(1.421558115806,4.674856231666E+03));
#4369 = CARTESIAN_POINT('',(1.418135306972,4.674664856436E+03));
#4370 = CARTESIAN_POINT('',(1.414887508075,4.674470469779E+03));
#4371 = CARTESIAN_POINT('',(1.411812255441,4.674273339111E+03));
#4372 = CARTESIAN_POINT('',(1.400113105206,4.673469381127E+03));
#4373 = CARTESIAN_POINT('',(1.392874358055,4.672841833515E+03));
#4374 = CARTESIAN_POINT('',(1.387131822498,4.672197930249E+03));
#4375 = CARTESIAN_POINT('',(1.382837478351,4.671542770903E+03));
#4376 = CARTESIAN_POINT('',(1.379957142813,4.670880360239E+03));
#4377 = CARTESIAN_POINT('',(1.37847333552,4.670214136093E+03));
#4378 = CARTESIAN_POINT('',(1.378302957453,4.668879628315E+03));
#4379 = CARTESIAN_POINT('',(1.379620380337,4.668212092696E+03));
#4380 = CARTESIAN_POINT('',(1.382337099485,4.66754801945E+03));
#4381 = CARTESIAN_POINT('',(1.386469313759,4.666890845375E+03));
#4382 = CARTESIAN_POINT('',(1.392049947661,4.666244542097E+03));
#4383 = CARTESIAN_POINT('',(1.399125942371,4.665614140041E+03));
#4384 = CARTESIAN_POINT('',(1.414143224176,4.664556562146E+03));
#4385 = CARTESIAN_POINT('',(1.421387015701,4.66411878802E+03));
#4386 = CARTESIAN_POINT('',(1.429513286426,4.66369584752E+03));
#4387 = CARTESIAN_POINT('',(1.438549699591,4.663291213616E+03));
#4388 = CARTESIAN_POINT('',(1.448522751082,4.66290917452E+03));
#4389 = CARTESIAN_POINT('',(1.459453788257,4.662555019489E+03));
#4390 = CARTESIAN_POINT('',(1.483360430937,4.661912701421E+03));
#4391 = CARTESIAN_POINT('',(1.496486097592,4.661621597586E+03));
#4392 = CARTESIAN_POINT('',(1.510598044744,4.66137502589E+03));
#4393 = CARTESIAN_POINT('',(1.525518625055,4.661183345986E+03));
#4394 = CARTESIAN_POINT('',(1.54103687933,4.66105422633E+03));
#4395 = CARTESIAN_POINT('',(1.556920326009,4.660992600977E+03));
#4396 = CARTESIAN_POINT('',(1.588313070361,4.661008146982E+03));
#4397 = CARTESIAN_POINT('',(1.603526845963,4.661079894177E+03));
#4398 = CARTESIAN_POINT('',(1.61835883556,4.661213302215E+03));
#4399 = CARTESIAN_POINT('',(1.632610372126,4.66140359843E+03));
#4400 = CARTESIAN_POINT('',(1.646102023395,4.661643811187E+03));
#4401 = CARTESIAN_POINT('',(1.658682735183,4.661924805686E+03));
#4402 = CARTESIAN_POINT('',(1.686470694648,4.662671406063E+03));
#4403 = CARTESIAN_POINT('',(1.700892836835,4.663171389731E+03));
#4404 = CARTESIAN_POINT('',(1.713540282177,4.663718660066E+03));
#4405 = CARTESIAN_POINT('',(1.724480249553,4.66430110423E+03));
#4406 = CARTESIAN_POINT('',(1.733788730619,4.664909799666E+03));
#4407 = CARTESIAN_POINT('',(1.741535009163,4.665538210968E+03));
#4408 = CARTESIAN_POINT('',(1.752223404585,4.666641131053E+03));
#4409 = CARTESIAN_POINT('',(1.755905924232,4.667108256033E+03));
#4410 = CARTESIAN_POINT('',(1.758834983287,4.667581135316E+03));
#4411 = CARTESIAN_POINT('',(1.761023211016,4.668058134277E+03));
#4412 = CARTESIAN_POINT('',(1.762479254398,4.668537821537E+03));
#4413 = CARTESIAN_POINT('',(1.763207470196,4.669018876881E+03));
#4414 = CARTESIAN_POINT('',(1.763207470196,4.66999415641E+03));
#4415 = CARTESIAN_POINT('',(1.762439265577,4.670488234942E+03));
#4416 = CARTESIAN_POINT('',(1.760903315761,4.670980829811E+03));
#4417 = CARTESIAN_POINT('',(1.758594763524,4.671470513401E+03));
#4418 = CARTESIAN_POINT('',(1.755503965437,4.671955731296E+03));
#4419 = CARTESIAN_POINT('',(1.751616849905,4.672434696176E+03));
#4420 = CARTESIAN_POINT('',(1.743114040998,4.673285717985E+03));
#4421 = CARTESIAN_POINT('',(1.738780660916,4.673660667784E+03));
#4422 = CARTESIAN_POINT('',(1.73390428399,4.674029110257E+03));
#4423 = CARTESIAN_POINT('',(1.728471901854,4.674389826063E+03));
#4424 = CARTESIAN_POINT('',(1.722468989342,4.674741334807E+03));
#4425 = CARTESIAN_POINT('',(1.715880317472,4.675081833604E+03));
#4426 = CARTESIAN_POINT('',(1.703986382559,4.67562330122E+03));
#4427 = CARTESIAN_POINT('',(1.699023423985,4.67583187567E+03));
#4428 = CARTESIAN_POINT('',(1.693798752219,4.676034178325E+03));
#4429 = CARTESIAN_POINT('',(1.688309661875,4.676229465589E+03));
#4430 = CARTESIAN_POINT('',(1.682554055871,4.676416923701E+03));
#4431 = CARTESIAN_POINT('',(1.676530620625,4.676595661514E+03));
#4432 = CARTESIAN_POINT('',(1.66569257223,4.676886855656E+03));
#4433 = CARTESIAN_POINT('',(1.66100545222,4.677003962497E+03));
#4434 = CARTESIAN_POINT('',(1.656180485173,4.677115570964E+03));
#4435 = CARTESIAN_POINT('',(1.651221033765,4.677221233072E+03));
#4436 = CARTESIAN_POINT('',(1.64613097398,4.677320505387E+03));
#4437 = CARTESIAN_POINT('',(1.640914689714,4.677412948726E+03));
#4438 = CARTESIAN_POINT('',(1.627015463943,4.67763475611E+03));
#4439 = CARTESIAN_POINT('',(1.618124412711,4.677752970251E+03));
#4440 = CARTESIAN_POINT('',(1.60895865128,4.677850249849E+03));
#4441 = CARTESIAN_POINT('',(1.599578213527,4.677924655142E+03));
#4442 = CARTESIAN_POINT('',(1.590046860643,4.677974828362E+03));
#4443 = CARTESIAN_POINT('',(1.580430604991,4.678E+03));
#4444 = CARTESIAN_POINT('',(1.570796326795,4.678E+03));
#4445 = ( GEOMETRIC_REPRESENTATION_CONTEXT(2) 
PARAMETRIC_REPRESENTATION_CONTEXT() REPRESENTATION_CONTEXT('2D SPACE',''
  ) );
#4446 = PCURVE('',#4136,#4447);
#4447 = DEFINITIONAL_REPRESENTATION('',(#4448),#4547);
#4448 = B_SPLINE_CURVE_WITH_KNOTS('',7,(#4449,#4450,#4451,#4452,#4453,
    #4454,#4455,#4456,#4457,#4458,#4459,#4460,#4461,#4462,#4463,#4464,
    #4465,#4466,#4467,#4468,#4469,#4470,#4471,#4472,#4473,#4474,#4475,
    #4476,#4477,#4478,#4479,#4480,#4481,#4482,#4483,#4484,#4485,#4486,
    #4487,#4488,#4489,#4490,#4491,#4492,#4493,#4494,#4495,#4496,#4497,
    #4498,#4499,#4500,#4501,#4502,#4503,#4504,#4505,#4506,#4507,#4508,
    #4509,#4510,#4511,#4512,#4513,#4514,#4515,#4516,#4517,#4518,#4519,
    #4520,#4521,#4522,#4523,#4524,#4525,#4526,#4527,#4528,#4529,#4530,
    #4531,#4532,#4533,#4534,#4535,#4536,#4537,#4538,#4539,#4540,#4541,
    #4542,#4543,#4544,#4545,#4546),.UNSPECIFIED.,.F.,.F.,(8,6,6,6,6,6,6,
    6,6,6,6,6,6,6,6,6,8),(0.,4.60594879839E-02,7.477464495433E-02,
    0.114512390956,0.14798820399,0.2493213834,0.350795668242,
    0.425904605215,0.501688359517,0.574537393539,0.676859647019,
    0.749916946267,0.824953317059,0.885615423688,0.925308839146,
    0.953991962632,1.),.UNSPECIFIED.);
#4449 = CARTESIAN_POINT('',(0.,104.45));
#4450 = CARTESIAN_POINT('',(5.03817845081E-02,104.45));
#4451 = CARTESIAN_POINT('',(0.100669155073,104.44518657313));
#4452 = CARTESIAN_POINT('',(0.150713728605,104.43559185819));
#4453 = CARTESIAN_POINT('',(0.20036806992,104.42145050658));
#4454 = CARTESIAN_POINT('',(0.24947730195,104.4031909043));
#4455 = CARTESIAN_POINT('',(0.297870573407,104.38140038217));
#4456 = CARTESIAN_POINT('',(0.374954268367,104.34140545751));
#4457 = CARTESIAN_POINT('',(0.404239072377,104.32492127575));
#4458 = CARTESIAN_POINT('',(0.433207456971,104.30744737089));
#4459 = CARTESIAN_POINT('',(0.461858646442,104.28912158976));
#4460 = CARTESIAN_POINT('',(0.490190420655,104.27008197329));
#4461 = CARTESIAN_POINT('',(0.51819910737,104.25046460556));
#4462 = CARTESIAN_POINT('',(0.584185455163,104.20263689009));
#4463 = CARTESIAN_POINT('',(0.621870398291,104.17401301784));
#4464 = CARTESIAN_POINT('',(0.658969370603,104.14484406563));
#4465 = CARTESIAN_POINT('',(0.695514229423,104.11541755999));
#4466 = CARTESIAN_POINT('',(0.731534327713,104.08599414413));
#4467 = CARTESIAN_POINT('',(0.767057119054,104.0568073875));
#4468 = CARTESIAN_POINT('',(0.831636916189,104.00384929259));
#4469 = CARTESIAN_POINT('',(0.860836855534,103.97994437316));
#4470 = CARTESIAN_POINT('',(0.889730412876,103.95646737916));
#4471 = CARTESIAN_POINT('',(0.918337817007,103.93352457649));
#4472 = CARTESIAN_POINT('',(0.946678388844,103.91121070799));
#4473 = CARTESIAN_POINT('',(0.974771236986,103.88960974673));
#4474 = CARTESIAN_POINT('',(1.086984025475,103.80579019855));
#4475 = CARTESIAN_POINT('',(1.169275996761,103.74996934276));
#4476 = CARTESIAN_POINT('',(1.24999494939,103.70343919873));
#4477 = CARTESIAN_POINT('',(1.329559231133,103.66754073363));
#4478 = CARTESIAN_POINT('',(1.408358139569,103.6430817005));
#4479 = CARTESIAN_POINT('',(1.486779070013,103.63046965663));
#4480 = CARTESIAN_POINT('',(1.643782420833,103.62902146554));
#4481 = CARTESIAN_POINT('',(1.722277546565,103.6402192449));
#4482 = CARTESIAN_POINT('',(1.801115329329,103.6633313476));
#4483 = CARTESIAN_POINT('',(1.880682276771,103.69797963073));
#4484 = CARTESIAN_POINT('',(1.961366412563,103.74338768258));
#4485 = CARTESIAN_POINT('',(2.043584306442,103.79825264424));
#4486 = CARTESIAN_POINT('',(2.1901628901,103.9066037067));
#4487 = CARTESIAN_POINT('',(2.253662199917,103.95678101278));
#4488 = CARTESIAN_POINT('',(2.318513226513,104.0102249716));
#4489 = CARTESIAN_POINT('',(2.384918350771,104.06587296284));
#4490 = CARTESIAN_POINT('',(2.453089636635,104.12234222282));
#4491 = CARTESIAN_POINT('',(2.523261975849,104.17788801332));
#4492 = CARTESIAN_POINT('',(2.668815120195,104.28338672034));
#4493 = CARTESIAN_POINT('',(2.74504445875,104.33387037252));
#4494 = CARTESIAN_POINT('',(2.823664986106,104.3787597718));
#4495 = CARTESIAN_POINT('',(2.904139543658,104.41489680718));
#4496 = CARTESIAN_POINT('',(2.986046299647,104.43963256138));
#4497 = CARTESIAN_POINT('',(3.069024549355,104.45141479865));
#4498 = CARTESIAN_POINT('',(3.233199951171,104.44844217458));
#4499 = CARTESIAN_POINT('',(3.312844849771,104.43472442401));
#4500 = CARTESIAN_POINT('',(3.391391332655,104.40926281738));
#4501 = CARTESIAN_POINT('',(3.468538541956,104.37357043334));
#4502 = CARTESIAN_POINT('',(3.543930327739,104.33002524281));
#4503 = CARTESIAN_POINT('',(3.617113086362,104.28139863318));
#4504 = CARTESIAN_POINT('',(3.786297230255,104.1587718874));
#4505 = CARTESIAN_POINT('',(3.880839626821,104.08153201437));
#4506 = CARTESIAN_POINT('',(3.97184043395,104.00401705533));
#4507 = CARTESIAN_POINT('',(4.059868465938,103.93030110272));
#4508 = CARTESIAN_POINT('',(4.145458641073,103.86316035049));
#4509 = CARTESIAN_POINT('',(4.22910621537,103.80452701474));
#4510 = CARTESIAN_POINT('',(4.370045030392,103.72088471945));
#4511 = CARTESIAN_POINT('',(4.428032342593,103.69105507783));
#4512 = CARTESIAN_POINT('',(4.485455683959,103.66674079488));
#4513 = CARTESIAN_POINT('',(4.542461613444,103.64828654981));
#4514 = CARTESIAN_POINT('',(4.59919147411,103.63591021873));
#4515 = CARTESIAN_POINT('',(4.655786260559,103.62972037499));
#4516 = CARTESIAN_POINT('',(4.770525028615,103.62972037499));
#4517 = CARTESIAN_POINT('',(4.828651963576,103.63625012571));
#4518 = CARTESIAN_POINT('',(4.886925066543,103.64930565337));
#4519 = CARTESIAN_POINT('',(4.945497451807,103.66876622438));
#4520 = CARTESIAN_POINT('',(5.004522614595,103.69438957997));
#4521 = CARTESIAN_POINT('',(5.064160024037,103.72579139141));
#4522 = CARTESIAN_POINT('',(5.173432488085,103.79201187864));
#4523 = CARTESIAN_POINT('',(5.222793613924,103.8250229084));
#4524 = CARTESIAN_POINT('',(5.272773388813,103.86115246576));
#4525 = CARTESIAN_POINT('',(5.323478155027,103.90003823169));
#4526 = CARTESIAN_POINT('',(5.3750176488,103.94122347987));
#4527 = CARTESIAN_POINT('',(5.427508302125,103.98413542906));
#4528 = CARTESIAN_POINT('',(5.516128187514,104.056807387));
#4529 = CARTESIAN_POINT('',(5.551650980117,104.08599414463));
#4530 = CARTESIAN_POINT('',(5.58767107825,104.1154175604));
#4531 = CARTESIAN_POINT('',(5.624215936037,104.14484406523));
#4532 = CARTESIAN_POINT('',(5.661314908247,104.17401301734));
#4533 = CARTESIAN_POINT('',(5.698999852691,104.20263689058));
#4534 = CARTESIAN_POINT('',(5.76498619981,104.25046460556));
#4535 = CARTESIAN_POINT('',(5.792994886525,104.27008197329));
#4536 = CARTESIAN_POINT('',(5.821326660737,104.28912158976));
#4537 = CARTESIAN_POINT('',(5.849977850208,104.30744737089));
#4538 = CARTESIAN_POINT('',(5.878946234803,104.32492127575));
#4539 = CARTESIAN_POINT('',(5.908231038813,104.34140545751));
#4540 = CARTESIAN_POINT('',(5.98531466309,104.38140034549));
#4541 = CARTESIAN_POINT('',(6.03370795575,104.40319088849));
#4542 = CARTESIAN_POINT('',(6.08281726775,104.42145053089));
#4543 = CARTESIAN_POINT('',(6.132471706356,104.43559190492));
#4544 = CARTESIAN_POINT('',(6.18251634726,104.44518660691));
#4545 = CARTESIAN_POINT('',(6.232803699436,104.45));
#4546 = CARTESIAN_POINT('',(6.28318530718,104.45));
#4547 = ( GEOMETRIC_REPRESENTATION_CONTEXT(2) 
PARAMETRIC_REPRESENTATION_CONTEXT() REPRESENTATION_CONTEXT('2D SPACE',''
  ) );
#4548 = FACE_BOUND('',#4549,.T.);
#4549 = EDGE_LOOP('',(#4550,#4865));
#4550 = ORIENTED_EDGE('',*,*,#4551,.T.);
#4551 = EDGE_CURVE('',#4552,#4554,#4556,.T.);
#4552 = VERTEX_POINT('',#4553);
#4553 = CARTESIAN_POINT('',(-7.236727576637E-06,1.24445E+03,
    3.966999999999E+03));
#4554 = VERTEX_POINT('',#4555);
#4555 = CARTESIAN_POINT('',(8.10042625296E-14,1.24445E+03,3.984E+03));
#4556 = SURFACE_CURVE('',#4557,(#4656,#4758),.PCURVE_S1.);
#4557 = B_SPLINE_CURVE_WITH_KNOTS('',7,(#4558,#4559,#4560,#4561,#4562,
    #4563,#4564,#4565,#4566,#4567,#4568,#4569,#4570,#4571,#4572,#4573,
    #4574,#4575,#4576,#4577,#4578,#4579,#4580,#4581,#4582,#4583,#4584,
    #4585,#4586,#4587,#4588,#4589,#4590,#4591,#4592,#4593,#4594,#4595,
    #4596,#4597,#4598,#4599,#4600,#4601,#4602,#4603,#4604,#4605,#4606,
    #4607,#4608,#4609,#4610,#4611,#4612,#4613,#4614,#4615,#4616,#4617,
    #4618,#4619,#4620,#4621,#4622,#4623,#4624,#4625,#4626,#4627,#4628,
    #4629,#4630,#4631,#4632,#4633,#4634,#4635,#4636,#4637,#4638,#4639,
    #4640,#4641,#4642,#4643,#4644,#4645,#4646,#4647,#4648,#4649,#4650,
    #4651,#4652,#4653,#4654,#4655),.UNSPECIFIED.,.T.,.F.,(8,6,6,6,6,6,6,
    6,6,6,6,6,6,6,6,6,8),(0.,4.605948910462E-02,7.477464677321E-02,
    0.114512393741,0.147988207589,0.249321387608,0.350795671221,
    0.42590460728,0.501688361295,0.574537395646,0.6768596496,
    0.749916949188,0.824953320328,0.885615422362,0.925308838736,
    0.95399196238,1.),.UNSPECIFIED.);
#4558 = CARTESIAN_POINT('',(8.425143348925E-14,1.24445E+03,3.984E+03));
#4559 = CARTESIAN_POINT('',(-0.428245168319,1.24445E+03,3.984E+03));
#4560 = CARTESIAN_POINT('',(-0.855687851511,1.244445186573E+03,
    3.983974828186E+03));
#4561 = CARTESIAN_POINT('',(-1.279291106455,1.244435591858E+03,
    3.983924654896E+03));
#4562 = CARTESIAN_POINT('',(-1.696056843542,1.244421450507E+03,
    3.983850249717E+03));
#4563 = CARTESIAN_POINT('',(-2.10310059245,1.244403190904E+03,
    3.983752970331E+03));
#4564 = CARTESIAN_POINT('',(-2.497724755231,1.244381400382E+03,
    3.983634756314E+03));
#4565 = CARTESIAN_POINT('',(-3.114250003628,1.244341405458E+03,
    3.983412948726E+03));
#4566 = CARTESIAN_POINT('',(-3.345531860914,1.244324921276E+03,
    3.983320505387E+03));
#4567 = CARTESIAN_POINT('',(-3.571115949409,1.244307447371E+03,
    3.983221233072E+03));
#4568 = CARTESIAN_POINT('',(-3.790807186977,1.24428912159E+03,
    3.983115570964E+03));
#4569 = CARTESIAN_POINT('',(-4.004435333064,1.244270081973E+03,
    3.983003962497E+03));
#4570 = CARTESIAN_POINT('',(-4.21185494323,1.244250464606E+03,
    3.982886855656E+03));
#4571 = CARTESIAN_POINT('',(-4.691226179684,1.24420263689E+03,
    3.982595661511E+03));
#4572 = CARTESIAN_POINT('',(-4.957441304471,1.244174013018E+03,
    3.982416923704E+03));
#4573 = CARTESIAN_POINT('',(-5.211619802199,1.244144844066E+03,
    3.982229465591E+03));
#4574 = CARTESIAN_POINT('',(-5.453837786782,1.24411541756E+03,
    3.982034178322E+03));
#4575 = CARTESIAN_POINT('',(-5.684209161217,1.244085994144E+03,
    3.981831875667E+03));
#4576 = CARTESIAN_POINT('',(-5.902876396903,1.244056807388E+03,
    3.981623301223E+03));
#4577 = CARTESIAN_POINT('',(-6.28448717747,1.244003849293E+03,
    3.981228718578E+03));
#4578 = CARTESIAN_POINT('',(-6.450818393412,1.243979944373E+03,
    3.981044296145E+03));
#4579 = CARTESIAN_POINT('',(-6.609123837847,1.243956467379E+03,
    3.980856231666E+03));
#4580 = CARTESIAN_POINT('',(-6.759530052381,1.243933524576E+03,
    3.980664856436E+03));
#4581 = CARTESIAN_POINT('',(-6.902161272034,1.243911210708E+03,
    3.980470469779E+03));
#4582 = CARTESIAN_POINT('',(-7.037139454106,1.243889609747E+03,
    3.980273339111E+03));
#4583 = CARTESIAN_POINT('',(-7.550367077961,1.2438057902E+03,
    3.979469381139E+03));
#4584 = CARTESIAN_POINT('',(-7.867275533354,1.243749969341E+03,
    3.978841833488E+03));
#4585 = CARTESIAN_POINT('',(-8.11826461255,1.243703439199E+03,
    3.978197930266E+03));
#4586 = CARTESIAN_POINT('',(-8.305742472461,1.243667540735E+03,
    3.977542770919E+03));
#4587 = CARTESIAN_POINT('',(-8.431415978059,1.2436430817E+03,
    3.976880360211E+03));
#4588 = CARTESIAN_POINT('',(-8.496153945096,1.243630469657E+03,
    3.976214136105E+03));
#4589 = CARTESIAN_POINT('',(-8.503587496927,1.243629021466E+03,
    3.974879628315E+03));
#4590 = CARTESIAN_POINT('',(-8.44610882394,1.243640219245E+03,
    3.974212092696E+03));
#4591 = CARTESIAN_POINT('',(-8.327582426441,1.243663331348E+03,
    3.97354801945E+03));
#4592 = CARTESIAN_POINT('',(-8.147203128169,1.243697979631E+03,
    3.972890845375E+03));
#4593 = CARTESIAN_POINT('',(-7.903326176092,1.243743387683E+03,
    3.972244542097E+03));
#4594 = CARTESIAN_POINT('',(-7.593596526864,1.243798252644E+03,
    3.971614140041E+03));
#4595 = CARTESIAN_POINT('',(-6.934930782458,1.243906603707E+03,
    3.970556562146E+03));
#4596 = CARTESIAN_POINT('',(-6.616870939826,1.243956781013E+03,
    3.97011878802E+03));
#4597 = CARTESIAN_POINT('',(-6.259614383835,1.244010224972E+03,
    3.96969584752E+03));
#4598 = CARTESIAN_POINT('',(-5.861782144426,1.244065872963E+03,
    3.969291213616E+03));
#4599 = CARTESIAN_POINT('',(-5.422036175919,1.244122342223E+03,
    3.96890917452E+03));
#4600 = CARTESIAN_POINT('',(-4.939281089746,1.244177888013E+03,
    3.968555019489E+03));
#4601 = CARTESIAN_POINT('',(-3.881880681876,1.244283386721E+03,
    3.967912701419E+03));
#4602 = CARTESIAN_POINT('',(-3.300584862234,1.244333870371E+03,
    3.967621597593E+03));
#4603 = CARTESIAN_POINT('',(-2.674800014115,1.244378759773E+03,
    3.967375025882E+03));
#4604 = CARTESIAN_POINT('',(-2.01237600475,1.244414896806E+03,
    3.967183345991E+03));
#4605 = CARTESIAN_POINT('',(-1.322832503103,1.244439632562E+03,
    3.967054226329E+03));
#4606 = CARTESIAN_POINT('',(-0.616786686352,1.244451414799E+03,
    3.966992600977E+03));
#4607 = CARTESIAN_POINT('',(0.778617628105,1.244448442175E+03,
    3.967008146982E+03));
#4608 = CARTESIAN_POINT('',(1.454842188671,1.244434724424E+03,
    3.967079894177E+03));
#4609 = CARTESIAN_POINT('',(2.113807333632,1.244409262817E+03,
    3.967213302215E+03));
#4610 = CARTESIAN_POINT('',(2.746445693462,1.244373570433E+03,
    3.96740359843E+03));
#4611 = CARTESIAN_POINT('',(3.344669463645,1.244330025243E+03,
    3.967643811187E+03));
#4612 = CARTESIAN_POINT('',(3.901807036485,1.244281398633E+03,
    3.967924805686E+03));
#4613 = CARTESIAN_POINT('',(5.130879639425,1.244158771887E+03,
    3.968671406063E+03));
#4614 = CARTESIAN_POINT('',(5.767420397921,1.244081532014E+03,
    3.969171389731E+03));
#4615 = CARTESIAN_POINT('',(6.324344130714,1.244004017055E+03,
    3.969718660066E+03));
#4616 = CARTESIAN_POINT('',(6.805063950956,1.243930301103E+03,
    3.97030110423E+03));
#4617 = CARTESIAN_POINT('',(7.213365828295,1.24386316035E+03,
    3.970909799666E+03));
#4618 = CARTESIAN_POINT('',(7.552664864293,1.243804527015E+03,
    3.971538210968E+03));
#4619 = CARTESIAN_POINT('',(8.020343379922,1.243720884719E+03,
    3.972641131053E+03));
#4620 = CARTESIAN_POINT('',(8.18129369827,1.243691055078E+03,
    3.973108256033E+03));
#4621 = CARTESIAN_POINT('',(8.309201250069,1.243666740795E+03,
    3.973581135316E+03));
#4622 = CARTESIAN_POINT('',(8.404701346911,1.24364828655E+03,
    3.974058134277E+03));
#4623 = CARTESIAN_POINT('',(8.468228163354,1.243635910219E+03,
    3.974537821537E+03));
#4624 = CARTESIAN_POINT('',(8.5,1.243629720375E+03,3.975018876881E+03));
#4625 = CARTESIAN_POINT('',(8.5,1.243629720375E+03,3.97599415641E+03));
#4626 = CARTESIAN_POINT('',(8.466483465894,1.243636250126E+03,
    3.976488234942E+03));
#4627 = CARTESIAN_POINT('',(8.399470341951,1.243649305653E+03,
    3.976980829811E+03));
#4628 = CARTESIAN_POINT('',(8.298717331309,1.243668766224E+03,
    3.977470513401E+03));
#4629 = CARTESIAN_POINT('',(8.163740349741,1.24369438958E+03,
    3.977955731296E+03));
#4630 = CARTESIAN_POINT('',(7.993831692374,1.243725791391E+03,
    3.978434696176E+03));
#4631 = CARTESIAN_POINT('',(7.621728305281,1.243792011876E+03,
    3.979285717954E+03));
#4632 = CARTESIAN_POINT('',(7.431957597848,1.243825022912E+03,
    3.979660667812E+03));
#4633 = CARTESIAN_POINT('',(7.218231218676,1.243861152468E+03,
    3.980029110281E+03));
#4634 = CARTESIAN_POINT('',(6.979905430874,1.243900038229E+03,
    3.980389826041E+03));
#4635 = CARTESIAN_POINT('',(6.716261072741,1.243941223477E+03,
    3.980741334778E+03));
#4636 = CARTESIAN_POINT('',(6.426543297489,1.243984135433E+03,
    3.98108183363E+03));
#4637 = CARTESIAN_POINT('',(5.902876396903,1.244056807388E+03,
    3.981623301223E+03));
#4638 = CARTESIAN_POINT('',(5.684209161218,1.244085994144E+03,
    3.981831875667E+03));
#4639 = CARTESIAN_POINT('',(5.453837786783,1.24411541756E+03,
    3.982034178322E+03));
#4640 = CARTESIAN_POINT('',(5.211619802199,1.244144844066E+03,
    3.982229465591E+03));
#4641 = CARTESIAN_POINT('',(4.95744130447,1.244174013018E+03,
    3.982416923704E+03));
#4642 = CARTESIAN_POINT('',(4.691226179684,1.24420263689E+03,
    3.982595661511E+03));
#4643 = CARTESIAN_POINT('',(4.21185494323,1.244250464606E+03,
    3.982886855656E+03));
#4644 = CARTESIAN_POINT('',(4.004435333064,1.244270081973E+03,
    3.983003962497E+03));
#4645 = CARTESIAN_POINT('',(3.790807186978,1.24428912159E+03,
    3.983115570964E+03));
#4646 = CARTESIAN_POINT('',(3.57111594941,1.244307447371E+03,
    3.983221233072E+03));
#4647 = CARTESIAN_POINT('',(3.345531860915,1.244324921276E+03,
    3.983320505387E+03));
#4648 = CARTESIAN_POINT('',(3.114250003627,1.244341405458E+03,
    3.983412948726E+03));
#4649 = CARTESIAN_POINT('',(2.497725320559,1.244381400345E+03,
    3.98363475611E+03));
#4650 = CARTESIAN_POINT('',(2.103101010808,1.244403190888E+03,
    3.983752970251E+03));
#4651 = CARTESIAN_POINT('',(1.696056608845,1.244421450531E+03,
    3.983850249849E+03));
#4652 = CARTESIAN_POINT('',(1.279290039011,1.244435591905E+03,
    3.983924655142E+03));
#4653 = CARTESIAN_POINT('',(0.855686192685,1.244445186607E+03,
    3.983974828362E+03));
#4654 = CARTESIAN_POINT('',(0.428243665823,1.24445E+03,3.984E+03));
#4655 = CARTESIAN_POINT('',(8.425143348925E-14,1.24445E+03,3.984E+03));
#4656 = PCURVE('',#2565,#4657);
#4657 = DEFINITIONAL_REPRESENTATION('',(#4658),#4757);
#4658 = B_SPLINE_CURVE_WITH_KNOTS('',7,(#4659,#4660,#4661,#4662,#4663,
    #4664,#4665,#4666,#4667,#4668,#4669,#4670,#4671,#4672,#4673,#4674,
    #4675,#4676,#4677,#4678,#4679,#4680,#4681,#4682,#4683,#4684,#4685,
    #4686,#4687,#4688,#4689,#4690,#4691,#4692,#4693,#4694,#4695,#4696,
    #4697,#4698,#4699,#4700,#4701,#4702,#4703,#4704,#4705,#4706,#4707,
    #4708,#4709,#4710,#4711,#4712,#4713,#4714,#4715,#4716,#4717,#4718,
    #4719,#4720,#4721,#4722,#4723,#4724,#4725,#4726,#4727,#4728,#4729,
    #4730,#4731,#4732,#4733,#4734,#4735,#4736,#4737,#4738,#4739,#4740,
    #4741,#4742,#4743,#4744,#4745,#4746,#4747,#4748,#4749,#4750,#4751,
    #4752,#4753,#4754,#4755,#4756),.UNSPECIFIED.,.T.,.F.,(8,6,6,6,6,6,6,
    6,6,6,6,6,6,6,6,6,8),(0.,4.605948910462E-02,7.477464677321E-02,
    0.114512393741,0.147988207589,0.249321387608,0.350795671221,
    0.42590460728,0.501688361295,0.574537395646,0.6768596496,
    0.749916949188,0.824953320328,0.885615422362,0.925308838736,
    0.95399196238,1.),.UNSPECIFIED.);
#4659 = CARTESIAN_POINT('',(4.712388980385,4.678E+03));
#4660 = CARTESIAN_POINT('',(4.722023292383,4.678E+03));
#4661 = CARTESIAN_POINT('',(4.731639551552,4.677974828186E+03));
#4662 = CARTESIAN_POINT('',(4.741170891147,4.677924654896E+03));
#4663 = CARTESIAN_POINT('',(4.750551310169,4.677850249717E+03));
#4664 = CARTESIAN_POINT('',(4.759717056886,4.677752970331E+03));
#4665 = CARTESIAN_POINT('',(4.768608104787,4.677634756314E+03));
#4666 = CARTESIAN_POINT('',(4.782507343303,4.677412948726E+03));
#4667 = CARTESIAN_POINT('',(4.78772362757,4.677320505387E+03));
#4668 = CARTESIAN_POINT('',(4.792813687355,4.677221233072E+03));
#4669 = CARTESIAN_POINT('',(4.797773138763,4.677115570964E+03));
#4670 = CARTESIAN_POINT('',(4.802598105809,4.677003962497E+03));
#4671 = CARTESIAN_POINT('',(4.80728522582,4.676886855656E+03));
#4672 = CARTESIAN_POINT('',(4.818123274325,4.676595661511E+03));
#4673 = CARTESIAN_POINT('',(4.824146709366,4.676416923704E+03));
#4674 = CARTESIAN_POINT('',(4.829902315376,4.676229465591E+03));
#4675 = CARTESIAN_POINT('',(4.835391405876,4.676034178322E+03));
#4676 = CARTESIAN_POINT('',(4.840616077674,4.675831875667E+03));
#4677 = CARTESIAN_POINT('',(4.845579036067,4.675623301223E+03));
#4678 = CARTESIAN_POINT('',(4.854246480178,4.675228718578E+03));
#4679 = CARTESIAN_POINT('',(4.858026868553,4.675044296145E+03));
#4680 = CARTESIAN_POINT('',(4.861627191374,4.674856231666E+03));
#4681 = CARTESIAN_POINT('',(4.865050000208,4.674664856436E+03));
#4682 = CARTESIAN_POINT('',(4.868297799105,4.674470469779E+03));
#4683 = CARTESIAN_POINT('',(4.871373051738,4.674273339111E+03));
#4684 = CARTESIAN_POINT('',(4.883072201812,4.673469381139E+03));
#4685 = CARTESIAN_POINT('',(4.890310949387,4.672841833488E+03));
#4686 = CARTESIAN_POINT('',(4.896053484624,4.672197930266E+03));
#4687 = CARTESIAN_POINT('',(4.900347828655,4.671542770919E+03));
#4688 = CARTESIAN_POINT('',(4.903228164488,4.670880360211E+03));
#4689 = CARTESIAN_POINT('',(4.904711971658,4.670214136105E+03));
#4690 = CARTESIAN_POINT('',(4.904882349726,4.668879628315E+03));
#4691 = CARTESIAN_POINT('',(4.903564926842,4.668212092696E+03));
#4692 = CARTESIAN_POINT('',(4.900848207695,4.66754801945E+03));
#4693 = CARTESIAN_POINT('',(4.89671599342,4.666890845375E+03));
#4694 = CARTESIAN_POINT('',(4.891135359519,4.666244542097E+03));
#4695 = CARTESIAN_POINT('',(4.884059364809,4.665614140041E+03));
#4696 = CARTESIAN_POINT('',(4.869042083004,4.664556562146E+03));
#4697 = CARTESIAN_POINT('',(4.861798291479,4.66411878802E+03));
#4698 = CARTESIAN_POINT('',(4.853672020753,4.66369584752E+03));
#4699 = CARTESIAN_POINT('',(4.844635607588,4.663291213616E+03));
#4700 = CARTESIAN_POINT('',(4.834662556098,4.66290917452E+03));
#4701 = CARTESIAN_POINT('',(4.823731518923,4.662555019489E+03));
#4702 = CARTESIAN_POINT('',(4.799824876141,4.661912701419E+03));
#4703 = CARTESIAN_POINT('',(4.786699209815,4.661621597593E+03));
#4704 = CARTESIAN_POINT('',(4.77258726234,4.661375025882E+03));
#4705 = CARTESIAN_POINT('',(4.757666681893,4.661183345991E+03));
#4706 = CARTESIAN_POINT('',(4.742148428166,4.661054226329E+03));
#4707 = CARTESIAN_POINT('',(4.72626498104,4.660992600977E+03));
#4708 = CARTESIAN_POINT('',(4.694872236816,4.661008146982E+03));
#4709 = CARTESIAN_POINT('',(4.679658461217,4.661079894177E+03));
#4710 = CARTESIAN_POINT('',(4.664826471621,4.661213302215E+03));
#4711 = CARTESIAN_POINT('',(4.650574935055,4.66140359843E+03));
#4712 = CARTESIAN_POINT('',(4.637083283784,4.661643811187E+03));
#4713 = CARTESIAN_POINT('',(4.624502571995,4.661924805686E+03));
#4714 = CARTESIAN_POINT('',(4.596714612531,4.662671406063E+03));
#4715 = CARTESIAN_POINT('',(4.582292470345,4.663171389731E+03));
#4716 = CARTESIAN_POINT('',(4.569645025002,4.663718660066E+03));
#4717 = CARTESIAN_POINT('',(4.558705057627,4.66430110423E+03));
#4718 = CARTESIAN_POINT('',(4.549396576561,4.664909799666E+03));
#4719 = CARTESIAN_POINT('',(4.541650298017,4.665538210968E+03));
#4720 = CARTESIAN_POINT('',(4.530961902594,4.666641131053E+03));
#4721 = CARTESIAN_POINT('',(4.527279382947,4.667108256033E+03));
#4722 = CARTESIAN_POINT('',(4.524350323893,4.667581135316E+03));
#4723 = CARTESIAN_POINT('',(4.522162096164,4.668058134277E+03));
#4724 = CARTESIAN_POINT('',(4.520706052782,4.668537821537E+03));
#4725 = CARTESIAN_POINT('',(4.519977836983,4.669018876881E+03));
#4726 = CARTESIAN_POINT('',(4.519977836983,4.66999415641E+03));
#4727 = CARTESIAN_POINT('',(4.520746041602,4.670488234942E+03));
#4728 = CARTESIAN_POINT('',(4.522281991419,4.670980829811E+03));
#4729 = CARTESIAN_POINT('',(4.524590543656,4.671470513401E+03));
#4730 = CARTESIAN_POINT('',(4.527681341743,4.671955731296E+03));
#4731 = CARTESIAN_POINT('',(4.531568457275,4.672434696176E+03));
#4732 = CARTESIAN_POINT('',(4.540071265876,4.673285717954E+03));
#4733 = CARTESIAN_POINT('',(4.544404646734,4.673660667812E+03));
#4734 = CARTESIAN_POINT('',(4.549281023446,4.674029110281E+03));
#4735 = CARTESIAN_POINT('',(4.554713404864,4.674389826041E+03));
#4736 = CARTESIAN_POINT('',(4.560716317409,4.674741334778E+03));
#4737 = CARTESIAN_POINT('',(4.567304990293,4.67508183363E+03));
#4738 = CARTESIAN_POINT('',(4.579198924703,4.675623301223E+03));
#4739 = CARTESIAN_POINT('',(4.584161883095,4.675831875667E+03));
#4740 = CARTESIAN_POINT('',(4.589386554894,4.676034178322E+03));
#4741 = CARTESIAN_POINT('',(4.594875645393,4.676229465591E+03));
#4742 = CARTESIAN_POINT('',(4.600631251403,4.676416923704E+03));
#4743 = CARTESIAN_POINT('',(4.606654686444,4.676595661511E+03));
#4744 = CARTESIAN_POINT('',(4.617492734949,4.676886855656E+03));
#4745 = CARTESIAN_POINT('',(4.62217985496,4.677003962497E+03));
#4746 = CARTESIAN_POINT('',(4.627004822007,4.677115570964E+03));
#4747 = CARTESIAN_POINT('',(4.631964273415,4.677221233072E+03));
#4748 = CARTESIAN_POINT('',(4.637054333199,4.677320505387E+03));
#4749 = CARTESIAN_POINT('',(4.642270617466,4.677412948726E+03));
#4750 = CARTESIAN_POINT('',(4.656169843237,4.67763475611E+03));
#4751 = CARTESIAN_POINT('',(4.665060894468,4.677752970251E+03));
#4752 = CARTESIAN_POINT('',(4.6742266559,4.677850249849E+03));
#4753 = CARTESIAN_POINT('',(4.683607093653,4.677924655142E+03));
#4754 = CARTESIAN_POINT('',(4.693138446536,4.677974828362E+03));
#4755 = CARTESIAN_POINT('',(4.702754702188,4.678E+03));
#4756 = CARTESIAN_POINT('',(4.712388980385,4.678E+03));
#4757 = ( GEOMETRIC_REPRESENTATION_CONTEXT(2) 
PARAMETRIC_REPRESENTATION_CONTEXT() REPRESENTATION_CONTEXT('2D SPACE',''
  ) );
#4758 = PCURVE('',#4759,#4764);
#4759 = CYLINDRICAL_SURFACE('',#4760,8.5);
#4760 = AXIS2_PLACEMENT_3D('',#4761,#4762,#4763);
#4761 = CARTESIAN_POINT('',(8.082668874373E-14,1.26E+03,3.9755E+03));
#4762 = DIRECTION('',(-1.224646799147E-16,-1.,0.));
#4763 = DIRECTION('',(0.,0.,1.));
#4764 = DEFINITIONAL_REPRESENTATION('',(#4765),#4864);
#4765 = B_SPLINE_CURVE_WITH_KNOTS('',7,(#4766,#4767,#4768,#4769,#4770,
    #4771,#4772,#4773,#4774,#4775,#4776,#4777,#4778,#4779,#4780,#4781,
    #4782,#4783,#4784,#4785,#4786,#4787,#4788,#4789,#4790,#4791,#4792,
    #4793,#4794,#4795,#4796,#4797,#4798,#4799,#4800,#4801,#4802,#4803,
    #4804,#4805,#4806,#4807,#4808,#4809,#4810,#4811,#4812,#4813,#4814,
    #4815,#4816,#4817,#4818,#4819,#4820,#4821,#4822,#4823,#4824,#4825,
    #4826,#4827,#4828,#4829,#4830,#4831,#4832,#4833,#4834,#4835,#4836,
    #4837,#4838,#4839,#4840,#4841,#4842,#4843,#4844,#4845,#4846,#4847,
    #4848,#4849,#4850,#4851,#4852,#4853,#4854,#4855,#4856,#4857,#4858,
    #4859,#4860,#4861,#4862,#4863),.UNSPECIFIED.,.F.,.F.,(8,6,6,6,6,6,6,
    6,6,6,6,6,6,6,6,6,8),(0.,4.605948910462E-02,7.477464677321E-02,
    0.114512393741,0.147988207589,0.249321387608,0.350795671221,
    0.42590460728,0.501688361295,0.574537395646,0.6768596496,
    0.749916949188,0.824953320328,0.885615422362,0.925308838736,
    0.95399196238,1.),.UNSPECIFIED.);
#4766 = CARTESIAN_POINT('',(0.,15.55));
#4767 = CARTESIAN_POINT('',(5.03817845081E-02,15.55));
#4768 = CARTESIAN_POINT('',(0.100669155073,15.554813426869));
#4769 = CARTESIAN_POINT('',(0.150713728605,15.564408141806));
#4770 = CARTESIAN_POINT('',(0.20036806992,15.578549493414));
#4771 = CARTESIAN_POINT('',(0.24947730195,15.596809095696));
#4772 = CARTESIAN_POINT('',(0.297870573407,15.61859961783));
#4773 = CARTESIAN_POINT('',(0.374954268367,15.658594542487));
#4774 = CARTESIAN_POINT('',(0.404239072377,15.675078724244));
#4775 = CARTESIAN_POINT('',(0.433207456971,15.692552629107));
#4776 = CARTESIAN_POINT('',(0.461858646442,15.710878410232));
#4777 = CARTESIAN_POINT('',(0.490190420655,15.729918026703));
#4778 = CARTESIAN_POINT('',(0.518199107369,15.749535394439));
#4779 = CARTESIAN_POINT('',(0.584185455163,15.797363109908));
#4780 = CARTESIAN_POINT('',(0.621870398291,15.825986982153));
#4781 = CARTESIAN_POINT('',(0.658969370603,15.855155934366));
#4782 = CARTESIAN_POINT('',(0.695514229422,15.884582440003));
#4783 = CARTESIAN_POINT('',(0.731534327713,15.914005855861));
#4784 = CARTESIAN_POINT('',(0.767057119054,15.943192612499));
#4785 = CARTESIAN_POINT('',(0.831636916189,15.996150707403));
#4786 = CARTESIAN_POINT('',(0.860836855534,16.020055626837));
#4787 = CARTESIAN_POINT('',(0.889730412876,16.043532620835));
#4788 = CARTESIAN_POINT('',(0.918337817007,16.06647542351));
#4789 = CARTESIAN_POINT('',(0.946678388844,16.088789292003));
#4790 = CARTESIAN_POINT('',(0.974771236986,16.110390253265));
#4791 = CARTESIAN_POINT('',(1.086984023929,16.19420980029));
#4792 = CARTESIAN_POINT('',(1.169276000305,16.250030659151));
#4793 = CARTESIAN_POINT('',(1.249994947337,16.296560800831));
#4794 = CARTESIAN_POINT('',(1.329559228988,16.33245926509));
#4795 = CARTESIAN_POINT('',(1.408358143002,16.356918300398));
#4796 = CARTESIAN_POINT('',(1.486779068591,16.369530343348));
#4797 = CARTESIAN_POINT('',(1.643782420833,16.370978534457));
#4798 = CARTESIAN_POINT('',(1.722277546565,16.359780755091));
#4799 = CARTESIAN_POINT('',(1.801115329329,16.336668652396));
#4800 = CARTESIAN_POINT('',(1.880682276771,16.302020369264));
#4801 = CARTESIAN_POINT('',(1.961366412563,16.256612317411));
#4802 = CARTESIAN_POINT('',(2.043584306441,16.201747355753));
#4803 = CARTESIAN_POINT('',(2.190162890097,16.093396293301));
#4804 = CARTESIAN_POINT('',(2.253662199917,16.043218987217));
#4805 = CARTESIAN_POINT('',(2.318513226516,15.989775028391));
#4806 = CARTESIAN_POINT('',(2.384918350773,15.934127037153));
#4807 = CARTESIAN_POINT('',(2.453089636634,15.877657777173));
#4808 = CARTESIAN_POINT('',(2.523261975846,15.822111986679));
#4809 = CARTESIAN_POINT('',(2.66881512081,15.71661327921));
#4810 = CARTESIAN_POINT('',(2.745044457336,15.666129628697));
#4811 = CARTESIAN_POINT('',(2.823664986863,15.621240226804));
#4812 = CARTESIAN_POINT('',(2.90413954472,15.585103193556));
#4813 = CARTESIAN_POINT('',(2.98604629803,15.560367438452));
#4814 = CARTESIAN_POINT('',(3.069024550039,15.548585201362));
#4815 = CARTESIAN_POINT('',(3.233199951181,15.55155782542));
#4816 = CARTESIAN_POINT('',(3.312844849773,15.565275575985));
#4817 = CARTESIAN_POINT('',(3.391391332648,15.590737182614));
#4818 = CARTESIAN_POINT('',(3.468538541948,15.626429566653));
#4819 = CARTESIAN_POINT('',(3.543930327739,15.669974757189));
#4820 = CARTESIAN_POINT('',(3.617113086372,15.718601366826));
#4821 = CARTESIAN_POINT('',(3.786297230255,15.841228112599));
#4822 = CARTESIAN_POINT('',(3.880839626821,15.918467985628));
#4823 = CARTESIAN_POINT('',(3.971840433951,15.995982944665));
#4824 = CARTESIAN_POINT('',(4.059868465937,16.069698897272));
#4825 = CARTESIAN_POINT('',(4.145458641073,16.136839649508));
#4826 = CARTESIAN_POINT('',(4.22910621537,16.195472985254));
#4827 = CARTESIAN_POINT('',(4.370045030392,16.279115280548));
#4828 = CARTESIAN_POINT('',(4.428032342593,16.30894492217));
#4829 = CARTESIAN_POINT('',(4.485455683959,16.333259205111));
#4830 = CARTESIAN_POINT('',(4.542461613444,16.351713450187));
#4831 = CARTESIAN_POINT('',(4.59919147411,16.364089781266));
#4832 = CARTESIAN_POINT('',(4.655786260559,16.370279625008));
#4833 = CARTESIAN_POINT('',(4.770525028615,16.370279625008));
#4834 = CARTESIAN_POINT('',(4.828651963576,16.363749874282));
#4835 = CARTESIAN_POINT('',(4.886925066543,16.35069434663));
#4836 = CARTESIAN_POINT('',(4.945497451807,16.331233775619));
#4837 = CARTESIAN_POINT('',(5.004522614595,16.305610420024));
#4838 = CARTESIAN_POINT('',(5.064160024037,16.274208608588));
#4839 = CARTESIAN_POINT('',(5.173432484159,16.20798812374));
#4840 = CARTESIAN_POINT('',(5.222793618125,16.174977088465));
#4841 = CARTESIAN_POINT('',(5.272773391983,16.138847532252));
#4842 = CARTESIAN_POINT('',(5.323478151537,16.099961771165));
#4843 = CARTESIAN_POINT('',(5.375017644662,16.05877652307));
#4844 = CARTESIAN_POINT('',(5.427508306486,16.015864567359));
#4845 = CARTESIAN_POINT('',(5.516128188125,15.943192612499));
#4846 = CARTESIAN_POINT('',(5.551650979466,15.914005855861));
#4847 = CARTESIAN_POINT('',(5.587671077757,15.884582440003));
#4848 = CARTESIAN_POINT('',(5.624215936577,15.855155934366));
#4849 = CARTESIAN_POINT('',(5.661314908889,15.825986982153));
#4850 = CARTESIAN_POINT('',(5.698999852016,15.797363109908));
#4851 = CARTESIAN_POINT('',(5.76498619981,15.749535394439));
#4852 = CARTESIAN_POINT('',(5.792994886525,15.729918026703));
#4853 = CARTESIAN_POINT('',(5.821326660737,15.710878410232));
#4854 = CARTESIAN_POINT('',(5.849977850208,15.692552629107));
#4855 = CARTESIAN_POINT('',(5.878946234803,15.675078724244));
#4856 = CARTESIAN_POINT('',(5.908231038813,15.658594542487));
#4857 = CARTESIAN_POINT('',(5.98531466309,15.618599654503));
#4858 = CARTESIAN_POINT('',(6.03370795575,15.596809111502));
#4859 = CARTESIAN_POINT('',(6.08281726775,15.578549469102));
#4860 = CARTESIAN_POINT('',(6.132471706356,15.564408095076));
#4861 = CARTESIAN_POINT('',(6.18251634726,15.554813393087));
#4862 = CARTESIAN_POINT('',(6.232803699436,15.55));
#4863 = CARTESIAN_POINT('',(6.28318530718,15.55));
#4864 = ( GEOMETRIC_REPRESENTATION_CONTEXT(2) 
PARAMETRIC_REPRESENTATION_CONTEXT() REPRESENTATION_CONTEXT('2D SPACE',''
  ) );
#4865 = ORIENTED_EDGE('',*,*,#4866,.T.);
#4866 = EDGE_CURVE('',#4554,#4552,#4867,.T.);
#4867 = SURFACE_CURVE('',#4868,(#4967,#5069),.PCURVE_S1.);
#4868 = B_SPLINE_CURVE_WITH_KNOTS('',7,(#4869,#4870,#4871,#4872,#4873,
    #4874,#4875,#4876,#4877,#4878,#4879,#4880,#4881,#4882,#4883,#4884,
    #4885,#4886,#4887,#4888,#4889,#4890,#4891,#4892,#4893,#4894,#4895,
    #4896,#4897,#4898,#4899,#4900,#4901,#4902,#4903,#4904,#4905,#4906,
    #4907,#4908,#4909,#4910,#4911,#4912,#4913,#4914,#4915,#4916,#4917,
    #4918,#4919,#4920,#4921,#4922,#4923,#4924,#4925,#4926,#4927,#4928,
    #4929,#4930,#4931,#4932,#4933,#4934,#4935,#4936,#4937,#4938,#4939,
    #4940,#4941,#4942,#4943,#4944,#4945,#4946,#4947,#4948,#4949,#4950,
    #4951,#4952,#4953,#4954,#4955,#4956,#4957,#4958,#4959,#4960,#4961,
    #4962,#4963,#4964,#4965,#4966),.UNSPECIFIED.,.T.,.F.,(8,6,6,6,6,6,6,
    6,6,6,6,6,6,6,6,6,8),(0.,4.605948910462E-02,7.477464677321E-02,
    0.114512393741,0.147988207589,0.249321387608,0.350795671221,
    0.42590460728,0.501688361295,0.574537395646,0.6768596496,
    0.749916949188,0.824953320328,0.885615422362,0.925308838736,
    0.95399196238,1.),.UNSPECIFIED.);
#4869 = CARTESIAN_POINT('',(8.425143348925E-14,1.24445E+03,3.984E+03));
#4870 = CARTESIAN_POINT('',(-0.428245168319,1.24445E+03,3.984E+03));
#4871 = CARTESIAN_POINT('',(-0.855687851511,1.244445186573E+03,
    3.983974828186E+03));
#4872 = CARTESIAN_POINT('',(-1.279291106455,1.244435591858E+03,
    3.983924654896E+03));
#4873 = CARTESIAN_POINT('',(-1.696056843542,1.244421450507E+03,
    3.983850249717E+03));
#4874 = CARTESIAN_POINT('',(-2.10310059245,1.244403190904E+03,
    3.983752970331E+03));
#4875 = CARTESIAN_POINT('',(-2.497724755231,1.244381400382E+03,
    3.983634756314E+03));
#4876 = CARTESIAN_POINT('',(-3.114250003628,1.244341405458E+03,
    3.983412948726E+03));
#4877 = CARTESIAN_POINT('',(-3.345531860914,1.244324921276E+03,
    3.983320505387E+03));
#4878 = CARTESIAN_POINT('',(-3.571115949409,1.244307447371E+03,
    3.983221233072E+03));
#4879 = CARTESIAN_POINT('',(-3.790807186977,1.24428912159E+03,
    3.983115570964E+03));
#4880 = CARTESIAN_POINT('',(-4.004435333064,1.244270081973E+03,
    3.983003962497E+03));
#4881 = CARTESIAN_POINT('',(-4.21185494323,1.244250464606E+03,
    3.982886855656E+03));
#4882 = CARTESIAN_POINT('',(-4.691226179684,1.24420263689E+03,
    3.982595661511E+03));
#4883 = CARTESIAN_POINT('',(-4.957441304471,1.244174013018E+03,
    3.982416923704E+03));
#4884 = CARTESIAN_POINT('',(-5.211619802199,1.244144844066E+03,
    3.982229465591E+03));
#4885 = CARTESIAN_POINT('',(-5.453837786782,1.24411541756E+03,
    3.982034178322E+03));
#4886 = CARTESIAN_POINT('',(-5.684209161217,1.244085994144E+03,
    3.981831875667E+03));
#4887 = CARTESIAN_POINT('',(-5.902876396903,1.244056807388E+03,
    3.981623301223E+03));
#4888 = CARTESIAN_POINT('',(-6.28448717747,1.244003849293E+03,
    3.981228718578E+03));
#4889 = CARTESIAN_POINT('',(-6.450818393412,1.243979944373E+03,
    3.981044296145E+03));
#4890 = CARTESIAN_POINT('',(-6.609123837847,1.243956467379E+03,
    3.980856231666E+03));
#4891 = CARTESIAN_POINT('',(-6.759530052381,1.243933524576E+03,
    3.980664856436E+03));
#4892 = CARTESIAN_POINT('',(-6.902161272034,1.243911210708E+03,
    3.980470469779E+03));
#4893 = CARTESIAN_POINT('',(-7.037139454106,1.243889609747E+03,
    3.980273339111E+03));
#4894 = CARTESIAN_POINT('',(-7.550367077961,1.2438057902E+03,
    3.979469381139E+03));
#4895 = CARTESIAN_POINT('',(-7.867275533354,1.243749969341E+03,
    3.978841833488E+03));
#4896 = CARTESIAN_POINT('',(-8.11826461255,1.243703439199E+03,
    3.978197930266E+03));
#4897 = CARTESIAN_POINT('',(-8.305742472461,1.243667540735E+03,
    3.977542770919E+03));
#4898 = CARTESIAN_POINT('',(-8.431415978059,1.2436430817E+03,
    3.976880360211E+03));
#4899 = CARTESIAN_POINT('',(-8.496153945096,1.243630469657E+03,
    3.976214136105E+03));
#4900 = CARTESIAN_POINT('',(-8.503587496927,1.243629021466E+03,
    3.974879628315E+03));
#4901 = CARTESIAN_POINT('',(-8.44610882394,1.243640219245E+03,
    3.974212092696E+03));
#4902 = CARTESIAN_POINT('',(-8.327582426441,1.243663331348E+03,
    3.97354801945E+03));
#4903 = CARTESIAN_POINT('',(-8.147203128169,1.243697979631E+03,
    3.972890845375E+03));
#4904 = CARTESIAN_POINT('',(-7.903326176092,1.243743387683E+03,
    3.972244542097E+03));
#4905 = CARTESIAN_POINT('',(-7.593596526864,1.243798252644E+03,
    3.971614140041E+03));
#4906 = CARTESIAN_POINT('',(-6.934930782458,1.243906603707E+03,
    3.970556562146E+03));
#4907 = CARTESIAN_POINT('',(-6.616870939826,1.243956781013E+03,
    3.97011878802E+03));
#4908 = CARTESIAN_POINT('',(-6.259614383835,1.244010224972E+03,
    3.96969584752E+03));
#4909 = CARTESIAN_POINT('',(-5.861782144426,1.244065872963E+03,
    3.969291213616E+03));
#4910 = CARTESIAN_POINT('',(-5.422036175919,1.244122342223E+03,
    3.96890917452E+03));
#4911 = CARTESIAN_POINT('',(-4.939281089746,1.244177888013E+03,
    3.968555019489E+03));
#4912 = CARTESIAN_POINT('',(-3.881880681876,1.244283386721E+03,
    3.967912701419E+03));
#4913 = CARTESIAN_POINT('',(-3.300584862234,1.244333870371E+03,
    3.967621597593E+03));
#4914 = CARTESIAN_POINT('',(-2.674800014115,1.244378759773E+03,
    3.967375025882E+03));
#4915 = CARTESIAN_POINT('',(-2.01237600475,1.244414896806E+03,
    3.967183345991E+03));
#4916 = CARTESIAN_POINT('',(-1.322832503103,1.244439632562E+03,
    3.967054226329E+03));
#4917 = CARTESIAN_POINT('',(-0.616786686352,1.244451414799E+03,
    3.966992600977E+03));
#4918 = CARTESIAN_POINT('',(0.778617628105,1.244448442175E+03,
    3.967008146982E+03));
#4919 = CARTESIAN_POINT('',(1.454842188671,1.244434724424E+03,
    3.967079894177E+03));
#4920 = CARTESIAN_POINT('',(2.113807333632,1.244409262817E+03,
    3.967213302215E+03));
#4921 = CARTESIAN_POINT('',(2.746445693462,1.244373570433E+03,
    3.96740359843E+03));
#4922 = CARTESIAN_POINT('',(3.344669463645,1.244330025243E+03,
    3.967643811187E+03));
#4923 = CARTESIAN_POINT('',(3.901807036485,1.244281398633E+03,
    3.967924805686E+03));
#4924 = CARTESIAN_POINT('',(5.130879639425,1.244158771887E+03,
    3.968671406063E+03));
#4925 = CARTESIAN_POINT('',(5.767420397921,1.244081532014E+03,
    3.969171389731E+03));
#4926 = CARTESIAN_POINT('',(6.324344130714,1.244004017055E+03,
    3.969718660066E+03));
#4927 = CARTESIAN_POINT('',(6.805063950956,1.243930301103E+03,
    3.97030110423E+03));
#4928 = CARTESIAN_POINT('',(7.213365828295,1.24386316035E+03,
    3.970909799666E+03));
#4929 = CARTESIAN_POINT('',(7.552664864293,1.243804527015E+03,
    3.971538210968E+03));
#4930 = CARTESIAN_POINT('',(8.020343379922,1.243720884719E+03,
    3.972641131053E+03));
#4931 = CARTESIAN_POINT('',(8.18129369827,1.243691055078E+03,
    3.973108256033E+03));
#4932 = CARTESIAN_POINT('',(8.309201250069,1.243666740795E+03,
    3.973581135316E+03));
#4933 = CARTESIAN_POINT('',(8.404701346911,1.24364828655E+03,
    3.974058134277E+03));
#4934 = CARTESIAN_POINT('',(8.468228163354,1.243635910219E+03,
    3.974537821537E+03));
#4935 = CARTESIAN_POINT('',(8.5,1.243629720375E+03,3.975018876881E+03));
#4936 = CARTESIAN_POINT('',(8.5,1.243629720375E+03,3.97599415641E+03));
#4937 = CARTESIAN_POINT('',(8.466483465894,1.243636250126E+03,
    3.976488234942E+03));
#4938 = CARTESIAN_POINT('',(8.399470341951,1.243649305653E+03,
    3.976980829811E+03));
#4939 = CARTESIAN_POINT('',(8.298717331309,1.243668766224E+03,
    3.977470513401E+03));
#4940 = CARTESIAN_POINT('',(8.163740349741,1.24369438958E+03,
    3.977955731296E+03));
#4941 = CARTESIAN_POINT('',(7.993831692374,1.243725791391E+03,
    3.978434696176E+03));
#4942 = CARTESIAN_POINT('',(7.621728305281,1.243792011876E+03,
    3.979285717954E+03));
#4943 = CARTESIAN_POINT('',(7.431957597848,1.243825022912E+03,
    3.979660667812E+03));
#4944 = CARTESIAN_POINT('',(7.218231218676,1.243861152468E+03,
    3.980029110281E+03));
#4945 = CARTESIAN_POINT('',(6.979905430874,1.243900038229E+03,
    3.980389826041E+03));
#4946 = CARTESIAN_POINT('',(6.716261072741,1.243941223477E+03,
    3.980741334778E+03));
#4947 = CARTESIAN_POINT('',(6.426543297489,1.243984135433E+03,
    3.98108183363E+03));
#4948 = CARTESIAN_POINT('',(5.902876396903,1.244056807388E+03,
    3.981623301223E+03));
#4949 = CARTESIAN_POINT('',(5.684209161218,1.244085994144E+03,
    3.981831875667E+03));
#4950 = CARTESIAN_POINT('',(5.453837786783,1.24411541756E+03,
    3.982034178322E+03));
#4951 = CARTESIAN_POINT('',(5.211619802199,1.244144844066E+03,
    3.982229465591E+03));
#4952 = CARTESIAN_POINT('',(4.95744130447,1.244174013018E+03,
    3.982416923704E+03));
#4953 = CARTESIAN_POINT('',(4.691226179684,1.24420263689E+03,
    3.982595661511E+03));
#4954 = CARTESIAN_POINT('',(4.21185494323,1.244250464606E+03,
    3.982886855656E+03));
#4955 = CARTESIAN_POINT('',(4.004435333064,1.244270081973E+03,
    3.983003962497E+03));
#4956 = CARTESIAN_POINT('',(3.790807186978,1.24428912159E+03,
    3.983115570964E+03));
#4957 = CARTESIAN_POINT('',(3.57111594941,1.244307447371E+03,
    3.983221233072E+03));
#4958 = CARTESIAN_POINT('',(3.345531860915,1.244324921276E+03,
    3.983320505387E+03));
#4959 = CARTESIAN_POINT('',(3.114250003627,1.244341405458E+03,
    3.983412948726E+03));
#4960 = CARTESIAN_POINT('',(2.497725320559,1.244381400345E+03,
    3.98363475611E+03));
#4961 = CARTESIAN_POINT('',(2.103101010808,1.244403190888E+03,
    3.983752970251E+03));
#4962 = CARTESIAN_POINT('',(1.696056608845,1.244421450531E+03,
    3.983850249849E+03));
#4963 = CARTESIAN_POINT('',(1.279290039011,1.244435591905E+03,
    3.983924655142E+03));
#4964 = CARTESIAN_POINT('',(0.855686192685,1.244445186607E+03,
    3.983974828362E+03));
#4965 = CARTESIAN_POINT('',(0.428243665823,1.24445E+03,3.984E+03));
#4966 = CARTESIAN_POINT('',(8.425143348925E-14,1.24445E+03,3.984E+03));
#4967 = PCURVE('',#2565,#4968);
#4968 = DEFINITIONAL_REPRESENTATION('',(#4969),#5068);
#4969 = B_SPLINE_CURVE_WITH_KNOTS('',7,(#4970,#4971,#4972,#4973,#4974,
    #4975,#4976,#4977,#4978,#4979,#4980,#4981,#4982,#4983,#4984,#4985,
    #4986,#4987,#4988,#4989,#4990,#4991,#4992,#4993,#4994,#4995,#4996,
    #4997,#4998,#4999,#5000,#5001,#5002,#5003,#5004,#5005,#5006,#5007,
    #5008,#5009,#5010,#5011,#5012,#5013,#5014,#5015,#5016,#5017,#5018,
    #5019,#5020,#5021,#5022,#5023,#5024,#5025,#5026,#5027,#5028,#5029,
    #5030,#5031,#5032,#5033,#5034,#5035,#5036,#5037,#5038,#5039,#5040,
    #5041,#5042,#5043,#5044,#5045,#5046,#5047,#5048,#5049,#5050,#5051,
    #5052,#5053,#5054,#5055,#5056,#5057,#5058,#5059,#5060,#5061,#5062,
    #5063,#5064,#5065,#5066,#5067),.UNSPECIFIED.,.T.,.F.,(8,6,6,6,6,6,6,
    6,6,6,6,6,6,6,6,6,8),(0.,4.605948910462E-02,7.477464677321E-02,
    0.114512393741,0.147988207589,0.249321387608,0.350795671221,
    0.42590460728,0.501688361295,0.574537395646,0.6768596496,
    0.749916949188,0.824953320328,0.885615422362,0.925308838736,
    0.95399196238,1.),.UNSPECIFIED.);
#4970 = CARTESIAN_POINT('',(4.712388980385,4.678E+03));
#4971 = CARTESIAN_POINT('',(4.722023292383,4.678E+03));
#4972 = CARTESIAN_POINT('',(4.731639551552,4.677974828186E+03));
#4973 = CARTESIAN_POINT('',(4.741170891147,4.677924654896E+03));
#4974 = CARTESIAN_POINT('',(4.750551310169,4.677850249717E+03));
#4975 = CARTESIAN_POINT('',(4.759717056886,4.677752970331E+03));
#4976 = CARTESIAN_POINT('',(4.768608104787,4.677634756314E+03));
#4977 = CARTESIAN_POINT('',(4.782507343303,4.677412948726E+03));
#4978 = CARTESIAN_POINT('',(4.78772362757,4.677320505387E+03));
#4979 = CARTESIAN_POINT('',(4.792813687355,4.677221233072E+03));
#4980 = CARTESIAN_POINT('',(4.797773138763,4.677115570964E+03));
#4981 = CARTESIAN_POINT('',(4.802598105809,4.677003962497E+03));
#4982 = CARTESIAN_POINT('',(4.80728522582,4.676886855656E+03));
#4983 = CARTESIAN_POINT('',(4.818123274325,4.676595661511E+03));
#4984 = CARTESIAN_POINT('',(4.824146709366,4.676416923704E+03));
#4985 = CARTESIAN_POINT('',(4.829902315376,4.676229465591E+03));
#4986 = CARTESIAN_POINT('',(4.835391405876,4.676034178322E+03));
#4987 = CARTESIAN_POINT('',(4.840616077674,4.675831875667E+03));
#4988 = CARTESIAN_POINT('',(4.845579036067,4.675623301223E+03));
#4989 = CARTESIAN_POINT('',(4.854246480178,4.675228718578E+03));
#4990 = CARTESIAN_POINT('',(4.858026868553,4.675044296145E+03));
#4991 = CARTESIAN_POINT('',(4.861627191374,4.674856231666E+03));
#4992 = CARTESIAN_POINT('',(4.865050000208,4.674664856436E+03));
#4993 = CARTESIAN_POINT('',(4.868297799105,4.674470469779E+03));
#4994 = CARTESIAN_POINT('',(4.871373051738,4.674273339111E+03));
#4995 = CARTESIAN_POINT('',(4.883072201812,4.673469381139E+03));
#4996 = CARTESIAN_POINT('',(4.890310949387,4.672841833488E+03));
#4997 = CARTESIAN_POINT('',(4.896053484624,4.672197930266E+03));
#4998 = CARTESIAN_POINT('',(4.900347828655,4.671542770919E+03));
#4999 = CARTESIAN_POINT('',(4.903228164488,4.670880360211E+03));
#5000 = CARTESIAN_POINT('',(4.904711971658,4.670214136105E+03));
#5001 = CARTESIAN_POINT('',(4.904882349726,4.668879628315E+03));
#5002 = CARTESIAN_POINT('',(4.903564926842,4.668212092696E+03));
#5003 = CARTESIAN_POINT('',(4.900848207695,4.66754801945E+03));
#5004 = CARTESIAN_POINT('',(4.89671599342,4.666890845375E+03));
#5005 = CARTESIAN_POINT('',(4.891135359519,4.666244542097E+03));
#5006 = CARTESIAN_POINT('',(4.884059364809,4.665614140041E+03));
#5007 = CARTESIAN_POINT('',(4.869042083004,4.664556562146E+03));
#5008 = CARTESIAN_POINT('',(4.861798291479,4.66411878802E+03));
#5009 = CARTESIAN_POINT('',(4.853672020753,4.66369584752E+03));
#5010 = CARTESIAN_POINT('',(4.844635607588,4.663291213616E+03));
#5011 = CARTESIAN_POINT('',(4.834662556098,4.66290917452E+03));
#5012 = CARTESIAN_POINT('',(4.823731518923,4.662555019489E+03));
#5013 = CARTESIAN_POINT('',(4.799824876141,4.661912701419E+03));
#5014 = CARTESIAN_POINT('',(4.786699209815,4.661621597593E+03));
#5015 = CARTESIAN_POINT('',(4.77258726234,4.661375025882E+03));
#5016 = CARTESIAN_POINT('',(4.757666681893,4.661183345991E+03));
#5017 = CARTESIAN_POINT('',(4.742148428166,4.661054226329E+03));
#5018 = CARTESIAN_POINT('',(4.72626498104,4.660992600977E+03));
#5019 = CARTESIAN_POINT('',(4.694872236816,4.661008146982E+03));
#5020 = CARTESIAN_POINT('',(4.679658461217,4.661079894177E+03));
#5021 = CARTESIAN_POINT('',(4.664826471621,4.661213302215E+03));
#5022 = CARTESIAN_POINT('',(4.650574935055,4.66140359843E+03));
#5023 = CARTESIAN_POINT('',(4.637083283784,4.661643811187E+03));
#5024 = CARTESIAN_POINT('',(4.624502571995,4.661924805686E+03));
#5025 = CARTESIAN_POINT('',(4.596714612531,4.662671406063E+03));
#5026 = CARTESIAN_POINT('',(4.582292470345,4.663171389731E+03));
#5027 = CARTESIAN_POINT('',(4.569645025002,4.663718660066E+03));
#5028 = CARTESIAN_POINT('',(4.558705057627,4.66430110423E+03));
#5029 = CARTESIAN_POINT('',(4.549396576561,4.664909799666E+03));
#5030 = CARTESIAN_POINT('',(4.541650298017,4.665538210968E+03));
#5031 = CARTESIAN_POINT('',(4.530961902594,4.666641131053E+03));
#5032 = CARTESIAN_POINT('',(4.527279382947,4.667108256033E+03));
#5033 = CARTESIAN_POINT('',(4.524350323893,4.667581135316E+03));
#5034 = CARTESIAN_POINT('',(4.522162096164,4.668058134277E+03));
#5035 = CARTESIAN_POINT('',(4.520706052782,4.668537821537E+03));
#5036 = CARTESIAN_POINT('',(4.519977836983,4.669018876881E+03));
#5037 = CARTESIAN_POINT('',(4.519977836983,4.66999415641E+03));
#5038 = CARTESIAN_POINT('',(4.520746041602,4.670488234942E+03));
#5039 = CARTESIAN_POINT('',(4.522281991419,4.670980829811E+03));
#5040 = CARTESIAN_POINT('',(4.524590543656,4.671470513401E+03));
#5041 = CARTESIAN_POINT('',(4.527681341743,4.671955731296E+03));
#5042 = CARTESIAN_POINT('',(4.531568457275,4.672434696176E+03));
#5043 = CARTESIAN_POINT('',(4.540071265876,4.673285717954E+03));
#5044 = CARTESIAN_POINT('',(4.544404646734,4.673660667812E+03));
#5045 = CARTESIAN_POINT('',(4.549281023446,4.674029110281E+03));
#5046 = CARTESIAN_POINT('',(4.554713404864,4.674389826041E+03));
#5047 = CARTESIAN_POINT('',(4.560716317409,4.674741334778E+03));
#5048 = CARTESIAN_POINT('',(4.567304990293,4.67508183363E+03));
#5049 = CARTESIAN_POINT('',(4.579198924703,4.675623301223E+03));
#5050 = CARTESIAN_POINT('',(4.584161883095,4.675831875667E+03));
#5051 = CARTESIAN_POINT('',(4.589386554894,4.676034178322E+03));
#5052 = CARTESIAN_POINT('',(4.594875645393,4.676229465591E+03));
#5053 = CARTESIAN_POINT('',(4.600631251403,4.676416923704E+03));
#5054 = CARTESIAN_POINT('',(4.606654686444,4.676595661511E+03));
#5055 = CARTESIAN_POINT('',(4.617492734949,4.676886855656E+03));
#5056 = CARTESIAN_POINT('',(4.62217985496,4.677003962497E+03));
#5057 = CARTESIAN_POINT('',(4.627004822007,4.677115570964E+03));
#5058 = CARTESIAN_POINT('',(4.631964273415,4.677221233072E+03));
#5059 = CARTESIAN_POINT('',(4.637054333199,4.677320505387E+03));
#5060 = CARTESIAN_POINT('',(4.642270617466,4.677412948726E+03));
#5061 = CARTESIAN_POINT('',(4.656169843237,4.67763475611E+03));
#5062 = CARTESIAN_POINT('',(4.665060894468,4.677752970251E+03));
#5063 = CARTESIAN_POINT('',(4.6742266559,4.677850249849E+03));
#5064 = CARTESIAN_POINT('',(4.683607093653,4.677924655142E+03));
#5065 = CARTESIAN_POINT('',(4.693138446536,4.677974828362E+03));
#5066 = CARTESIAN_POINT('',(4.702754702188,4.678E+03));
#5067 = CARTESIAN_POINT('',(4.712388980385,4.678E+03));
#5068 = ( GEOMETRIC_REPRESENTATION_CONTEXT(2) 
PARAMETRIC_REPRESENTATION_CONTEXT() REPRESENTATION_CONTEXT('2D SPACE',''
  ) );
#5069 = PCURVE('',#4759,#5070);
#5070 = DEFINITIONAL_REPRESENTATION('',(#5071),#5170);
#5071 = B_SPLINE_CURVE_WITH_KNOTS('',7,(#5072,#5073,#5074,#5075,#5076,
    #5077,#5078,#5079,#5080,#5081,#5082,#5083,#5084,#5085,#5086,#5087,
    #5088,#5089,#5090,#5091,#5092,#5093,#5094,#5095,#5096,#5097,#5098,
    #5099,#5100,#5101,#5102,#5103,#5104,#5105,#5106,#5107,#5108,#5109,
    #5110,#5111,#5112,#5113,#5114,#5115,#5116,#5117,#5118,#5119,#5120,
    #5121,#5122,#5123,#5124,#5125,#5126,#5127,#5128,#5129,#5130,#5131,
    #5132,#5133,#5134,#5135,#5136,#5137,#5138,#5139,#5140,#5141,#5142,
    #5143,#5144,#5145,#5146,#5147,#5148,#5149,#5150,#5151,#5152,#5153,
    #5154,#5155,#5156,#5157,#5158,#5159,#5160,#5161,#5162,#5163,#5164,
    #5165,#5166,#5167,#5168,#5169),.UNSPECIFIED.,.F.,.F.,(8,6,6,6,6,6,6,
    6,6,6,6,6,6,6,6,6,8),(0.,4.605948910462E-02,7.477464677321E-02,
    0.114512393741,0.147988207589,0.249321387608,0.350795671221,
    0.42590460728,0.501688361295,0.574537395646,0.6768596496,
    0.749916949188,0.824953320328,0.885615422362,0.925308838736,
    0.95399196238,1.),.UNSPECIFIED.);
#5072 = CARTESIAN_POINT('',(0.,15.55));
#5073 = CARTESIAN_POINT('',(5.03817845081E-02,15.55));
#5074 = CARTESIAN_POINT('',(0.100669155073,15.554813426869));
#5075 = CARTESIAN_POINT('',(0.150713728605,15.564408141806));
#5076 = CARTESIAN_POINT('',(0.20036806992,15.578549493414));
#5077 = CARTESIAN_POINT('',(0.24947730195,15.596809095696));
#5078 = CARTESIAN_POINT('',(0.297870573407,15.61859961783));
#5079 = CARTESIAN_POINT('',(0.374954268367,15.658594542487));
#5080 = CARTESIAN_POINT('',(0.404239072377,15.675078724244));
#5081 = CARTESIAN_POINT('',(0.433207456971,15.692552629107));
#5082 = CARTESIAN_POINT('',(0.461858646442,15.710878410232));
#5083 = CARTESIAN_POINT('',(0.490190420655,15.729918026703));
#5084 = CARTESIAN_POINT('',(0.518199107369,15.749535394439));
#5085 = CARTESIAN_POINT('',(0.584185455163,15.797363109908));
#5086 = CARTESIAN_POINT('',(0.621870398291,15.825986982153));
#5087 = CARTESIAN_POINT('',(0.658969370603,15.855155934366));
#5088 = CARTESIAN_POINT('',(0.695514229422,15.884582440003));
#5089 = CARTESIAN_POINT('',(0.731534327713,15.914005855861));
#5090 = CARTESIAN_POINT('',(0.767057119054,15.943192612499));
#5091 = CARTESIAN_POINT('',(0.831636916189,15.996150707403));
#5092 = CARTESIAN_POINT('',(0.860836855534,16.020055626837));
#5093 = CARTESIAN_POINT('',(0.889730412876,16.043532620835));
#5094 = CARTESIAN_POINT('',(0.918337817007,16.06647542351));
#5095 = CARTESIAN_POINT('',(0.946678388844,16.088789292003));
#5096 = CARTESIAN_POINT('',(0.974771236986,16.110390253265));
#5097 = CARTESIAN_POINT('',(1.086984023929,16.19420980029));
#5098 = CARTESIAN_POINT('',(1.169276000305,16.250030659151));
#5099 = CARTESIAN_POINT('',(1.249994947337,16.296560800831));
#5100 = CARTESIAN_POINT('',(1.329559228988,16.33245926509));
#5101 = CARTESIAN_POINT('',(1.408358143002,16.356918300398));
#5102 = CARTESIAN_POINT('',(1.486779068591,16.369530343348));
#5103 = CARTESIAN_POINT('',(1.643782420833,16.370978534457));
#5104 = CARTESIAN_POINT('',(1.722277546565,16.359780755091));
#5105 = CARTESIAN_POINT('',(1.801115329329,16.336668652396));
#5106 = CARTESIAN_POINT('',(1.880682276771,16.302020369264));
#5107 = CARTESIAN_POINT('',(1.961366412563,16.256612317411));
#5108 = CARTESIAN_POINT('',(2.043584306441,16.201747355753));
#5109 = CARTESIAN_POINT('',(2.190162890097,16.093396293301));
#5110 = CARTESIAN_POINT('',(2.253662199917,16.043218987217));
#5111 = CARTESIAN_POINT('',(2.318513226516,15.989775028391));
#5112 = CARTESIAN_POINT('',(2.384918350773,15.934127037153));
#5113 = CARTESIAN_POINT('',(2.453089636634,15.877657777173));
#5114 = CARTESIAN_POINT('',(2.523261975846,15.822111986679));
#5115 = CARTESIAN_POINT('',(2.66881512081,15.71661327921));
#5116 = CARTESIAN_POINT('',(2.745044457336,15.666129628697));
#5117 = CARTESIAN_POINT('',(2.823664986863,15.621240226804));
#5118 = CARTESIAN_POINT('',(2.90413954472,15.585103193556));
#5119 = CARTESIAN_POINT('',(2.98604629803,15.560367438452));
#5120 = CARTESIAN_POINT('',(3.069024550039,15.548585201362));
#5121 = CARTESIAN_POINT('',(3.233199951181,15.55155782542));
#5122 = CARTESIAN_POINT('',(3.312844849773,15.565275575985));
#5123 = CARTESIAN_POINT('',(3.391391332648,15.590737182614));
#5124 = CARTESIAN_POINT('',(3.468538541948,15.626429566653));
#5125 = CARTESIAN_POINT('',(3.543930327739,15.669974757189));
#5126 = CARTESIAN_POINT('',(3.617113086372,15.718601366826));
#5127 = CARTESIAN_POINT('',(3.786297230255,15.841228112599));
#5128 = CARTESIAN_POINT('',(3.880839626821,15.918467985628));
#5129 = CARTESIAN_POINT('',(3.971840433951,15.995982944665));
#5130 = CARTESIAN_POINT('',(4.059868465937,16.069698897272));
#5131 = CARTESIAN_POINT('',(4.145458641073,16.136839649508));
#5132 = CARTESIAN_POINT('',(4.22910621537,16.195472985254));
#5133 = CARTESIAN_POINT('',(4.370045030392,16.279115280548));
#5134 = CARTESIAN_POINT('',(4.428032342593,16.30894492217));
#5135 = CARTESIAN_POINT('',(4.485455683959,16.333259205111));
#5136 = CARTESIAN_POINT('',(4.542461613444,16.351713450187));
#5137 = CARTESIAN_POINT('',(4.59919147411,16.364089781266));
#5138 = CARTESIAN_POINT('',(4.655786260559,16.370279625008));
#5139 = CARTESIAN_POINT('',(4.770525028615,16.370279625008));
#5140 = CARTESIAN_POINT('',(4.828651963576,16.363749874282));
#5141 = CARTESIAN_POINT('',(4.886925066543,16.35069434663));
#5142 = CARTESIAN_POINT('',(4.945497451807,16.331233775619));
#5143 = CARTESIAN_POINT('',(5.004522614595,16.305610420024));
#5144 = CARTESIAN_POINT('',(5.064160024037,16.274208608588));
#5145 = CARTESIAN_POINT('',(5.173432484159,16.20798812374));
#5146 = CARTESIAN_POINT('',(5.222793618125,16.174977088465));
#5147 = CARTESIAN_POINT('',(5.272773391983,16.138847532252));
#5148 = CARTESIAN_POINT('',(5.323478151537,16.099961771165));
#5149 = CARTESIAN_POINT('',(5.375017644662,16.05877652307));
#5150 = CARTESIAN_POINT('',(5.427508306486,16.015864567359));
#5151 = CARTESIAN_POINT('',(5.516128188125,15.943192612499));
#5152 = CARTESIAN_POINT('',(5.551650979466,15.914005855861));
#5153 = CARTESIAN_POINT('',(5.587671077757,15.884582440003));
#5154 = CARTESIAN_POINT('',(5.624215936577,15.855155934366));
#5155 = CARTESIAN_POINT('',(5.661314908889,15.825986982153));
#5156 = CARTESIAN_POINT('',(5.698999852016,15.797363109908));
#5157 = CARTESIAN_POINT('',(5.76498619981,15.749535394439));
#5158 = CARTESIAN_POINT('',(5.792994886525,15.729918026703));
#5159 = CARTESIAN_POINT('',(5.821326660737,15.710878410232));
#5160 = CARTESIAN_POINT('',(5.849977850208,15.692552629107));
#5161 = CARTESIAN_POINT('',(5.878946234803,15.675078724244));
#5162 = CARTESIAN_POINT('',(5.908231038813,15.658594542487));
#5163 = CARTESIAN_POINT('',(5.98531466309,15.618599654503));
#5164 = CARTESIAN_POINT('',(6.03370795575,15.596809111502));
#5165 = CARTESIAN_POINT('',(6.08281726775,15.578549469102));
#5166 = CARTESIAN_POINT('',(6.132471706356,15.564408095076));
#5167 = CARTESIAN_POINT('',(6.18251634726,15.554813393087));
#5168 = CARTESIAN_POINT('',(6.232803699436,15.55));
#5169 = CARTESIAN_POINT('',(6.28318530718,15.55));
#5170 = ( GEOMETRIC_REPRESENTATION_CONTEXT(2) 
PARAMETRIC_REPRESENTATION_CONTEXT() REPRESENTATION_CONTEXT('2D SPACE',''
  ) );
#5171 = ADVANCED_FACE('',(#5172),#2621,.T.);
#5172 = FACE_BOUND('',#5173,.T.);
#5173 = EDGE_LOOP('',(#5174,#5175,#5176));
#5174 = ORIENTED_EDGE('',*,*,#2657,.T.);
#5175 = ORIENTED_EDGE('',*,*,#2633,.T.);
#5176 = ORIENTED_EDGE('',*,*,#2604,.T.);
#5177 = ADVANCED_FACE('',(#5178),#2890,.F.);
#5178 = FACE_BOUND('',#5179,.F.);
#5179 = EDGE_LOOP('',(#5180,#5203,#5204,#5205,#5206));
#5180 = ORIENTED_EDGE('',*,*,#5181,.T.);
#5181 = EDGE_CURVE('',#5182,#2683,#5184,.T.);
#5182 = VERTEX_POINT('',#5183);
#5183 = CARTESIAN_POINT('',(7.050903946091E-14,1.15875E+03,3.289E+03));
#5184 = SEAM_CURVE('',#5185,(#5189,#5196),.PCURVE_S1.);
#5185 = LINE('',#5186,#5187);
#5186 = CARTESIAN_POINT('',(8.290858830228E-14,1.26E+03,3.289E+03));
#5187 = VECTOR('',#5188,1.);
#5188 = DIRECTION('',(-1.224646799147E-16,-1.,0.));
#5189 = PCURVE('',#2890,#5190);
#5190 = DEFINITIONAL_REPRESENTATION('',(#5191),#5195);
#5191 = LINE('',#5192,#5193);
#5192 = CARTESIAN_POINT('',(6.28318530718,-0.));
#5193 = VECTOR('',#5194,1.);
#5194 = DIRECTION('',(0.,1.));
#5195 = ( GEOMETRIC_REPRESENTATION_CONTEXT(2) 
PARAMETRIC_REPRESENTATION_CONTEXT() REPRESENTATION_CONTEXT('2D SPACE',''
  ) );
#5196 = PCURVE('',#2890,#5197);
#5197 = DEFINITIONAL_REPRESENTATION('',(#5198),#5202);
#5198 = LINE('',#5199,#5200);
#5199 = CARTESIAN_POINT('',(0.,-0.));
#5200 = VECTOR('',#5201,1.);
#5201 = DIRECTION('',(0.,1.));
#5202 = ( GEOMETRIC_REPRESENTATION_CONTEXT(2) 
PARAMETRIC_REPRESENTATION_CONTEXT() REPRESENTATION_CONTEXT('2D SPACE',''
  ) );
#5203 = ORIENTED_EDGE('',*,*,#2997,.F.);
#5204 = ORIENTED_EDGE('',*,*,#2682,.F.);
#5205 = ORIENTED_EDGE('',*,*,#5181,.F.);
#5206 = ORIENTED_EDGE('',*,*,#5207,.T.);
#5207 = EDGE_CURVE('',#5182,#5182,#5208,.T.);
#5208 = SURFACE_CURVE('',#5209,(#5308,#5410),.PCURVE_S1.);
#5209 = B_SPLINE_CURVE_WITH_KNOTS('',7,(#5210,#5211,#5212,#5213,#5214,
    #5215,#5216,#5217,#5218,#5219,#5220,#5221,#5222,#5223,#5224,#5225,
    #5226,#5227,#5228,#5229,#5230,#5231,#5232,#5233,#5234,#5235,#5236,
    #5237,#5238,#5239,#5240,#5241,#5242,#5243,#5244,#5245,#5246,#5247,
    #5248,#5249,#5250,#5251,#5252,#5253,#5254,#5255,#5256,#5257,#5258,
    #5259,#5260,#5261,#5262,#5263,#5264,#5265,#5266,#5267,#5268,#5269,
    #5270,#5271,#5272,#5273,#5274,#5275,#5276,#5277,#5278,#5279,#5280,
    #5281,#5282,#5283,#5284,#5285,#5286,#5287,#5288,#5289,#5290,#5291,
    #5292,#5293,#5294,#5295,#5296,#5297,#5298,#5299,#5300,#5301,#5302,
    #5303,#5304,#5305,#5306,#5307),.UNSPECIFIED.,.T.,.F.,(8,6,6,6,6,6,6,
    6,6,6,6,6,6,6,6,6,8),(0.,4.594620329797E-02,7.460688380843E-02,
    0.114278852718,0.147694886839,0.24878434103,0.353833527666,
    0.453481790048,0.500620131344,0.573619948172,0.672235910282,
    0.749383196115,0.824551731793,0.88535771819,0.925155875658,
    0.953907720548,1.),.UNSPECIFIED.);
#5210 = CARTESIAN_POINT('',(6.842713990236E-14,1.15875E+03,3.289E+03));
#5211 = CARTESIAN_POINT('',(-0.428340638561,1.15875E+03,3.289E+03));
#5212 = CARTESIAN_POINT('',(-0.85585927668,1.158755189148E+03,
    3.288974816961E+03));
#5213 = CARTESIAN_POINT('',(-1.279511933121,1.158765531937E+03,
    3.288924625392E+03));
#5214 = CARTESIAN_POINT('',(-1.69629336915,1.158780774707E+03,
    3.288850201322E+03));
#5215 = CARTESIAN_POINT('',(-2.103311461111,1.158800454998E+03,
    3.288752911395E+03));
#5216 = CARTESIAN_POINT('',(-2.497860061244,1.158823938763E+03,
    3.288634707635E+03));
#5217 = CARTESIAN_POINT('',(-3.11429908268,1.158867044918E+03,
    3.288412931068E+03));
#5218 = CARTESIAN_POINT('',(-3.345608388493,1.158884817563E+03,
    3.288320474028E+03));
#5219 = CARTESIAN_POINT('',(-3.571201601605,1.158903657274E+03,
    3.288221193708E+03));
#5220 = CARTESIAN_POINT('',(-3.79088680874,1.158923415557E+03,
    3.288115530424E+03));
#5221 = CARTESIAN_POINT('',(-4.004496789857,1.158943943799E+03,
    3.288003928175E+03));
#5222 = CARTESIAN_POINT('',(-4.211888962088,1.158965095552E+03,
    3.287886834991E+03));
#5223 = CARTESIAN_POINT('',(-4.691246521854,1.15901667346E+03,
    3.287595649154E+03));
#5224 = CARTESIAN_POINT('',(-4.957466332556,1.159047547026E+03,
    3.287416906012E+03));
#5225 = CARTESIAN_POINT('',(-5.211639708499,1.159079011214E+03,
    3.287229449308E+03));
#5226 = CARTESIAN_POINT('',(-5.45384819495,1.159110756568E+03,
    3.287034168365E+03));
#5227 = CARTESIAN_POINT('',(-5.684210532333,1.159142502588E+03,
    3.286831873718E+03));
#5228 = CARTESIAN_POINT('',(-5.902873258826,1.159173997848E+03,
    3.286623304468E+03));
#5229 = CARTESIAN_POINT('',(-6.284467020479,1.159231150429E+03,
    3.28622873942E+03));
#5230 = CARTESIAN_POINT('',(-6.450784931688,1.159256950425E+03,
    3.286044333621E+03));
#5231 = CARTESIAN_POINT('',(-6.609084080841,1.159282292214E+03,
    3.285856279946E+03));
#5232 = CARTESIAN_POINT('',(-6.759490917302,1.159307061021E+03,
    3.285664908051E+03));
#5233 = CARTESIAN_POINT('',(-6.902129354891,1.159331154392E+03,
    3.285470515595E+03));
#5234 = CARTESIAN_POINT('',(-7.037120821222,1.159354481393E+03,
    3.285273368299E+03));
#5235 = CARTESIAN_POINT('',(-7.55018405129,1.15944496908E+03,
    3.284469667845E+03));
#5236 = CARTESIAN_POINT('',(-7.867050193094,1.159505257277E+03,
    3.283842310861E+03));
#5237 = CARTESIAN_POINT('',(-8.118082533639,1.159555541821E+03,
    3.283198480093E+03));
#5238 = CARTESIAN_POINT('',(-8.305636735409,1.159594355075E+03,
    3.282543278963E+03));
#5239 = CARTESIAN_POINT('',(-8.431378524553,1.159620806773E+03,
    3.281880736747E+03));
#5240 = CARTESIAN_POINT('',(-8.49615286939,1.159634446606E+03,
    3.281214329222E+03));
#5241 = CARTESIAN_POINT('',(-8.503728929835,1.159636041945E+03,
    3.279854237583E+03));
#5242 = CARTESIAN_POINT('',(-8.441648821216,1.159622969389E+03,
    3.279161380894E+03));
#5243 = CARTESIAN_POINT('',(-8.313813832349,1.159596025017E+03,
    3.278472451971E+03));
#5244 = CARTESIAN_POINT('',(-8.119308458546,1.159555691888E+03,
    3.27779131691E+03));
#5245 = CARTESIAN_POINT('',(-7.856256738938,1.159502960555E+03,
    3.277122471982E+03));
#5246 = CARTESIAN_POINT('',(-7.521982379517,1.15943949562E+03,
    3.276471675105E+03));
#5247 = CARTESIAN_POINT('',(-6.725410943121,1.159300045122E+03,
    3.275253991632E+03));
#5248 = CARTESIAN_POINT('',(-6.268997241515,1.159224593959E+03,
    3.274682091536E+03));
#5249 = CARTESIAN_POINT('',(-5.740893039833,1.159143844981E+03,
    3.274139267049E+03));
#5250 = CARTESIAN_POINT('',(-5.138471776601,1.15906106631E+03,
    3.273635751817E+03));
#5251 = CARTESIAN_POINT('',(-4.459967093812,1.158980667423E+03,
    3.27318409043E+03));
#5252 = CARTESIAN_POINT('',(-3.705281209155,1.15890837093E+03,
    3.272799686858E+03));
#5253 = CARTESIAN_POINT('',(-2.485906115739,1.158823102851E+03,
    3.272360991689E+03));
#5254 = CARTESIAN_POINT('',(-2.078384154847,1.158798974562E+03,
    3.272239639283E+03));
#5255 = CARTESIAN_POINT('',(-1.657642328702,1.158778917999E+03,
    3.272140626262E+03));
#5256 = CARTESIAN_POINT('',(-1.226691906104,1.158763628582E+03,
    3.272066088555E+03));
#5257 = CARTESIAN_POINT('',(-0.788752760201,1.158753602553E+03,
    3.272017487689E+03));
#5258 = CARTESIAN_POINT('',(-0.347166647133,1.158749094375E+03,
    3.271995604776E+03));
#5259 = CARTESIAN_POINT('',(0.778965815468,1.158751679475E+03,
    3.272008150861E+03));
#5260 = CARTESIAN_POINT('',(1.455399046881,1.158766475359E+03,
    3.272079965776E+03));
#5261 = CARTESIAN_POINT('',(2.114448201839,1.15879392964E+03,
    3.27221345743E+03));
#5262 = CARTESIAN_POINT('',(2.747063763304,1.158832407423E+03,
    3.272403818142E+03));
#5263 = CARTESIAN_POINT('',(3.345170927355,1.158879347736E+03,
    3.272644049266E+03));
#5264 = CARTESIAN_POINT('',(3.902103130648,1.158931763221E+03,
    3.272924985549E+03));
#5265 = CARTESIAN_POINT('',(5.103045608065,1.159060982211E+03,
    3.273654498276E+03));
#5266 = CARTESIAN_POINT('',(5.717937403191,1.159140847471E+03,
    3.274132715364E+03));
#5267 = CARTESIAN_POINT('',(6.259206482054,1.159221221477E+03,
    3.274655216957E+03));
#5268 = CARTESIAN_POINT('',(6.729849586728,1.159298155374E+03,
    3.275211113081E+03));
#5269 = CARTESIAN_POINT('',(7.133213080526,1.159368889457E+03,
    3.275792293282E+03));
#5270 = CARTESIAN_POINT('',(7.472359290999,1.159431464757E+03,
    3.276392753133E+03));
#5271 = CARTESIAN_POINT('',(7.966580338093,1.15952599752E+03,
    3.277489611241E+03));
#5272 = CARTESIAN_POINT('',(8.14566868512,1.159561657507E+03,
    3.277980238355E+03));
#5273 = CARTESIAN_POINT('',(8.28791206224,1.159590798498E+03,
    3.278477708501E+03));
#5274 = CARTESIAN_POINT('',(8.394075807257,1.159612951281E+03,
    3.278980060443E+03));
#5275 = CARTESIAN_POINT('',(8.464684015735,1.159627819868E+03,
    3.279485594241E+03));
#5276 = CARTESIAN_POINT('',(8.5,1.159635256721E+03,3.279992752009E+03));
#5277 = CARTESIAN_POINT('',(8.5,1.159635256721E+03,3.280994237591E+03));
#5278 = CARTESIAN_POINT('',(8.466472450253,1.159628196481E+03,
    3.281488395908E+03));
#5279 = CARTESIAN_POINT('',(8.399437652729,1.159614080364E+03,
    3.281981051616E+03));
#5280 = CARTESIAN_POINT('',(8.298659311272,1.1595930416E+03,
    3.282470760476E+03));
#5281 = CARTESIAN_POINT('',(8.163666520624,1.159565347269E+03,
    3.282955954421E+03));
#5282 = CARTESIAN_POINT('',(7.993769906017,1.159531419368E+03,
    3.283434837485E+03));
#5283 = CARTESIAN_POINT('',(7.621676902012,1.159459880958E+03,
    3.284285835516E+03));
#5284 = CARTESIAN_POINT('',(7.431860270589,1.159424213831E+03,
    3.284660853891E+03));
#5285 = CARTESIAN_POINT('',(7.218101709246,1.159385186786E+03,
    3.285029320405E+03));
#5286 = CARTESIAN_POINT('',(6.979764586641,1.159343194137E+03,
    3.28539002183E+03));
#5287 = CARTESIAN_POINT('',(6.716135502192,1.159298731298E+03,
    3.285741485164E+03));
#5288 = CARTESIAN_POINT('',(6.426463838367,1.15925241777E+03,
    3.28608191579E+03));
#5289 = CARTESIAN_POINT('',(5.902873262501,1.159173997849E+03,
    3.286623304464E+03));
#5290 = CARTESIAN_POINT('',(5.684210527875,1.159142502587E+03,
    3.286831873721E+03));
#5291 = CARTESIAN_POINT('',(5.453848191948,1.159110756567E+03,
    3.287034168368E+03));
#5292 = CARTESIAN_POINT('',(5.211639712462,1.159079011215E+03,
    3.287229449306E+03));
#5293 = CARTESIAN_POINT('',(4.957466336818,1.159047547027E+03,
    3.287416906009E+03));
#5294 = CARTESIAN_POINT('',(4.691246516864,1.159016673459E+03,
    3.287595649157E+03));
#5295 = CARTESIAN_POINT('',(4.211888962084,1.158965095552E+03,
    3.287886834991E+03));
#5296 = CARTESIAN_POINT('',(4.004496789856,1.158943943799E+03,
    3.288003928175E+03));
#5297 = CARTESIAN_POINT('',(3.790886808744,1.158923415557E+03,
    3.288115530424E+03));
#5298 = CARTESIAN_POINT('',(3.571201601609,1.158903657274E+03,
    3.288221193708E+03));
#5299 = CARTESIAN_POINT('',(3.345608388493,1.158884817563E+03,
    3.288320474028E+03));
#5300 = CARTESIAN_POINT('',(3.114299082676,1.158867044918E+03,
    3.288412931068E+03));
#5301 = CARTESIAN_POINT('',(2.497860640347,1.158823938803E+03,
    3.288634707426E+03));
#5302 = CARTESIAN_POINT('',(2.103311890131,1.158800455015E+03,
    3.288752911314E+03));
#5303 = CARTESIAN_POINT('',(1.696293133018,1.158780774681E+03,
    3.288850201456E+03));
#5304 = CARTESIAN_POINT('',(1.279510850568,1.158765531886E+03,
    3.288924625641E+03));
#5305 = CARTESIAN_POINT('',(0.855857594434,1.158755189111E+03,
    3.28897481714E+03));
#5306 = CARTESIAN_POINT('',(0.428339115971,1.15875E+03,3.289E+03));
#5307 = CARTESIAN_POINT('',(6.842713990236E-14,1.15875E+03,3.289E+03));
#5308 = PCURVE('',#2890,#5309);
#5309 = DEFINITIONAL_REPRESENTATION('',(#5310),#5409);
#5310 = B_SPLINE_CURVE_WITH_KNOTS('',7,(#5311,#5312,#5313,#5314,#5315,
    #5316,#5317,#5318,#5319,#5320,#5321,#5322,#5323,#5324,#5325,#5326,
    #5327,#5328,#5329,#5330,#5331,#5332,#5333,#5334,#5335,#5336,#5337,
    #5338,#5339,#5340,#5341,#5342,#5343,#5344,#5345,#5346,#5347,#5348,
    #5349,#5350,#5351,#5352,#5353,#5354,#5355,#5356,#5357,#5358,#5359,
    #5360,#5361,#5362,#5363,#5364,#5365,#5366,#5367,#5368,#5369,#5370,
    #5371,#5372,#5373,#5374,#5375,#5376,#5377,#5378,#5379,#5380,#5381,
    #5382,#5383,#5384,#5385,#5386,#5387,#5388,#5389,#5390,#5391,#5392,
    #5393,#5394,#5395,#5396,#5397,#5398,#5399,#5400,#5401,#5402,#5403,
    #5404,#5405,#5406,#5407,#5408),.UNSPECIFIED.,.F.,.F.,(8,6,6,6,6,6,6,
    6,6,6,6,6,6,6,6,6,8),(0.,4.594620329797E-02,7.460688380843E-02,
    0.114278852718,0.147694886839,0.24878434103,0.353833527666,
    0.453481790048,0.500620131344,0.573619948172,0.672235910282,
    0.749383196115,0.824551731793,0.88535771819,0.925155875658,
    0.953907720548,1.),.UNSPECIFIED.);
#5311 = CARTESIAN_POINT('',(0.,101.25));
#5312 = CARTESIAN_POINT('',(5.039301630129E-02,101.25));
#5313 = CARTESIAN_POINT('',(0.100689322427,101.24481085215));
#5314 = CARTESIAN_POINT('',(0.150739848787,101.23446806253));
#5315 = CARTESIAN_POINT('',(0.200396367088,101.21922529289));
#5316 = CARTESIAN_POINT('',(0.249502992753,101.19954500224));
#5317 = CARTESIAN_POINT('',(0.297887490618,101.176061237));
#5318 = CARTESIAN_POINT('',(0.374960404684,101.13295508248));
#5319 = CARTESIAN_POINT('',(0.40424879317,101.11518243665));
#5320 = CARTESIAN_POINT('',(0.433218532637,101.09634272552));
#5321 = CARTESIAN_POINT('',(0.461869145951,101.07658444276));
#5322 = CARTESIAN_POINT('',(0.490198696668,101.0560562005));
#5323 = CARTESIAN_POINT('',(0.518203790129,101.03490444767));
#5324 = CARTESIAN_POINT('',(0.584188255301,100.98332654031));
#5325 = CARTESIAN_POINT('',(0.621873995867,100.95245297395));
#5326 = CARTESIAN_POINT('',(0.658972386414,100.92098878583));
#5327 = CARTESIAN_POINT('',(0.695515919307,100.88924343216));
#5328 = CARTESIAN_POINT('',(0.731534605013,100.85749741223));
#5329 = CARTESIAN_POINT('',(0.767056587999,100.82600215183));
#5330 = CARTESIAN_POINT('',(0.831633505032,100.76884957102));
#5331 = CARTESIAN_POINT('',(0.860830949608,100.7430495746));
#5332 = CARTESIAN_POINT('',(0.889723063772,100.71770778632));
#5333 = CARTESIAN_POINT('',(0.918330205756,100.69293897916));
#5334 = CARTESIAN_POINT('',(0.946671825086,100.66884560799));
#5335 = CARTESIAN_POINT('',(0.974767163067,100.6455186073));
#5336 = CARTESIAN_POINT('',(1.086944006729,100.55503092025));
#5337 = CARTESIAN_POINT('',(1.169214395505,100.49474272311));
#5338 = CARTESIAN_POINT('',(1.249927508675,100.44445817868));
#5339 = CARTESIAN_POINT('',(1.329498701422,100.40564492497));
#5340 = CARTESIAN_POINT('',(1.408313822466,100.37919322696));
#5341 = CARTESIAN_POINT('',(1.486756348699,100.36555339438));
#5342 = CARTESIAN_POINT('',(1.646769612057,100.36395805486));
#5343 = CARTESIAN_POINT('',(1.728240752213,100.37703061079));
#5344 = CARTESIAN_POINT('',(1.810089961779,100.40397498252));
#5345 = CARTESIAN_POINT('',(1.892747016161,100.44430811159));
#5346 = CARTESIAN_POINT('',(1.976643425034,100.49703944481));
#5347 = CARTESIAN_POINT('',(2.06224535472,100.56050437959));
#5348 = CARTESIAN_POINT('',(2.233432097664,100.69995487816));
#5349 = CARTESIAN_POINT('',(2.319132011519,100.77540604066));
#5350 = CARTESIAN_POINT('',(2.407532851119,100.85615501912));
#5351 = CARTESIAN_POINT('',(2.498979057986,100.93893369041));
#5352 = CARTESIAN_POINT('',(2.593888178708,101.01933257745));
#5353 = CARTESIAN_POINT('',(2.692742191552,101.09162906972));
#5354 = CARTESIAN_POINT('',(2.84519975592,101.17689714875));
#5355 = CARTESIAN_POINT('',(2.895145813551,101.20102543766));
#5356 = CARTESIAN_POINT('',(2.945857320051,101.22108200127));
#5357 = CARTESIAN_POINT('',(2.99714226147,101.23637141849));
#5358 = CARTESIAN_POINT('',(3.048827124821,101.24639744685));
#5359 = CARTESIAN_POINT('',(3.100746523116,101.25090562538));
#5360 = CARTESIAN_POINT('',(3.233240916942,101.24832052521));
#5361 = CARTESIAN_POINT('',(3.312910451593,101.23352464117));
#5362 = CARTESIAN_POINT('',(3.391468230886,101.20607036021));
#5363 = CARTESIAN_POINT('',(3.468615099231,101.1675925765));
#5364 = CARTESIAN_POINT('',(3.543995290648,101.12065226428));
#5365 = CARTESIAN_POINT('',(3.617153844287,101.0682367788));
#5366 = CARTESIAN_POINT('',(3.78246582375,100.93901778855));
#5367 = CARTESIAN_POINT('',(3.873501924706,100.85915252883));
#5368 = CARTESIAN_POINT('',(3.961239642759,100.77877852347));
#5369 = CARTESIAN_POINT('',(4.046193215254,100.70184462634));
#5370 = CARTESIAN_POINT('',(4.128844499049,100.63111054278));
#5371 = CARTESIAN_POINT('',(4.20964158197,100.56853524312));
#5372 = CARTESIAN_POINT('',(4.351177993406,100.47400248004));
#5373 = CARTESIAN_POINT('',(4.412458822583,100.43834249319));
#5374 = CARTESIAN_POINT('',(4.473084294952,100.40920150177));
#5375 = CARTESIAN_POINT('',(4.533225582254,100.38704871932));
#5376 = CARTESIAN_POINT('',(4.593047067547,100.37218013218));
#5377 = CARTESIAN_POINT('',(4.652712746111,100.36474327925));
#5378 = CARTESIAN_POINT('',(4.770534579373,100.36474327925));
#5379 = CARTESIAN_POINT('',(4.82867090056,100.3718035193));
#5380 = CARTESIAN_POINT('',(4.886951320026,100.385919636));
#5381 = CARTESIAN_POINT('',(4.945527143223,100.40695839953));
#5382 = CARTESIAN_POINT('',(5.004550145973,100.43465273111));
#5383 = CARTESIAN_POINT('',(5.064178168314,100.46858063176));
#5384 = CARTESIAN_POINT('',(5.173447579323,100.54011904183));
#5385 = CARTESIAN_POINT('',(5.222818263155,100.57578616873));
#5386 = CARTESIAN_POINT('',(5.272802322714,100.61481321364));
#5387 = CARTESIAN_POINT('',(5.323506417442,100.65680586349));
#5388 = CARTESIAN_POINT('',(5.375040632203,100.70126870199));
#5389 = CARTESIAN_POINT('',(5.427521753312,100.74758223014));
#5390 = CARTESIAN_POINT('',(5.516128718558,100.82600215128));
#5391 = CARTESIAN_POINT('',(5.551650702829,100.85749741278));
#5392 = CARTESIAN_POINT('',(5.587669388375,100.88924343261));
#5393 = CARTESIAN_POINT('',(5.624212920216,100.9209887854));
#5394 = CARTESIAN_POINT('',(5.661311310659,100.9524529734));
#5395 = CARTESIAN_POINT('',(5.698997052565,100.98332654085));
#5396 = CARTESIAN_POINT('',(5.764981517051,101.03490444767));
#5397 = CARTESIAN_POINT('',(5.792986610512,101.0560562005));
#5398 = CARTESIAN_POINT('',(5.821316161228,101.07658444276));
#5399 = CARTESIAN_POINT('',(5.849966774542,101.09634272552));
#5400 = CARTESIAN_POINT('',(5.878936514009,101.11518243665));
#5401 = CARTESIAN_POINT('',(5.908224902496,101.13295508248));
#5402 = CARTESIAN_POINT('',(5.985297744157,101.17606119651));
#5403 = CARTESIAN_POINT('',(6.033682263681,101.19954498476));
#5404 = CARTESIAN_POINT('',(6.082788970795,101.21922531945));
#5405 = CARTESIAN_POINT('',(6.132445587981,101.23446811362));
#5406 = CARTESIAN_POINT('',(6.182496182661,101.24481088904));
#5407 = CARTESIAN_POINT('',(6.232792470006,101.25));
#5408 = CARTESIAN_POINT('',(6.28318530718,101.25));
#5409 = ( GEOMETRIC_REPRESENTATION_CONTEXT(2) 
PARAMETRIC_REPRESENTATION_CONTEXT() REPRESENTATION_CONTEXT('2D SPACE',''
  ) );
#5410 = PCURVE('',#5411,#5416);
#5411 = CYLINDRICAL_SURFACE('',#5412,41.25);
#5412 = AXIS2_PLACEMENT_3D('',#5413,#5414,#5415);
#5413 = CARTESIAN_POINT('',(7.347880794884E-14,1.2E+03,-695.));
#5414 = DIRECTION('',(0.,0.,1.));
#5415 = DIRECTION('',(-1.,1.224646799147E-16,0.));
#5416 = DEFINITIONAL_REPRESENTATION('',(#5417),#5516);
#5417 = B_SPLINE_CURVE_WITH_KNOTS('',7,(#5418,#5419,#5420,#5421,#5422,
    #5423,#5424,#5425,#5426,#5427,#5428,#5429,#5430,#5431,#5432,#5433,
    #5434,#5435,#5436,#5437,#5438,#5439,#5440,#5441,#5442,#5443,#5444,
    #5445,#5446,#5447,#5448,#5449,#5450,#5451,#5452,#5453,#5454,#5455,
    #5456,#5457,#5458,#5459,#5460,#5461,#5462,#5463,#5464,#5465,#5466,
    #5467,#5468,#5469,#5470,#5471,#5472,#5473,#5474,#5475,#5476,#5477,
    #5478,#5479,#5480,#5481,#5482,#5483,#5484,#5485,#5486,#5487,#5488,
    #5489,#5490,#5491,#5492,#5493,#5494,#5495,#5496,#5497,#5498,#5499,
    #5500,#5501,#5502,#5503,#5504,#5505,#5506,#5507,#5508,#5509,#5510,
    #5511,#5512,#5513,#5514,#5515),.UNSPECIFIED.,.T.,.F.,(8,6,6,6,6,6,6,
    6,6,6,6,6,6,6,6,6,8),(0.,4.594620329797E-02,7.460688380843E-02,
    0.114278852718,0.147694886839,0.24878434103,0.353833527666,
    0.453481790048,0.500620131344,0.573619948172,0.672235910282,
    0.749383196115,0.824551731793,0.88535771819,0.925155875658,
    0.953907720548,1.),.UNSPECIFIED.);
#5418 = CARTESIAN_POINT('',(1.570796326795,3.984E+03));
#5419 = CARTESIAN_POINT('',(1.560412311315,3.984E+03));
#5420 = CARTESIAN_POINT('',(1.550048222084,3.983974816961E+03));
#5421 = CARTESIAN_POINT('',(1.539776029604,3.983924625392E+03));
#5422 = CARTESIAN_POINT('',(1.529666776472,3.983850201322E+03));
#5423 = CARTESIAN_POINT('',(1.519789147454,3.983752911395E+03));
#5424 = CARTESIAN_POINT('',(1.510207918773,3.983634707635E+03));
#5425 = CARTESIAN_POINT('',(1.495227449917,3.983412931068E+03));
#5426 = CARTESIAN_POINT('',(1.489603556698,3.983320474028E+03));
#5427 = CARTESIAN_POINT('',(1.484115781275,3.983221193708E+03));
#5428 = CARTESIAN_POINT('',(1.478768769686,3.983115530424E+03));
#5429 = CARTESIAN_POINT('',(1.473566633003,3.983003928175E+03));
#5430 = CARTESIAN_POINT('',(1.468512940652,3.982886834991E+03));
#5431 = CARTESIAN_POINT('',(1.456825076069,3.982595649154E+03));
#5432 = CARTESIAN_POINT('',(1.450328230201,3.982416906012E+03));
#5433 = CARTESIAN_POINT('',(1.444119702089,3.982229449308E+03));
#5434 = CARTESIAN_POINT('',(1.438198012518,3.982034168365E+03));
#5435 = CARTESIAN_POINT('',(1.432560864317,3.981831873718E+03));
#5436 = CARTESIAN_POINT('',(1.427205329579,3.981623304468E+03));
#5437 = CARTESIAN_POINT('',(1.417851390376,3.98122873942E+03));
#5438 = CARTESIAN_POINT('',(1.413771273284,3.981044333621E+03));
#5439 = CARTESIAN_POINT('',(1.409884924338,3.980856279946E+03));
#5440 = CARTESIAN_POINT('',(1.40618964802,3.980664908051E+03));
#5441 = CARTESIAN_POINT('',(1.40268280521,3.980470515595E+03));
#5442 = CARTESIAN_POINT('',(1.399361803849,3.980273368299E+03));
#5443 = CARTESIAN_POINT('',(1.386731945204,3.979469667845E+03));
#5444 = CARTESIAN_POINT('',(1.378913239971,3.978842310861E+03));
#5445 = CARTESIAN_POINT('',(1.372707001346,3.978198480093E+03));
#5446 = CARTESIAN_POINT('',(1.368063902402,3.977543278963E+03));
#5447 = CARTESIAN_POINT('',(1.364948914493,3.976880736747E+03));
#5448 = CARTESIAN_POINT('',(1.363344185428,3.976214329222E+03));
#5449 = CARTESIAN_POINT('',(1.363156495513,3.974854237583E+03));
#5450 = CARTESIAN_POINT('',(1.364694479177,3.974161380894E+03));
#5451 = CARTESIAN_POINT('',(1.367861578548,3.973472451971E+03));
#5452 = CARTESIAN_POINT('',(1.372677172198,3.97279131691E+03));
#5453 = CARTESIAN_POINT('',(1.379180726232,3.972122471982E+03));
#5454 = CARTESIAN_POINT('',(1.387428269627,3.971471675105E+03));
#5455 = CARTESIAN_POINT('',(1.407032770447,3.970253991632E+03));
#5456 = CARTESIAN_POINT('',(1.418247016201,3.969682091536E+03));
#5457 = CARTESIAN_POINT('',(1.431196714017,3.969139267049E+03));
#5458 = CARTESIAN_POINT('',(1.445934706813,3.968635751817E+03));
#5459 = CARTESIAN_POINT('',(1.46249252268,3.96818409043E+03));
#5460 = CARTESIAN_POINT('',(1.480865624932,3.967799686858E+03));
#5461 = CARTESIAN_POINT('',(1.510498419053,3.967360991689E+03));
#5462 = CARTESIAN_POINT('',(1.52039447756,3.967239639283E+03));
#5463 = CARTESIAN_POINT('',(1.530604753002,3.967140626262E+03));
#5464 = CARTESIAN_POINT('',(1.541057176029,3.967066088555E+03));
#5465 = CARTESIAN_POINT('',(1.551675299298,3.967017487689E+03));
#5466 = CARTESIAN_POINT('',(1.562380139445,3.966995604776E+03));
#5467 = CARTESIAN_POINT('',(1.589680392287,3.967008150861E+03));
#5468 = CARTESIAN_POINT('',(1.606079555925,3.967079965776E+03));
#5469 = CARTESIAN_POINT('',(1.6220654354,3.96721345743E+03));
#5470 = CARTESIAN_POINT('',(1.6374253046,3.967403818142E+03));
#5471 = CARTESIAN_POINT('',(1.651966566171,3.967644049266E+03));
#5472 = CARTESIAN_POINT('',(1.665526405863,3.967924985549E+03));
#5473 = CARTESIAN_POINT('',(1.694808207646,3.968654498276E+03));
#5474 = CARTESIAN_POINT('',(1.709836254875,3.969132715364E+03));
#5475 = CARTESIAN_POINT('',(1.723098865584,3.969655216957E+03));
#5476 = CARTESIAN_POINT('',(1.73465826543,3.970211113081E+03));
#5477 = CARTESIAN_POINT('',(1.744585324245,3.970792293282E+03));
#5478 = CARTESIAN_POINT('',(1.752945650025,3.971392753133E+03));
#5479 = CARTESIAN_POINT('',(1.765143971707,3.972489611241E+03));
#5480 = CARTESIAN_POINT('',(1.76957061296,3.972980238355E+03));
#5481 = CARTESIAN_POINT('',(1.7730905048,3.973477708501E+03));
#5482 = CARTESIAN_POINT('',(1.775719602728,3.973980060443E+03));
#5483 = CARTESIAN_POINT('',(1.777468855086,3.974485594241E+03));
#5484 = CARTESIAN_POINT('',(1.778343777278,3.974992752009E+03));
#5485 = CARTESIAN_POINT('',(1.778343777278,3.975994237591E+03));
#5486 = CARTESIAN_POINT('',(1.777513162057,3.976488395908E+03));
#5487 = CARTESIAN_POINT('',(1.775852437303,3.976981051616E+03));
#5488 = CARTESIAN_POINT('',(1.773356658164,3.977470760476E+03));
#5489 = CARTESIAN_POINT('',(1.770015992589,3.977955954421E+03));
#5490 = CARTESIAN_POINT('',(1.765816071843,3.978434837485E+03));
#5491 = CARTESIAN_POINT('',(1.756630433746,3.979285835516E+03));
#5492 = CARTESIAN_POINT('',(1.751948335408,3.979660853891E+03));
#5493 = CARTESIAN_POINT('',(1.746680754707,3.980029320405E+03));
#5494 = CARTESIAN_POINT('',(1.740814114543,3.98039002183E+03));
#5495 = CARTESIAN_POINT('',(1.734333197745,3.980741485164E+03));
#5496 = CARTESIAN_POINT('',(1.727222005656,3.98108191579E+03));
#5497 = CARTESIAN_POINT('',(1.714387324101,3.981623304464E+03));
#5498 = CARTESIAN_POINT('',(1.709031789164,3.981831873721E+03));
#5499 = CARTESIAN_POINT('',(1.703394640999,3.982034168368E+03));
#5500 = CARTESIAN_POINT('',(1.697472951597,3.982229449306E+03));
#5501 = CARTESIAN_POINT('',(1.691264423493,3.982416906009E+03));
#5502 = CARTESIAN_POINT('',(1.684767577399,3.982595649157E+03));
#5503 = CARTESIAN_POINT('',(1.673079712938,3.982886834991E+03));
#5504 = CARTESIAN_POINT('',(1.668026020587,3.983003928175E+03));
#5505 = CARTESIAN_POINT('',(1.662823883903,3.983115530424E+03));
#5506 = CARTESIAN_POINT('',(1.657476872315,3.983221193708E+03));
#5507 = CARTESIAN_POINT('',(1.651989096891,3.983320474028E+03));
#5508 = CARTESIAN_POINT('',(1.646365203672,3.983412931068E+03));
#5509 = CARTESIAN_POINT('',(1.63138474889,3.983634707426E+03));
#5510 = CARTESIAN_POINT('',(1.62180351654,3.983752911314E+03));
#5511 = CARTESIAN_POINT('',(1.611925871369,3.983850201456E+03));
#5512 = CARTESIAN_POINT('',(1.601816597722,3.983924625641E+03));
#5513 = CARTESIAN_POINT('',(1.591544390724,3.98397481714E+03));
#5514 = CARTESIAN_POINT('',(1.581180305364,3.984E+03));
#5515 = CARTESIAN_POINT('',(1.570796326795,3.984E+03));
#5516 = ( GEOMETRIC_REPRESENTATION_CONTEXT(2) 
PARAMETRIC_REPRESENTATION_CONTEXT() REPRESENTATION_CONTEXT('2D SPACE',''
  ) );
#5517 = ADVANCED_FACE('',(#5518),#3513,.F.);
#5518 = FACE_BOUND('',#5519,.F.);
#5519 = EDGE_LOOP('',(#5520,#5543,#5849,#5850,#5851));
#5520 = ORIENTED_EDGE('',*,*,#5521,.T.);
#5521 = EDGE_CURVE('',#3306,#5522,#5524,.T.);
#5522 = VERTEX_POINT('',#5523);
#5523 = CARTESIAN_POINT('',(8.061237555387E-14,1.24125E+03,3.289E+03));
#5524 = SEAM_CURVE('',#5525,(#5529,#5536),.PCURVE_S1.);
#5525 = LINE('',#5526,#5527);
#5526 = CARTESIAN_POINT('',(8.290858830228E-14,1.26E+03,3.289E+03));
#5527 = VECTOR('',#5528,1.);
#5528 = DIRECTION('',(-1.224646799147E-16,-1.,0.));
#5529 = PCURVE('',#3513,#5530);
#5530 = DEFINITIONAL_REPRESENTATION('',(#5531),#5535);
#5531 = LINE('',#5532,#5533);
#5532 = CARTESIAN_POINT('',(6.28318530718,-0.));
#5533 = VECTOR('',#5534,1.);
#5534 = DIRECTION('',(0.,1.));
#5535 = ( GEOMETRIC_REPRESENTATION_CONTEXT(2) 
PARAMETRIC_REPRESENTATION_CONTEXT() REPRESENTATION_CONTEXT('2D SPACE',''
  ) );
#5536 = PCURVE('',#3513,#5537);
#5537 = DEFINITIONAL_REPRESENTATION('',(#5538),#5542);
#5538 = LINE('',#5539,#5540);
#5539 = CARTESIAN_POINT('',(0.,-0.));
#5540 = VECTOR('',#5541,1.);
#5541 = DIRECTION('',(0.,1.));
#5542 = ( GEOMETRIC_REPRESENTATION_CONTEXT(2) 
PARAMETRIC_REPRESENTATION_CONTEXT() REPRESENTATION_CONTEXT('2D SPACE',''
  ) );
#5543 = ORIENTED_EDGE('',*,*,#5544,.F.);
#5544 = EDGE_CURVE('',#5522,#5522,#5545,.T.);
#5545 = SURFACE_CURVE('',#5546,(#5645,#5747),.PCURVE_S1.);
#5546 = B_SPLINE_CURVE_WITH_KNOTS('',7,(#5547,#5548,#5549,#5550,#5551,
    #5552,#5553,#5554,#5555,#5556,#5557,#5558,#5559,#5560,#5561,#5562,
    #5563,#5564,#5565,#5566,#5567,#5568,#5569,#5570,#5571,#5572,#5573,
    #5574,#5575,#5576,#5577,#5578,#5579,#5580,#5581,#5582,#5583,#5584,
    #5585,#5586,#5587,#5588,#5589,#5590,#5591,#5592,#5593,#5594,#5595,
    #5596,#5597,#5598,#5599,#5600,#5601,#5602,#5603,#5604,#5605,#5606,
    #5607,#5608,#5609,#5610,#5611,#5612,#5613,#5614,#5615,#5616,#5617,
    #5618,#5619,#5620,#5621,#5622,#5623,#5624,#5625,#5626,#5627,#5628,
    #5629,#5630,#5631,#5632,#5633,#5634,#5635,#5636,#5637,#5638,#5639,
    #5640,#5641,#5642,#5643,#5644),.UNSPECIFIED.,.T.,.F.,(8,6,6,6,6,6,6,
    6,6,6,6,6,6,6,6,6,8),(0.,4.594620333417E-02,7.460688387782E-02,
    0.114278852122,0.147694886315,0.248784340259,0.353833526003,
    0.453481787539,0.500620128435,0.573619945192,0.672235907996,
    0.749383194364,0.824551730561,0.885357717387,0.925155875134,
    0.953907720225,1.),.UNSPECIFIED.);
#5547 = CARTESIAN_POINT('',(8.385954651352E-14,1.24125E+03,3.289E+03));
#5548 = CARTESIAN_POINT('',(-0.428340638709,1.24125E+03,3.289E+03));
#5549 = CARTESIAN_POINT('',(-0.855859276697,1.241244810852E+03,
    3.288974816961E+03));
#5550 = CARTESIAN_POINT('',(-1.279511933004,1.241234468063E+03,
    3.288924625392E+03));
#5551 = CARTESIAN_POINT('',(-1.696293369033,1.241219225293E+03,
    3.288850201322E+03));
#5552 = CARTESIAN_POINT('',(-2.103311461126,1.241199545002E+03,
    3.288752911395E+03));
#5553 = CARTESIAN_POINT('',(-2.497860061385,1.241176061237E+03,
    3.288634707635E+03));
#5554 = CARTESIAN_POINT('',(-3.11429908268,1.241132955082E+03,
    3.288412931068E+03));
#5555 = CARTESIAN_POINT('',(-3.345608388493,1.241115182437E+03,
    3.288320474028E+03));
#5556 = CARTESIAN_POINT('',(-3.571201601605,1.241096342726E+03,
    3.288221193708E+03));
#5557 = CARTESIAN_POINT('',(-3.79088680874,1.241076584443E+03,
    3.288115530424E+03));
#5558 = CARTESIAN_POINT('',(-4.004496789857,1.241056056201E+03,
    3.288003928175E+03));
#5559 = CARTESIAN_POINT('',(-4.211888962088,1.241034904448E+03,
    3.287886834991E+03));
#5560 = CARTESIAN_POINT('',(-4.691246516865,1.240983326541E+03,
    3.287595649157E+03));
#5561 = CARTESIAN_POINT('',(-4.957466336818,1.240952452973E+03,
    3.287416906009E+03));
#5562 = CARTESIAN_POINT('',(-5.211639712462,1.240920988785E+03,
    3.287229449306E+03));
#5563 = CARTESIAN_POINT('',(-5.453848191948,1.240889243433E+03,
    3.287034168368E+03));
#5564 = CARTESIAN_POINT('',(-5.684210527875,1.240857497413E+03,
    3.286831873721E+03));
#5565 = CARTESIAN_POINT('',(-5.902873262502,1.240826002151E+03,
    3.286623304464E+03));
#5566 = CARTESIAN_POINT('',(-6.284467020682,1.240768849571E+03,
    3.28622873942E+03));
#5567 = CARTESIAN_POINT('',(-6.450784931632,1.240743049575E+03,
    3.286044333621E+03));
#5568 = CARTESIAN_POINT('',(-6.609084080632,1.240717707786E+03,
    3.285856279946E+03));
#5569 = CARTESIAN_POINT('',(-6.759490917186,1.240692938979E+03,
    3.285664908051E+03));
#5570 = CARTESIAN_POINT('',(-6.902129354988,1.240668845608E+03,
    3.285470515595E+03));
#5571 = CARTESIAN_POINT('',(-7.037120821417,1.240645518607E+03,
    3.285273368299E+03));
#5572 = CARTESIAN_POINT('',(-7.550184048933,1.240555030921E+03,
    3.284469667849E+03));
#5573 = CARTESIAN_POINT('',(-7.867050196937,1.240494742722E+03,
    3.283842310852E+03));
#5574 = CARTESIAN_POINT('',(-8.118082532805,1.240444458179E+03,
    3.283198480099E+03));
#5575 = CARTESIAN_POINT('',(-8.305636732863,1.240405644925E+03,
    3.282543278968E+03));
#5576 = CARTESIAN_POINT('',(-8.431378526321,1.240379193227E+03,
    3.281880736738E+03));
#5577 = CARTESIAN_POINT('',(-8.496152869367,1.240365553394E+03,
    3.281214329226E+03));
#5578 = CARTESIAN_POINT('',(-8.503728929835,1.240363958055E+03,
    3.279854237583E+03));
#5579 = CARTESIAN_POINT('',(-8.441648821216,1.240377030611E+03,
    3.279161380894E+03));
#5580 = CARTESIAN_POINT('',(-8.31381383235,1.240403974983E+03,
    3.278472451971E+03));
#5581 = CARTESIAN_POINT('',(-8.119308458546,1.240444308112E+03,
    3.27779131691E+03));
#5582 = CARTESIAN_POINT('',(-7.856256738937,1.240497039445E+03,
    3.277122471982E+03));
#5583 = CARTESIAN_POINT('',(-7.521982379517,1.24056050438E+03,
    3.276471675105E+03));
#5584 = CARTESIAN_POINT('',(-6.72541094312,1.240699954878E+03,
    3.275253991632E+03));
#5585 = CARTESIAN_POINT('',(-6.268997241516,1.240775406041E+03,
    3.274682091536E+03));
#5586 = CARTESIAN_POINT('',(-5.740893039831,1.240856155019E+03,
    3.274139267049E+03));
#5587 = CARTESIAN_POINT('',(-5.138471776603,1.24093893369E+03,
    3.273635751817E+03));
#5588 = CARTESIAN_POINT('',(-4.459967093809,1.241019332577E+03,
    3.27318409043E+03));
#5589 = CARTESIAN_POINT('',(-3.705281209157,1.24109162907E+03,
    3.272799686858E+03));
#5590 = CARTESIAN_POINT('',(-2.485906115739,1.241176897149E+03,
    3.272360991689E+03));
#5591 = CARTESIAN_POINT('',(-2.078384154847,1.241201025438E+03,
    3.272239639283E+03));
#5592 = CARTESIAN_POINT('',(-1.657642328702,1.241221082001E+03,
    3.272140626262E+03));
#5593 = CARTESIAN_POINT('',(-1.226691906104,1.241236371418E+03,
    3.272066088555E+03));
#5594 = CARTESIAN_POINT('',(-0.788752760201,1.241246397447E+03,
    3.272017487689E+03));
#5595 = CARTESIAN_POINT('',(-0.347166647133,1.241250905625E+03,
    3.271995604776E+03));
#5596 = CARTESIAN_POINT('',(0.778965820619,1.241248320525E+03,
    3.272008150861E+03));
#5597 = CARTESIAN_POINT('',(1.45539903762,1.241233524641E+03,
    3.272079965777E+03));
#5598 = CARTESIAN_POINT('',(2.114448207789,1.241206070361E+03,
    3.272213457427E+03));
#5599 = CARTESIAN_POINT('',(2.747063765141,1.241167592576E+03,
    3.272403818147E+03));
#5600 = CARTESIAN_POINT('',(3.345170920758,1.241120652265E+03,
    3.272644049261E+03));
#5601 = CARTESIAN_POINT('',(3.902103134736,1.241068236778E+03,
    3.272924985551E+03));
#5602 = CARTESIAN_POINT('',(5.103045608065,1.240939017789E+03,
    3.273654498276E+03));
#5603 = CARTESIAN_POINT('',(5.717937403192,1.240859152529E+03,
    3.274132715364E+03));
#5604 = CARTESIAN_POINT('',(6.259206482053,1.240778778523E+03,
    3.274655216957E+03));
#5605 = CARTESIAN_POINT('',(6.729849586729,1.240701844626E+03,
    3.275211113081E+03));
#5606 = CARTESIAN_POINT('',(7.133213080525,1.240631110543E+03,
    3.275792293282E+03));
#5607 = CARTESIAN_POINT('',(7.472359290999,1.240568535243E+03,
    3.276392753133E+03));
#5608 = CARTESIAN_POINT('',(7.966580338068,1.24047400248E+03,
    3.277489611241E+03));
#5609 = CARTESIAN_POINT('',(8.145668685153,1.240438342493E+03,
    3.277980238355E+03));
#5610 = CARTESIAN_POINT('',(8.28791206224,1.240409201502E+03,
    3.278477708502E+03));
#5611 = CARTESIAN_POINT('',(8.394075807237,1.240387048719E+03,
    3.278980060443E+03));
#5612 = CARTESIAN_POINT('',(8.464684015743,1.240372180132E+03,
    3.279485594241E+03));
#5613 = CARTESIAN_POINT('',(8.5,1.240364743279E+03,3.279992752009E+03));
#5614 = CARTESIAN_POINT('',(8.5,1.240364743279E+03,3.280994237591E+03));
#5615 = CARTESIAN_POINT('',(8.466472450262,1.240371803519E+03,
    3.281488395908E+03));
#5616 = CARTESIAN_POINT('',(8.399437652709,1.240385919636E+03,
    3.281981051616E+03));
#5617 = CARTESIAN_POINT('',(8.298659311272,1.2404069584E+03,
    3.282470760476E+03));
#5618 = CARTESIAN_POINT('',(8.163666520657,1.240434652731E+03,
    3.282955954421E+03));
#5619 = CARTESIAN_POINT('',(7.993769905992,1.240468580632E+03,
    3.283434837485E+03));
#5620 = CARTESIAN_POINT('',(7.621676902011,1.240540119042E+03,
    3.284285835516E+03));
#5621 = CARTESIAN_POINT('',(7.431860270589,1.240575786169E+03,
    3.284660853891E+03));
#5622 = CARTESIAN_POINT('',(7.218101709247,1.240614813214E+03,
    3.285029320405E+03));
#5623 = CARTESIAN_POINT('',(6.979764586641,1.240656805863E+03,
    3.28539002183E+03));
#5624 = CARTESIAN_POINT('',(6.716135502192,1.240701268702E+03,
    3.285741485164E+03));
#5625 = CARTESIAN_POINT('',(6.426463838366,1.24074758223E+03,
    3.28608191579E+03));
#5626 = CARTESIAN_POINT('',(5.902873262506,1.240826002151E+03,
    3.286623304464E+03));
#5627 = CARTESIAN_POINT('',(5.684210527876,1.240857497413E+03,
    3.286831873721E+03));
#5628 = CARTESIAN_POINT('',(5.453848191945,1.240889243433E+03,
    3.287034168368E+03));
#5629 = CARTESIAN_POINT('',(5.211639712458,1.240920988785E+03,
    3.287229449306E+03));
#5630 = CARTESIAN_POINT('',(4.957466336818,1.240952452973E+03,
    3.287416906009E+03));
#5631 = CARTESIAN_POINT('',(4.691246516869,1.240983326541E+03,
    3.287595649157E+03));
#5632 = CARTESIAN_POINT('',(4.211888962084,1.241034904448E+03,
    3.287886834991E+03));
#5633 = CARTESIAN_POINT('',(4.004496789856,1.241056056201E+03,
    3.288003928175E+03));
#5634 = CARTESIAN_POINT('',(3.790886808743,1.241076584443E+03,
    3.288115530424E+03));
#5635 = CARTESIAN_POINT('',(3.571201601609,1.241096342726E+03,
    3.288221193708E+03));
#5636 = CARTESIAN_POINT('',(3.345608388493,1.241115182437E+03,
    3.288320474028E+03));
#5637 = CARTESIAN_POINT('',(3.114299082676,1.241132955082E+03,
    3.288412931068E+03));
#5638 = CARTESIAN_POINT('',(2.497860640347,1.241176061197E+03,
    3.288634707426E+03));
#5639 = CARTESIAN_POINT('',(2.10331189013,1.241199544985E+03,
    3.288752911314E+03));
#5640 = CARTESIAN_POINT('',(1.696293133018,1.241219225319E+03,
    3.288850201456E+03));
#5641 = CARTESIAN_POINT('',(1.279510850568,1.241234468114E+03,
    3.288924625641E+03));
#5642 = CARTESIAN_POINT('',(0.855857594433,1.241244810889E+03,
    3.28897481714E+03));
#5643 = CARTESIAN_POINT('',(0.428339115972,1.24125E+03,3.289E+03));
#5644 = CARTESIAN_POINT('',(8.385954651352E-14,1.24125E+03,3.289E+03));
#5645 = PCURVE('',#3513,#5646);
#5646 = DEFINITIONAL_REPRESENTATION('',(#5647),#5746);
#5647 = B_SPLINE_CURVE_WITH_KNOTS('',7,(#5648,#5649,#5650,#5651,#5652,
    #5653,#5654,#5655,#5656,#5657,#5658,#5659,#5660,#5661,#5662,#5663,
    #5664,#5665,#5666,#5667,#5668,#5669,#5670,#5671,#5672,#5673,#5674,
    #5675,#5676,#5677,#5678,#5679,#5680,#5681,#5682,#5683,#5684,#5685,
    #5686,#5687,#5688,#5689,#5690,#5691,#5692,#5693,#5694,#5695,#5696,
    #5697,#5698,#5699,#5700,#5701,#5702,#5703,#5704,#5705,#5706,#5707,
    #5708,#5709,#5710,#5711,#5712,#5713,#5714,#5715,#5716,#5717,#5718,
    #5719,#5720,#5721,#5722,#5723,#5724,#5725,#5726,#5727,#5728,#5729,
    #5730,#5731,#5732,#5733,#5734,#5735,#5736,#5737,#5738,#5739,#5740,
    #5741,#5742,#5743,#5744,#5745),.UNSPECIFIED.,.F.,.F.,(8,6,6,6,6,6,6,
    6,6,6,6,6,6,6,6,6,8),(0.,4.594620333417E-02,7.460688387782E-02,
    0.114278852122,0.147694886315,0.248784340259,0.353833526003,
    0.453481787539,0.500620128435,0.573619945192,0.672235907996,
    0.749383194364,0.824551730561,0.885357717387,0.925155875134,
    0.953907720225,1.),.UNSPECIFIED.);
#5648 = CARTESIAN_POINT('',(0.,18.75));
#5649 = CARTESIAN_POINT('',(5.039301631877E-02,18.75));
#5650 = CARTESIAN_POINT('',(0.100689322429,18.755189147854));
#5651 = CARTESIAN_POINT('',(0.150739848774,18.765531937464));
#5652 = CARTESIAN_POINT('',(0.200396367074,18.780774707101));
#5653 = CARTESIAN_POINT('',(0.249502992755,18.80045499775));
#5654 = CARTESIAN_POINT('',(0.297887490636,18.823938763004));
#5655 = CARTESIAN_POINT('',(0.374960404684,18.867044917516));
#5656 = CARTESIAN_POINT('',(0.40424879317,18.884817563344));
#5657 = CARTESIAN_POINT('',(0.433218532637,18.903657274471));
#5658 = CARTESIAN_POINT('',(0.461869145951,18.923415557234));
#5659 = CARTESIAN_POINT('',(0.490198696668,18.9439437995));
#5660 = CARTESIAN_POINT('',(0.518203790129,18.965095552329));
#5661 = CARTESIAN_POINT('',(0.584188254614,19.016673459149));
#5662 = CARTESIAN_POINT('',(0.62187399652,19.047547026595));
#5663 = CARTESIAN_POINT('',(0.658972386963,19.079011214596));
#5664 = CARTESIAN_POINT('',(0.695515918805,19.110756567388));
#5665 = CARTESIAN_POINT('',(0.731534604351,19.142502587214));
#5666 = CARTESIAN_POINT('',(0.767056588621,19.173997848711));
#5667 = CARTESIAN_POINT('',(0.831633505066,19.231150429004));
#5668 = CARTESIAN_POINT('',(0.860830949601,19.256950425385));
#5669 = CARTESIAN_POINT('',(0.889723063735,19.282292213643));
#5670 = CARTESIAN_POINT('',(0.918330205731,19.307061020812));
#5671 = CARTESIAN_POINT('',(0.946671825102,19.33115439202));
#5672 = CARTESIAN_POINT('',(0.974767163109,19.354481392727));
#5673 = CARTESIAN_POINT('',(1.086944006213,19.444969079327));
#5674 = CARTESIAN_POINT('',(1.169214396688,19.505257277577));
#5675 = CARTESIAN_POINT('',(1.249927507989,19.555541821158));
#5676 = CARTESIAN_POINT('',(1.329498700707,19.594355074569));
#5677 = CARTESIAN_POINT('',(1.408313823612,19.620806773359));
#5678 = CARTESIAN_POINT('',(1.486756348225,19.634446605607));
#5679 = CARTESIAN_POINT('',(1.646769612057,19.636041945139));
#5680 = CARTESIAN_POINT('',(1.728240752213,19.622969389202));
#5681 = CARTESIAN_POINT('',(1.810089961779,19.596025017476));
#5682 = CARTESIAN_POINT('',(1.892747016161,19.555691888402));
#5683 = CARTESIAN_POINT('',(1.976643425034,19.502960555183));
#5684 = CARTESIAN_POINT('',(2.06224535472,19.439495620402));
#5685 = CARTESIAN_POINT('',(2.233432097664,19.300045121839));
#5686 = CARTESIAN_POINT('',(2.319132011519,19.224593959336));
#5687 = CARTESIAN_POINT('',(2.40753285112,19.143844980876));
#5688 = CARTESIAN_POINT('',(2.498979057986,19.06106630959));
#5689 = CARTESIAN_POINT('',(2.593888178708,18.980667422545));
#5690 = CARTESIAN_POINT('',(2.692742191552,18.908370930273));
#5691 = CARTESIAN_POINT('',(2.84519975592,18.823102851243));
#5692 = CARTESIAN_POINT('',(2.895145813551,18.798974562337));
#5693 = CARTESIAN_POINT('',(2.945857320051,18.778917998724));
#5694 = CARTESIAN_POINT('',(2.99714226147,18.76362858151));
#5695 = CARTESIAN_POINT('',(3.048827124821,18.753602553148));
#5696 = CARTESIAN_POINT('',(3.100746523116,18.749094374616));
#5697 = CARTESIAN_POINT('',(3.233240917548,18.751679474797));
#5698 = CARTESIAN_POINT('',(3.312910450529,18.766475358949));
#5699 = CARTESIAN_POINT('',(3.391468231491,18.793929639277));
#5700 = CARTESIAN_POINT('',(3.468615099615,18.832407424377));
#5701 = CARTESIAN_POINT('',(3.543995289704,18.879347734821));
#5702 = CARTESIAN_POINT('',(3.61715384485,18.931763221633));
#5703 = CARTESIAN_POINT('',(3.782465823749,19.060982211442));
#5704 = CARTESIAN_POINT('',(3.873501924706,19.140847471168));
#5705 = CARTESIAN_POINT('',(3.961239642759,19.22122147653));
#5706 = CARTESIAN_POINT('',(4.046193215254,19.298155373658));
#5707 = CARTESIAN_POINT('',(4.128844499049,19.36888945722));
#5708 = CARTESIAN_POINT('',(4.20964158197,19.431464756877));
#5709 = CARTESIAN_POINT('',(4.351177993399,19.525997519946));
#5710 = CARTESIAN_POINT('',(4.41245882259,19.561657506815));
#5711 = CARTESIAN_POINT('',(4.473084294957,19.590798498228));
#5712 = CARTESIAN_POINT('',(4.533225582249,19.612951280675));
#5713 = CARTESIAN_POINT('',(4.59304706754,19.627819867818));
#5714 = CARTESIAN_POINT('',(4.652712746117,19.635256720747));
#5715 = CARTESIAN_POINT('',(4.770534579366,19.635256720747));
#5716 = CARTESIAN_POINT('',(4.828670900567,19.628196480696));
#5717 = CARTESIAN_POINT('',(4.886951320032,19.614080363989));
#5718 = CARTESIAN_POINT('',(4.945527143217,19.593041600465));
#5719 = CARTESIAN_POINT('',(5.004550145965,19.56534726889));
#5720 = CARTESIAN_POINT('',(5.064178168322,19.531419368227));
#5721 = CARTESIAN_POINT('',(5.173447579323,19.459880958161));
#5722 = CARTESIAN_POINT('',(5.222818263155,19.424213831264));
#5723 = CARTESIAN_POINT('',(5.272802322714,19.385186786353));
#5724 = CARTESIAN_POINT('',(5.323506417442,19.343194136503));
#5725 = CARTESIAN_POINT('',(5.375040632203,19.298731298003));
#5726 = CARTESIAN_POINT('',(5.427521753312,19.25241776986));
#5727 = CARTESIAN_POINT('',(5.516128718558,19.173997848712));
#5728 = CARTESIAN_POINT('',(5.551650702828,19.142502587214));
#5729 = CARTESIAN_POINT('',(5.587669388375,19.110756567388));
#5730 = CARTESIAN_POINT('',(5.624212920217,19.079011214596));
#5731 = CARTESIAN_POINT('',(5.661311310659,19.047547026595));
#5732 = CARTESIAN_POINT('',(5.698997052565,19.016673459149));
#5733 = CARTESIAN_POINT('',(5.764981517051,18.965095552329));
#5734 = CARTESIAN_POINT('',(5.792986610512,18.9439437995));
#5735 = CARTESIAN_POINT('',(5.821316161228,18.923415557234));
#5736 = CARTESIAN_POINT('',(5.849966774542,18.903657274471));
#5737 = CARTESIAN_POINT('',(5.878936514009,18.884817563344));
#5738 = CARTESIAN_POINT('',(5.908224902496,18.867044917516));
#5739 = CARTESIAN_POINT('',(5.985297744157,18.823938803489));
#5740 = CARTESIAN_POINT('',(6.033682263681,18.800455015233));
#5741 = CARTESIAN_POINT('',(6.082788970795,18.780774680545));
#5742 = CARTESIAN_POINT('',(6.132445587981,18.765531886374));
#5743 = CARTESIAN_POINT('',(6.182496182661,18.755189110953));
#5744 = CARTESIAN_POINT('',(6.232792470006,18.75));
#5745 = CARTESIAN_POINT('',(6.28318530718,18.75));
#5746 = ( GEOMETRIC_REPRESENTATION_CONTEXT(2) 
PARAMETRIC_REPRESENTATION_CONTEXT() REPRESENTATION_CONTEXT('2D SPACE',''
  ) );
#5747 = PCURVE('',#5411,#5748);
#5748 = DEFINITIONAL_REPRESENTATION('',(#5749),#5848);
#5749 = B_SPLINE_CURVE_WITH_KNOTS('',7,(#5750,#5751,#5752,#5753,#5754,
    #5755,#5756,#5757,#5758,#5759,#5760,#5761,#5762,#5763,#5764,#5765,
    #5766,#5767,#5768,#5769,#5770,#5771,#5772,#5773,#5774,#5775,#5776,
    #5777,#5778,#5779,#5780,#5781,#5782,#5783,#5784,#5785,#5786,#5787,
    #5788,#5789,#5790,#5791,#5792,#5793,#5794,#5795,#5796,#5797,#5798,
    #5799,#5800,#5801,#5802,#5803,#5804,#5805,#5806,#5807,#5808,#5809,
    #5810,#5811,#5812,#5813,#5814,#5815,#5816,#5817,#5818,#5819,#5820,
    #5821,#5822,#5823,#5824,#5825,#5826,#5827,#5828,#5829,#5830,#5831,
    #5832,#5833,#5834,#5835,#5836,#5837,#5838,#5839,#5840,#5841,#5842,
    #5843,#5844,#5845,#5846,#5847),.UNSPECIFIED.,.T.,.F.,(8,6,6,6,6,6,6,
    6,6,6,6,6,6,6,6,6,8),(0.,4.594620333417E-02,7.460688387782E-02,
    0.114278852122,0.147694886315,0.248784340259,0.353833526003,
    0.453481787539,0.500620128435,0.573619945192,0.672235907996,
    0.749383194364,0.824551730561,0.885357717387,0.925155875134,
    0.953907720225,1.),.UNSPECIFIED.);
#5750 = CARTESIAN_POINT('',(4.712388980385,3.984E+03));
#5751 = CARTESIAN_POINT('',(4.722772995869,3.984E+03));
#5752 = CARTESIAN_POINT('',(4.733137085096,3.983974816961E+03));
#5753 = CARTESIAN_POINT('',(4.743409277573,3.983924625392E+03));
#5754 = CARTESIAN_POINT('',(4.753518530705,3.983850201322E+03));
#5755 = CARTESIAN_POINT('',(4.763396159726,3.983752911395E+03));
#5756 = CARTESIAN_POINT('',(4.77297738841,3.983634707635E+03));
#5757 = CARTESIAN_POINT('',(4.787957857262,3.983412931068E+03));
#5758 = CARTESIAN_POINT('',(4.793581750481,3.983320474028E+03));
#5759 = CARTESIAN_POINT('',(4.799069525904,3.983221193708E+03));
#5760 = CARTESIAN_POINT('',(4.804416537493,3.983115530424E+03));
#5761 = CARTESIAN_POINT('',(4.809618674177,3.983003928175E+03));
#5762 = CARTESIAN_POINT('',(4.814672366527,3.982886834991E+03));
#5763 = CARTESIAN_POINT('',(4.826360230989,3.982595649157E+03));
#5764 = CARTESIAN_POINT('',(4.832857077083,3.982416906009E+03));
#5765 = CARTESIAN_POINT('',(4.839065605187,3.982229449306E+03));
#5766 = CARTESIAN_POINT('',(4.844987294588,3.982034168368E+03));
#5767 = CARTESIAN_POINT('',(4.850624442753,3.981831873721E+03));
#5768 = CARTESIAN_POINT('',(4.855979977691,3.981623304464E+03));
#5769 = CARTESIAN_POINT('',(4.865333916809,3.98122873942E+03));
#5770 = CARTESIAN_POINT('',(4.869414033894,3.981044333621E+03));
#5771 = CARTESIAN_POINT('',(4.873300382837,3.980856279946E+03));
#5772 = CARTESIAN_POINT('',(4.876995659157,3.980664908051E+03));
#5773 = CARTESIAN_POINT('',(4.880502501972,3.980470515595E+03));
#5774 = CARTESIAN_POINT('',(4.883823503335,3.980273368299E+03));
#5775 = CARTESIAN_POINT('',(4.896453361918,3.979469667849E+03));
#5776 = CARTESIAN_POINT('',(4.904272067303,3.978842310852E+03));
#5777 = CARTESIAN_POINT('',(4.910478305813,3.978198480099E+03));
#5778 = CARTESIAN_POINT('',(4.915121404715,3.977543278968E+03));
#5779 = CARTESIAN_POINT('',(4.91823639273,3.976880736738E+03));
#5780 = CARTESIAN_POINT('',(4.919841121751,3.976214329226E+03));
#5781 = CARTESIAN_POINT('',(4.920028811667,3.974854237583E+03));
#5782 = CARTESIAN_POINT('',(4.918490828003,3.974161380894E+03));
#5783 = CARTESIAN_POINT('',(4.915323728632,3.973472451971E+03));
#5784 = CARTESIAN_POINT('',(4.910508134981,3.97279131691E+03));
#5785 = CARTESIAN_POINT('',(4.904004580948,3.972122471982E+03));
#5786 = CARTESIAN_POINT('',(4.895757037553,3.971471675105E+03));
#5787 = CARTESIAN_POINT('',(4.876152536732,3.970253991632E+03));
#5788 = CARTESIAN_POINT('',(4.864938290979,3.969682091536E+03));
#5789 = CARTESIAN_POINT('',(4.851988593162,3.969139267049E+03));
#5790 = CARTESIAN_POINT('',(4.837250600366,3.968635751817E+03));
#5791 = CARTESIAN_POINT('',(4.820692784499,3.96818409043E+03));
#5792 = CARTESIAN_POINT('',(4.802319682248,3.967799686858E+03));
#5793 = CARTESIAN_POINT('',(4.772686888127,3.967360991689E+03));
#5794 = CARTESIAN_POINT('',(4.76279082962,3.967239639283E+03));
#5795 = CARTESIAN_POINT('',(4.752580554177,3.967140626262E+03));
#5796 = CARTESIAN_POINT('',(4.74212813115,3.967066088555E+03));
#5797 = CARTESIAN_POINT('',(4.731510007882,3.967017487689E+03));
#5798 = CARTESIAN_POINT('',(4.720805167734,3.966995604776E+03));
#5799 = CARTESIAN_POINT('',(4.693504914768,3.967008150861E+03));
#5800 = CARTESIAN_POINT('',(4.677105751478,3.967079965777E+03));
#5801 = CARTESIAN_POINT('',(4.661119871636,3.967213457427E+03));
#5802 = CARTESIAN_POINT('',(4.645760002534,3.967403818147E+03));
#5803 = CARTESIAN_POINT('',(4.631218741169,3.967644049261E+03));
#5804 = CARTESIAN_POINT('',(4.617658901217,3.967924985551E+03));
#5805 = CARTESIAN_POINT('',(4.588377099534,3.968654498276E+03));
#5806 = CARTESIAN_POINT('',(4.573349052305,3.969132715364E+03));
#5807 = CARTESIAN_POINT('',(4.560086441596,3.969655216957E+03));
#5808 = CARTESIAN_POINT('',(4.54852704175,3.970211113081E+03));
#5809 = CARTESIAN_POINT('',(4.538599982935,3.970792293282E+03));
#5810 = CARTESIAN_POINT('',(4.530239657155,3.971392753133E+03));
#5811 = CARTESIAN_POINT('',(4.518041335473,3.972489611241E+03));
#5812 = CARTESIAN_POINT('',(4.513614694218,3.972980238355E+03));
#5813 = CARTESIAN_POINT('',(4.510094802379,3.973477708502E+03));
#5814 = CARTESIAN_POINT('',(4.507465704452,3.973980060443E+03));
#5815 = CARTESIAN_POINT('',(4.505716452093,3.974485594241E+03));
#5816 = CARTESIAN_POINT('',(4.504841529902,3.974992752009E+03));
#5817 = CARTESIAN_POINT('',(4.504841529902,3.975994237591E+03));
#5818 = CARTESIAN_POINT('',(4.505672145123,3.976488395908E+03));
#5819 = CARTESIAN_POINT('',(4.507332869877,3.976981051616E+03));
#5820 = CARTESIAN_POINT('',(4.509828649016,3.977470760476E+03));
#5821 = CARTESIAN_POINT('',(4.51316931459,3.977955954421E+03));
#5822 = CARTESIAN_POINT('',(4.517369235337,3.978434837485E+03));
#5823 = CARTESIAN_POINT('',(4.526554873434,3.979285835516E+03));
#5824 = CARTESIAN_POINT('',(4.531236971772,3.979660853891E+03));
#5825 = CARTESIAN_POINT('',(4.536504552473,3.980029320405E+03));
#5826 = CARTESIAN_POINT('',(4.542371192636,3.98039002183E+03));
#5827 = CARTESIAN_POINT('',(4.548852109435,3.980741485164E+03));
#5828 = CARTESIAN_POINT('',(4.555963301524,3.98108191579E+03));
#5829 = CARTESIAN_POINT('',(4.568797983078,3.981623304464E+03));
#5830 = CARTESIAN_POINT('',(4.574153518016,3.981831873721E+03));
#5831 = CARTESIAN_POINT('',(4.579790666181,3.982034168368E+03));
#5832 = CARTESIAN_POINT('',(4.585712355583,3.982229449306E+03));
#5833 = CARTESIAN_POINT('',(4.591920883687,3.982416906009E+03));
#5834 = CARTESIAN_POINT('',(4.59841772978,3.982595649157E+03));
#5835 = CARTESIAN_POINT('',(4.610105594242,3.982886834991E+03));
#5836 = CARTESIAN_POINT('',(4.615159286593,3.983003928175E+03));
#5837 = CARTESIAN_POINT('',(4.620361423276,3.983115530424E+03));
#5838 = CARTESIAN_POINT('',(4.625708434865,3.983221193708E+03));
#5839 = CARTESIAN_POINT('',(4.631196210288,3.983320474028E+03));
#5840 = CARTESIAN_POINT('',(4.636820103507,3.983412931068E+03));
#5841 = CARTESIAN_POINT('',(4.65180055829,3.983634707426E+03));
#5842 = CARTESIAN_POINT('',(4.66138179064,3.983752911314E+03));
#5843 = CARTESIAN_POINT('',(4.671259435811,3.983850201456E+03));
#5844 = CARTESIAN_POINT('',(4.681368709457,3.983924625641E+03));
#5845 = CARTESIAN_POINT('',(4.691640916455,3.98397481714E+03));
#5846 = CARTESIAN_POINT('',(4.702005001816,3.984E+03));
#5847 = CARTESIAN_POINT('',(4.712388980385,3.984E+03));
#5848 = ( GEOMETRIC_REPRESENTATION_CONTEXT(2) 
PARAMETRIC_REPRESENTATION_CONTEXT() REPRESENTATION_CONTEXT('2D SPACE',''
  ) );
#5849 = ORIENTED_EDGE('',*,*,#5521,.F.);
#5850 = ORIENTED_EDGE('',*,*,#3305,.T.);
#5851 = ORIENTED_EDGE('',*,*,#3620,.T.);
#5852 = ADVANCED_FACE('',(#5853),#4136,.F.);
#5853 = FACE_BOUND('',#5854,.F.);
#5854 = EDGE_LOOP('',(#5855,#5878,#5879,#5880,#5881));
#5855 = ORIENTED_EDGE('',*,*,#5856,.T.);
#5856 = EDGE_CURVE('',#5857,#3929,#5859,.T.);
#5857 = VERTEX_POINT('',#5858);
#5858 = CARTESIAN_POINT('',(7.050903946091E-14,1.15875E+03,3.984E+03));
#5859 = SEAM_CURVE('',#5860,(#5864,#5871),.PCURVE_S1.);
#5860 = LINE('',#5861,#5862);
#5861 = CARTESIAN_POINT('',(8.290858830228E-14,1.26E+03,3.984E+03));
#5862 = VECTOR('',#5863,1.);
#5863 = DIRECTION('',(-1.224646799147E-16,-1.,0.));
#5864 = PCURVE('',#4136,#5865);
#5865 = DEFINITIONAL_REPRESENTATION('',(#5866),#5870);
#5866 = LINE('',#5867,#5868);
#5867 = CARTESIAN_POINT('',(6.28318530718,-0.));
#5868 = VECTOR('',#5869,1.);
#5869 = DIRECTION('',(0.,1.));
#5870 = ( GEOMETRIC_REPRESENTATION_CONTEXT(2) 
PARAMETRIC_REPRESENTATION_CONTEXT() REPRESENTATION_CONTEXT('2D SPACE',''
  ) );
#5871 = PCURVE('',#4136,#5872);
#5872 = DEFINITIONAL_REPRESENTATION('',(#5873),#5877);
#5873 = LINE('',#5874,#5875);
#5874 = CARTESIAN_POINT('',(0.,-0.));
#5875 = VECTOR('',#5876,1.);
#5876 = DIRECTION('',(0.,1.));
#5877 = ( GEOMETRIC_REPRESENTATION_CONTEXT(2) 
PARAMETRIC_REPRESENTATION_CONTEXT() REPRESENTATION_CONTEXT('2D SPACE',''
  ) );
#5878 = ORIENTED_EDGE('',*,*,#4243,.F.);
#5879 = ORIENTED_EDGE('',*,*,#3928,.F.);
#5880 = ORIENTED_EDGE('',*,*,#5856,.F.);
#5881 = ORIENTED_EDGE('',*,*,#5882,.T.);
#5882 = EDGE_CURVE('',#5857,#5857,#5883,.T.);
#5883 = SURFACE_CURVE('',#5884,(#5983,#6085),.PCURVE_S1.);
#5884 = B_SPLINE_CURVE_WITH_KNOTS('',7,(#5885,#5886,#5887,#5888,#5889,
    #5890,#5891,#5892,#5893,#5894,#5895,#5896,#5897,#5898,#5899,#5900,
    #5901,#5902,#5903,#5904,#5905,#5906,#5907,#5908,#5909,#5910,#5911,
    #5912,#5913,#5914,#5915,#5916,#5917,#5918,#5919,#5920,#5921,#5922,
    #5923,#5924,#5925,#5926,#5927,#5928,#5929,#5930,#5931,#5932,#5933,
    #5934,#5935,#5936,#5937,#5938,#5939,#5940,#5941,#5942,#5943,#5944,
    #5945,#5946,#5947,#5948,#5949,#5950,#5951,#5952,#5953,#5954,#5955,
    #5956,#5957,#5958,#5959,#5960,#5961,#5962,#5963,#5964,#5965,#5966,
    #5967,#5968,#5969,#5970,#5971,#5972,#5973,#5974,#5975,#5976,#5977,
    #5978,#5979,#5980,#5981,#5982),.UNSPECIFIED.,.T.,.F.,(8,6,6,6,6,6,6,
    6,6,6,6,6,6,6,6,6,8),(0.,4.59462033838E-02,7.460688395829E-02,
    0.114278852957,0.147694887154,0.248784340956,0.353833526552,
    0.453481787947,0.500620128787,0.573619945055,0.672235906619,
    0.749383192015,0.824551727275,0.885357718252,0.925155876165,
    0.95390772086,1.),.UNSPECIFIED.);
#5885 = CARTESIAN_POINT('',(6.842713990236E-14,1.15875E+03,3.984E+03));
#5886 = CARTESIAN_POINT('',(-0.428340638709,1.15875E+03,3.984E+03));
#5887 = CARTESIAN_POINT('',(-0.855859276698,1.158755189148E+03,
    3.983974816961E+03));
#5888 = CARTESIAN_POINT('',(-1.279511933004,1.158765531937E+03,
    3.983924625392E+03));
#5889 = CARTESIAN_POINT('',(-1.696293369032,1.158780774707E+03,
    3.983850201322E+03));
#5890 = CARTESIAN_POINT('',(-2.103311461126,1.158800454998E+03,
    3.983752911395E+03));
#5891 = CARTESIAN_POINT('',(-2.497860061385,1.158823938763E+03,
    3.983634707635E+03));
#5892 = CARTESIAN_POINT('',(-3.114299082679,1.158867044918E+03,
    3.983412931068E+03));
#5893 = CARTESIAN_POINT('',(-3.345608388493,1.158884817563E+03,
    3.983320474028E+03));
#5894 = CARTESIAN_POINT('',(-3.571201601606,1.158903657274E+03,
    3.983221193708E+03));
#5895 = CARTESIAN_POINT('',(-3.790886808741,1.158923415557E+03,
    3.983115530424E+03));
#5896 = CARTESIAN_POINT('',(-4.004496789857,1.158943943799E+03,
    3.983003928175E+03));
#5897 = CARTESIAN_POINT('',(-4.211888962086,1.158965095552E+03,
    3.982886834991E+03));
#5898 = CARTESIAN_POINT('',(-4.691246521859,1.15901667346E+03,
    3.982595649154E+03));
#5899 = CARTESIAN_POINT('',(-4.957466332555,1.159047547026E+03,
    3.982416906012E+03));
#5900 = CARTESIAN_POINT('',(-5.211639708495,1.159079011214E+03,
    3.982229449308E+03));
#5901 = CARTESIAN_POINT('',(-5.453848194948,1.159110756568E+03,
    3.982034168365E+03));
#5902 = CARTESIAN_POINT('',(-5.684210532335,1.159142502588E+03,
    3.981831873718E+03));
#5903 = CARTESIAN_POINT('',(-5.902873258829,1.159173997848E+03,
    3.981623304468E+03));
#5904 = CARTESIAN_POINT('',(-6.28446702048,1.159231150429E+03,
    3.98122873942E+03));
#5905 = CARTESIAN_POINT('',(-6.450784931688,1.159256950425E+03,
    3.981044333621E+03));
#5906 = CARTESIAN_POINT('',(-6.609084080841,1.159282292214E+03,
    3.980856279946E+03));
#5907 = CARTESIAN_POINT('',(-6.759490917302,1.159307061021E+03,
    3.980664908051E+03));
#5908 = CARTESIAN_POINT('',(-6.902129354891,1.159331154392E+03,
    3.980470515595E+03));
#5909 = CARTESIAN_POINT('',(-7.037120821222,1.159354481393E+03,
    3.980273368299E+03));
#5910 = CARTESIAN_POINT('',(-7.550184048932,1.159444969079E+03,
    3.979469667849E+03));
#5911 = CARTESIAN_POINT('',(-7.867050196938,1.159505257278E+03,
    3.978842310852E+03));
#5912 = CARTESIAN_POINT('',(-8.118082532805,1.159555541821E+03,
    3.978198480099E+03));
#5913 = CARTESIAN_POINT('',(-8.305636732862,1.159594355075E+03,
    3.977543278968E+03));
#5914 = CARTESIAN_POINT('',(-8.431378526321,1.159620806773E+03,
    3.976880736738E+03));
#5915 = CARTESIAN_POINT('',(-8.496152869367,1.159634446606E+03,
    3.976214329226E+03));
#5916 = CARTESIAN_POINT('',(-8.503728929835,1.159636041945E+03,
    3.974854237583E+03));
#5917 = CARTESIAN_POINT('',(-8.441648821216,1.159622969389E+03,
    3.974161380894E+03));
#5918 = CARTESIAN_POINT('',(-8.313813832349,1.159596025017E+03,
    3.973472451971E+03));
#5919 = CARTESIAN_POINT('',(-8.119308458546,1.159555691888E+03,
    3.97279131691E+03));
#5920 = CARTESIAN_POINT('',(-7.856256738938,1.159502960555E+03,
    3.972122471982E+03));
#5921 = CARTESIAN_POINT('',(-7.521982379516,1.15943949562E+03,
    3.971471675105E+03));
#5922 = CARTESIAN_POINT('',(-6.725410943119,1.159300045122E+03,
    3.970253991632E+03));
#5923 = CARTESIAN_POINT('',(-6.268997241519,1.159224593959E+03,
    3.969682091536E+03));
#5924 = CARTESIAN_POINT('',(-5.740893039828,1.159143844981E+03,
    3.969139267049E+03));
#5925 = CARTESIAN_POINT('',(-5.138471776601,1.15906106631E+03,
    3.968635751817E+03));
#5926 = CARTESIAN_POINT('',(-4.459967093817,1.158980667423E+03,
    3.96818409043E+03));
#5927 = CARTESIAN_POINT('',(-3.705281209152,1.15890837093E+03,
    3.967799686858E+03));
#5928 = CARTESIAN_POINT('',(-2.485906115662,1.158823102851E+03,
    3.967360991688E+03));
#5929 = CARTESIAN_POINT('',(-2.078384154837,1.158798974562E+03,
    3.967239639283E+03));
#5930 = CARTESIAN_POINT('',(-1.657642328765,1.158778917999E+03,
    3.967140626262E+03));
#5931 = CARTESIAN_POINT('',(-1.226691906171,1.158763628582E+03,
    3.967066088555E+03));
#5932 = CARTESIAN_POINT('',(-0.788752760196,1.158753602553E+03,
    3.967017487689E+03));
#5933 = CARTESIAN_POINT('',(-0.347166647046,1.158749094375E+03,
    3.966995604776E+03));
#5934 = CARTESIAN_POINT('',(0.778965816721,1.158751679475E+03,
    3.967008150861E+03));
#5935 = CARTESIAN_POINT('',(1.455399047049,1.158766475359E+03,
    3.967079965776E+03));
#5936 = CARTESIAN_POINT('',(2.114448200864,1.15879392964E+03,
    3.96721345743E+03));
#5937 = CARTESIAN_POINT('',(2.747063762346,1.158832407423E+03,
    3.967403818142E+03));
#5938 = CARTESIAN_POINT('',(3.345170927497,1.158879347736E+03,
    3.967644049266E+03));
#5939 = CARTESIAN_POINT('',(3.902103131729,1.158931763221E+03,
    3.96792498555E+03));
#5940 = CARTESIAN_POINT('',(5.103045608067,1.159060982211E+03,
    3.968654498276E+03));
#5941 = CARTESIAN_POINT('',(5.717937403189,1.159140847471E+03,
    3.969132715364E+03));
#5942 = CARTESIAN_POINT('',(6.259206482056,1.159221221477E+03,
    3.969655216957E+03));
#5943 = CARTESIAN_POINT('',(6.729849586728,1.159298155374E+03,
    3.970211113081E+03));
#5944 = CARTESIAN_POINT('',(7.133213080526,1.159368889457E+03,
    3.970792293282E+03));
#5945 = CARTESIAN_POINT('',(7.472359290999,1.159431464757E+03,
    3.971392753133E+03));
#5946 = CARTESIAN_POINT('',(7.966580338069,1.15952599752E+03,
    3.972489611241E+03));
#5947 = CARTESIAN_POINT('',(8.145668685153,1.159561657507E+03,
    3.972980238355E+03));
#5948 = CARTESIAN_POINT('',(8.28791206224,1.159590798498E+03,
    3.973477708502E+03));
#5949 = CARTESIAN_POINT('',(8.394075807237,1.159612951281E+03,
    3.973980060443E+03));
#5950 = CARTESIAN_POINT('',(8.464684015744,1.159627819868E+03,
    3.974485594241E+03));
#5951 = CARTESIAN_POINT('',(8.5,1.159635256721E+03,3.974992752009E+03));
#5952 = CARTESIAN_POINT('',(8.5,1.159635256721E+03,3.975994237591E+03));
#5953 = CARTESIAN_POINT('',(8.466472450253,1.159628196481E+03,
    3.976488395908E+03));
#5954 = CARTESIAN_POINT('',(8.399437652729,1.159614080364E+03,
    3.976981051616E+03));
#5955 = CARTESIAN_POINT('',(8.298659311272,1.1595930416E+03,
    3.977470760476E+03));
#5956 = CARTESIAN_POINT('',(8.163666520624,1.159565347269E+03,
    3.977955954421E+03));
#5957 = CARTESIAN_POINT('',(7.993769906016,1.159531419368E+03,
    3.978434837485E+03));
#5958 = CARTESIAN_POINT('',(7.621676888556,1.159459880956E+03,
    3.979285835547E+03));
#5959 = CARTESIAN_POINT('',(7.431860291368,1.159424213835E+03,
    3.979660853862E+03));
#5960 = CARTESIAN_POINT('',(7.218101720545,1.159385186789E+03,
    3.980029320381E+03));
#5961 = CARTESIAN_POINT('',(6.979764566253,1.159343194133E+03,
    3.980390021852E+03));
#5962 = CARTESIAN_POINT('',(6.716135483281,1.159298731295E+03,
    3.980741485193E+03));
#5963 = CARTESIAN_POINT('',(6.426463864274,1.159252417774E+03,
    3.981081915764E+03));
#5964 = CARTESIAN_POINT('',(5.902873258827,1.159173997848E+03,
    3.981623304468E+03));
#5965 = CARTESIAN_POINT('',(5.684210532335,1.159142502588E+03,
    3.981831873718E+03));
#5966 = CARTESIAN_POINT('',(5.45384819495,1.159110756568E+03,
    3.982034168365E+03));
#5967 = CARTESIAN_POINT('',(5.211639708496,1.159079011214E+03,
    3.982229449308E+03));
#5968 = CARTESIAN_POINT('',(4.957466332555,1.159047547026E+03,
    3.982416906012E+03));
#5969 = CARTESIAN_POINT('',(4.691246521858,1.15901667346E+03,
    3.982595649154E+03));
#5970 = CARTESIAN_POINT('',(4.211888962086,1.158965095552E+03,
    3.982886834991E+03));
#5971 = CARTESIAN_POINT('',(4.004496789857,1.1589439438E+03,
    3.983003928175E+03));
#5972 = CARTESIAN_POINT('',(3.790886808742,1.158923415557E+03,
    3.983115530424E+03));
#5973 = CARTESIAN_POINT('',(3.571201601607,1.158903657274E+03,
    3.983221193708E+03));
#5974 = CARTESIAN_POINT('',(3.345608388492,1.158884817563E+03,
    3.983320474028E+03));
#5975 = CARTESIAN_POINT('',(3.114299082678,1.158867044918E+03,
    3.983412931068E+03));
#5976 = CARTESIAN_POINT('',(2.497860640346,1.158823938803E+03,
    3.983634707426E+03));
#5977 = CARTESIAN_POINT('',(2.103311890132,1.158800455015E+03,
    3.983752911314E+03));
#5978 = CARTESIAN_POINT('',(1.696293133018,1.158780774681E+03,
    3.983850201456E+03));
#5979 = CARTESIAN_POINT('',(1.279510850568,1.158765531886E+03,
    3.983924625641E+03));
#5980 = CARTESIAN_POINT('',(0.855857594434,1.158755189111E+03,
    3.98397481714E+03));
#5981 = CARTESIAN_POINT('',(0.428339115971,1.15875E+03,3.984E+03));
#5982 = CARTESIAN_POINT('',(6.842713990236E-14,1.15875E+03,3.984E+03));
#5983 = PCURVE('',#4136,#5984);
#5984 = DEFINITIONAL_REPRESENTATION('',(#5985),#6084);
#5985 = B_SPLINE_CURVE_WITH_KNOTS('',7,(#5986,#5987,#5988,#5989,#5990,
    #5991,#5992,#5993,#5994,#5995,#5996,#5997,#5998,#5999,#6000,#6001,
    #6002,#6003,#6004,#6005,#6006,#6007,#6008,#6009,#6010,#6011,#6012,
    #6013,#6014,#6015,#6016,#6017,#6018,#6019,#6020,#6021,#6022,#6023,
    #6024,#6025,#6026,#6027,#6028,#6029,#6030,#6031,#6032,#6033,#6034,
    #6035,#6036,#6037,#6038,#6039,#6040,#6041,#6042,#6043,#6044,#6045,
    #6046,#6047,#6048,#6049,#6050,#6051,#6052,#6053,#6054,#6055,#6056,
    #6057,#6058,#6059,#6060,#6061,#6062,#6063,#6064,#6065,#6066,#6067,
    #6068,#6069,#6070,#6071,#6072,#6073,#6074,#6075,#6076,#6077,#6078,
    #6079,#6080,#6081,#6082,#6083),.UNSPECIFIED.,.F.,.F.,(8,6,6,6,6,6,6,
    6,6,6,6,6,6,6,6,6,8),(0.,4.59462033838E-02,7.460688395829E-02,
    0.114278852957,0.147694887154,0.248784340956,0.353833526552,
    0.453481787947,0.500620128787,0.573619945055,0.672235906619,
    0.749383192015,0.824551727275,0.885357718252,0.925155876165,
    0.95390772086,1.),.UNSPECIFIED.);
#5986 = CARTESIAN_POINT('',(0.,101.25));
#5987 = CARTESIAN_POINT('',(5.039301631871E-02,101.25));
#5988 = CARTESIAN_POINT('',(0.10068932243,101.24481085214));
#5989 = CARTESIAN_POINT('',(0.150739848774,101.23446806253));
#5990 = CARTESIAN_POINT('',(0.200396367074,101.21922529289));
#5991 = CARTESIAN_POINT('',(0.249502992755,101.19954500225));
#5992 = CARTESIAN_POINT('',(0.297887490636,101.17606123699));
#5993 = CARTESIAN_POINT('',(0.374960404684,101.13295508248));
#5994 = CARTESIAN_POINT('',(0.40424879317,101.11518243665));
#5995 = CARTESIAN_POINT('',(0.433218532637,101.09634272552));
#5996 = CARTESIAN_POINT('',(0.461869145951,101.07658444276));
#5997 = CARTESIAN_POINT('',(0.490198696668,101.0560562005));
#5998 = CARTESIAN_POINT('',(0.518203790129,101.03490444767));
#5999 = CARTESIAN_POINT('',(0.584188255302,100.98332654031));
#6000 = CARTESIAN_POINT('',(0.621873995867,100.95245297395));
#6001 = CARTESIAN_POINT('',(0.658972386413,100.92098878583));
#6002 = CARTESIAN_POINT('',(0.695515919306,100.88924343216));
#6003 = CARTESIAN_POINT('',(0.731534605014,100.85749741223));
#6004 = CARTESIAN_POINT('',(0.767056588,100.82600215183));
#6005 = CARTESIAN_POINT('',(0.831633505032,100.76884957102));
#6006 = CARTESIAN_POINT('',(0.860830949608,100.7430495746));
#6007 = CARTESIAN_POINT('',(0.889723063772,100.71770778632));
#6008 = CARTESIAN_POINT('',(0.918330205756,100.69293897916));
#6009 = CARTESIAN_POINT('',(0.946671825086,100.66884560799));
#6010 = CARTESIAN_POINT('',(0.974767163067,100.6455186073));
#6011 = CARTESIAN_POINT('',(1.086944006213,100.55503092067));
#6012 = CARTESIAN_POINT('',(1.169214396688,100.49474272242));
#6013 = CARTESIAN_POINT('',(1.249927507989,100.44445817884));
#6014 = CARTESIAN_POINT('',(1.329498700707,100.40564492543));
#6015 = CARTESIAN_POINT('',(1.408313823612,100.37919322664));
#6016 = CARTESIAN_POINT('',(1.486756348224,100.36555339439));
#6017 = CARTESIAN_POINT('',(1.646769612057,100.36395805486));
#6018 = CARTESIAN_POINT('',(1.728240752213,100.37703061079));
#6019 = CARTESIAN_POINT('',(1.810089961779,100.40397498252));
#6020 = CARTESIAN_POINT('',(1.892747016161,100.44430811159));
#6021 = CARTESIAN_POINT('',(1.976643425034,100.49703944481));
#6022 = CARTESIAN_POINT('',(2.06224535472,100.56050437959));
#6023 = CARTESIAN_POINT('',(2.233432097664,100.69995487816));
#6024 = CARTESIAN_POINT('',(2.319132011518,100.77540604066));
#6025 = CARTESIAN_POINT('',(2.40753285112,100.85615501912));
#6026 = CARTESIAN_POINT('',(2.498979057986,100.93893369041));
#6027 = CARTESIAN_POINT('',(2.593888178707,101.01933257745));
#6028 = CARTESIAN_POINT('',(2.692742191553,101.09162906972));
#6029 = CARTESIAN_POINT('',(2.84519975593,101.17689714876));
#6030 = CARTESIAN_POINT('',(2.895145813552,101.20102543766));
#6031 = CARTESIAN_POINT('',(2.945857320043,101.22108200127));
#6032 = CARTESIAN_POINT('',(2.997142261462,101.23637141848));
#6033 = CARTESIAN_POINT('',(3.048827124821,101.24639744685));
#6034 = CARTESIAN_POINT('',(3.100746523126,101.25090562538));
#6035 = CARTESIAN_POINT('',(3.23324091709,101.24832052521));
#6036 = CARTESIAN_POINT('',(3.312910451613,101.23352464112));
#6037 = CARTESIAN_POINT('',(3.391468230776,101.20607036023));
#6038 = CARTESIAN_POINT('',(3.46861509911,101.16759257659));
#6039 = CARTESIAN_POINT('',(3.543995290653,101.1206522643));
#6040 = CARTESIAN_POINT('',(3.617153844436,101.06823677869));
#6041 = CARTESIAN_POINT('',(3.78246582375,100.93901778855));
#6042 = CARTESIAN_POINT('',(3.873501924706,100.85915252883));
#6043 = CARTESIAN_POINT('',(3.961239642759,100.77877852347));
#6044 = CARTESIAN_POINT('',(4.046193215254,100.70184462634));
#6045 = CARTESIAN_POINT('',(4.128844499049,100.63111054278));
#6046 = CARTESIAN_POINT('',(4.20964158197,100.56853524312));
#6047 = CARTESIAN_POINT('',(4.351177993399,100.47400248005));
#6048 = CARTESIAN_POINT('',(4.41245882259,100.43834249318));
#6049 = CARTESIAN_POINT('',(4.473084294957,100.40920150177));
#6050 = CARTESIAN_POINT('',(4.533225582249,100.38704871932));
#6051 = CARTESIAN_POINT('',(4.593047067541,100.37218013218));
#6052 = CARTESIAN_POINT('',(4.652712746117,100.36474327925));
#6053 = CARTESIAN_POINT('',(4.770534579373,100.36474327925));
#6054 = CARTESIAN_POINT('',(4.82867090056,100.3718035193));
#6055 = CARTESIAN_POINT('',(4.886951320026,100.385919636));
#6056 = CARTESIAN_POINT('',(4.945527143223,100.40695839953));
#6057 = CARTESIAN_POINT('',(5.004550145973,100.43465273111));
#6058 = CARTESIAN_POINT('',(5.064178168314,100.46858063176));
#6059 = CARTESIAN_POINT('',(5.173447583274,100.54011904442));
#6060 = CARTESIAN_POINT('',(5.22281825893,100.57578616534));
#6061 = CARTESIAN_POINT('',(5.272802319524,100.61481321149));
#6062 = CARTESIAN_POINT('',(5.323506420951,100.65680586659));
#6063 = CARTESIAN_POINT('',(5.375040636364,100.70126870519));
#6064 = CARTESIAN_POINT('',(5.427521748928,100.74758222626));
#6065 = CARTESIAN_POINT('',(5.51612871918,100.82600215183));
#6066 = CARTESIAN_POINT('',(5.551650702166,100.85749741223));
#6067 = CARTESIAN_POINT('',(5.587669387873,100.88924343216));
#6068 = CARTESIAN_POINT('',(5.624212920766,100.92098878583));
#6069 = CARTESIAN_POINT('',(5.661311311312,100.95245297395));
#6070 = CARTESIAN_POINT('',(5.698997051878,100.98332654031));
#6071 = CARTESIAN_POINT('',(5.764981517051,101.03490444767));
#6072 = CARTESIAN_POINT('',(5.792986610512,101.0560562005));
#6073 = CARTESIAN_POINT('',(5.821316161228,101.07658444276));
#6074 = CARTESIAN_POINT('',(5.849966774542,101.09634272552));
#6075 = CARTESIAN_POINT('',(5.878936514009,101.11518243665));
#6076 = CARTESIAN_POINT('',(5.908224902496,101.13295508248));
#6077 = CARTESIAN_POINT('',(5.985297744157,101.17606119651));
#6078 = CARTESIAN_POINT('',(6.033682263681,101.19954498476));
#6079 = CARTESIAN_POINT('',(6.082788970795,101.21922531945));
#6080 = CARTESIAN_POINT('',(6.132445587981,101.23446811362));
#6081 = CARTESIAN_POINT('',(6.182496182661,101.24481088904));
#6082 = CARTESIAN_POINT('',(6.232792470007,101.25));
#6083 = CARTESIAN_POINT('',(6.28318530718,101.25));
#6084 = ( GEOMETRIC_REPRESENTATION_CONTEXT(2) 
PARAMETRIC_REPRESENTATION_CONTEXT() REPRESENTATION_CONTEXT('2D SPACE',''
  ) );
#6085 = PCURVE('',#5411,#6086);
#6086 = DEFINITIONAL_REPRESENTATION('',(#6087),#6186);
#6087 = B_SPLINE_CURVE_WITH_KNOTS('',7,(#6088,#6089,#6090,#6091,#6092,
    #6093,#6094,#6095,#6096,#6097,#6098,#6099,#6100,#6101,#6102,#6103,
    #6104,#6105,#6106,#6107,#6108,#6109,#6110,#6111,#6112,#6113,#6114,
    #6115,#6116,#6117,#6118,#6119,#6120,#6121,#6122,#6123,#6124,#6125,
    #6126,#6127,#6128,#6129,#6130,#6131,#6132,#6133,#6134,#6135,#6136,
    #6137,#6138,#6139,#6140,#6141,#6142,#6143,#6144,#6145,#6146,#6147,
    #6148,#6149,#6150,#6151,#6152,#6153,#6154,#6155,#6156,#6157,#6158,
    #6159,#6160,#6161,#6162,#6163,#6164,#6165,#6166,#6167,#6168,#6169,
    #6170,#6171,#6172,#6173,#6174,#6175,#6176,#6177,#6178,#6179,#6180,
    #6181,#6182,#6183,#6184,#6185),.UNSPECIFIED.,.T.,.F.,(8,6,6,6,6,6,6,
    6,6,6,6,6,6,6,6,6,8),(0.,4.59462033838E-02,7.460688395829E-02,
    0.114278852957,0.147694887154,0.248784340956,0.353833526552,
    0.453481787947,0.500620128787,0.573619945055,0.672235906619,
    0.749383192015,0.824551727275,0.885357718252,0.925155876165,
    0.95390772086,1.),.UNSPECIFIED.);
#6088 = CARTESIAN_POINT('',(1.570796326795,4.679E+03));
#6089 = CARTESIAN_POINT('',(1.560412311311,4.679E+03));
#6090 = CARTESIAN_POINT('',(1.550048222083,4.678974816961E+03));
#6091 = CARTESIAN_POINT('',(1.539776029607,4.678924625392E+03));
#6092 = CARTESIAN_POINT('',(1.529666776475,4.678850201322E+03));
#6093 = CARTESIAN_POINT('',(1.519789147454,4.678752911395E+03));
#6094 = CARTESIAN_POINT('',(1.51020791877,4.678634707635E+03));
#6095 = CARTESIAN_POINT('',(1.495227449917,4.678412931068E+03));
#6096 = CARTESIAN_POINT('',(1.489603556698,4.678320474028E+03));
#6097 = CARTESIAN_POINT('',(1.484115781275,4.678221193708E+03));
#6098 = CARTESIAN_POINT('',(1.478768769686,4.678115530424E+03));
#6099 = CARTESIAN_POINT('',(1.473566633003,4.678003928175E+03));
#6100 = CARTESIAN_POINT('',(1.468512940652,4.677886834991E+03));
#6101 = CARTESIAN_POINT('',(1.456825076069,4.677595649154E+03));
#6102 = CARTESIAN_POINT('',(1.450328230201,4.677416906012E+03));
#6103 = CARTESIAN_POINT('',(1.444119702089,4.677229449308E+03));
#6104 = CARTESIAN_POINT('',(1.438198012518,4.677034168365E+03));
#6105 = CARTESIAN_POINT('',(1.432560864317,4.676831873718E+03));
#6106 = CARTESIAN_POINT('',(1.427205329579,4.676623304468E+03));
#6107 = CARTESIAN_POINT('',(1.417851390376,4.67622873942E+03));
#6108 = CARTESIAN_POINT('',(1.413771273284,4.676044333621E+03));
#6109 = CARTESIAN_POINT('',(1.409884924338,4.675856279946E+03));
#6110 = CARTESIAN_POINT('',(1.40618964802,4.675664908051E+03));
#6111 = CARTESIAN_POINT('',(1.40268280521,4.675470515595E+03));
#6112 = CARTESIAN_POINT('',(1.399361803849,4.675273368299E+03));
#6113 = CARTESIAN_POINT('',(1.386731945262,4.674469667849E+03));
#6114 = CARTESIAN_POINT('',(1.378913239877,4.673842310852E+03));
#6115 = CARTESIAN_POINT('',(1.372707001367,4.673198480099E+03));
#6116 = CARTESIAN_POINT('',(1.368063902464,4.672543278968E+03));
#6117 = CARTESIAN_POINT('',(1.36494891445,4.671880736738E+03));
#6118 = CARTESIAN_POINT('',(1.363344185429,4.671214329226E+03));
#6119 = CARTESIAN_POINT('',(1.363156495513,4.669854237583E+03));
#6120 = CARTESIAN_POINT('',(1.364694479177,4.669161380894E+03));
#6121 = CARTESIAN_POINT('',(1.367861578548,4.668472451971E+03));
#6122 = CARTESIAN_POINT('',(1.372677172198,4.66779131691E+03));
#6123 = CARTESIAN_POINT('',(1.379180726232,4.667122471982E+03));
#6124 = CARTESIAN_POINT('',(1.387428269627,4.666471675105E+03));
#6125 = CARTESIAN_POINT('',(1.407032770447,4.665253991632E+03));
#6126 = CARTESIAN_POINT('',(1.418247016201,4.664682091536E+03));
#6127 = CARTESIAN_POINT('',(1.431196714017,4.664139267049E+03));
#6128 = CARTESIAN_POINT('',(1.445934706813,4.663635751817E+03));
#6129 = CARTESIAN_POINT('',(1.46249252268,4.66318409043E+03));
#6130 = CARTESIAN_POINT('',(1.480865624932,4.662799686858E+03));
#6131 = CARTESIAN_POINT('',(1.510498419055,4.662360991688E+03));
#6132 = CARTESIAN_POINT('',(1.52039447756,4.662239639283E+03));
#6133 = CARTESIAN_POINT('',(1.530604753001,4.662140626262E+03));
#6134 = CARTESIAN_POINT('',(1.541057176028,4.662066088555E+03));
#6135 = CARTESIAN_POINT('',(1.551675299298,4.662017487689E+03));
#6136 = CARTESIAN_POINT('',(1.562380139447,4.661995604776E+03));
#6137 = CARTESIAN_POINT('',(1.589680392317,4.662008150861E+03));
#6138 = CARTESIAN_POINT('',(1.60607955593,4.662079965776E+03));
#6139 = CARTESIAN_POINT('',(1.622065435376,4.66221345743E+03));
#6140 = CARTESIAN_POINT('',(1.637425304577,4.662403818142E+03));
#6141 = CARTESIAN_POINT('',(1.651966566175,4.662644049266E+03));
#6142 = CARTESIAN_POINT('',(1.665526405889,4.66292498555E+03));
#6143 = CARTESIAN_POINT('',(1.694808207646,4.663654498276E+03));
#6144 = CARTESIAN_POINT('',(1.709836254875,4.664132715364E+03));
#6145 = CARTESIAN_POINT('',(1.723098865584,4.664655216957E+03));
#6146 = CARTESIAN_POINT('',(1.73465826543,4.665211113081E+03));
#6147 = CARTESIAN_POINT('',(1.744585324245,4.665792293282E+03));
#6148 = CARTESIAN_POINT('',(1.752945650025,4.666392753133E+03));
#6149 = CARTESIAN_POINT('',(1.765143971706,4.667489611241E+03));
#6150 = CARTESIAN_POINT('',(1.769570612961,4.667980238355E+03));
#6151 = CARTESIAN_POINT('',(1.7730905048,4.668477708502E+03));
#6152 = CARTESIAN_POINT('',(1.775719602728,4.668980060443E+03));
#6153 = CARTESIAN_POINT('',(1.777468855086,4.669485594241E+03));
#6154 = CARTESIAN_POINT('',(1.778343777278,4.669992752009E+03));
#6155 = CARTESIAN_POINT('',(1.778343777278,4.670994237591E+03));
#6156 = CARTESIAN_POINT('',(1.777513162057,4.671488395908E+03));
#6157 = CARTESIAN_POINT('',(1.775852437303,4.671981051616E+03));
#6158 = CARTESIAN_POINT('',(1.773356658164,4.672470760476E+03));
#6159 = CARTESIAN_POINT('',(1.770015992589,4.672955954421E+03));
#6160 = CARTESIAN_POINT('',(1.765816071843,4.673434837485E+03));
#6161 = CARTESIAN_POINT('',(1.756630433414,4.674285835547E+03));
#6162 = CARTESIAN_POINT('',(1.751948335918,4.674660853862E+03));
#6163 = CARTESIAN_POINT('',(1.746680754986,4.675029320381E+03));
#6164 = CARTESIAN_POINT('',(1.740814114043,4.675390021852E+03));
#6165 = CARTESIAN_POINT('',(1.73433319728,4.675741485193E+03));
#6166 = CARTESIAN_POINT('',(1.727222006291,4.676081915764E+03));
#6167 = CARTESIAN_POINT('',(1.714387324011,4.676623304468E+03));
#6168 = CARTESIAN_POINT('',(1.709031789273,4.676831873718E+03));
#6169 = CARTESIAN_POINT('',(1.703394641072,4.677034168365E+03));
#6170 = CARTESIAN_POINT('',(1.6974729515,4.677229449308E+03));
#6171 = CARTESIAN_POINT('',(1.691264423389,4.677416906012E+03));
#6172 = CARTESIAN_POINT('',(1.684767577521,4.677595649154E+03));
#6173 = CARTESIAN_POINT('',(1.673079712938,4.677886834991E+03));
#6174 = CARTESIAN_POINT('',(1.668026020587,4.678003928175E+03));
#6175 = CARTESIAN_POINT('',(1.662823883903,4.678115530424E+03));
#6176 = CARTESIAN_POINT('',(1.657476872315,4.678221193708E+03));
#6177 = CARTESIAN_POINT('',(1.651989096891,4.678320474028E+03));
#6178 = CARTESIAN_POINT('',(1.646365203672,4.678412931068E+03));
#6179 = CARTESIAN_POINT('',(1.63138474889,4.678634707426E+03));
#6180 = CARTESIAN_POINT('',(1.62180351654,4.678752911314E+03));
#6181 = CARTESIAN_POINT('',(1.611925871369,4.678850201456E+03));
#6182 = CARTESIAN_POINT('',(1.601816597722,4.678924625641E+03));
#6183 = CARTESIAN_POINT('',(1.591544390724,4.67897481714E+03));
#6184 = CARTESIAN_POINT('',(1.581180305364,4.679E+03));
#6185 = CARTESIAN_POINT('',(1.570796326795,4.679E+03));
#6186 = ( GEOMETRIC_REPRESENTATION_CONTEXT(2) 
PARAMETRIC_REPRESENTATION_CONTEXT() REPRESENTATION_CONTEXT('2D SPACE',''
  ) );
#6187 = ADVANCED_FACE('',(#6188),#4759,.F.);
#6188 = FACE_BOUND('',#6189,.F.);
#6189 = EDGE_LOOP('',(#6190,#6213,#6519,#6520,#6521));
#6190 = ORIENTED_EDGE('',*,*,#6191,.T.);
#6191 = EDGE_CURVE('',#4554,#6192,#6194,.T.);
#6192 = VERTEX_POINT('',#6193);
#6193 = CARTESIAN_POINT('',(8.061237555387E-14,1.24125E+03,3.984E+03));
#6194 = SEAM_CURVE('',#6195,(#6199,#6206),.PCURVE_S1.);
#6195 = LINE('',#6196,#6197);
#6196 = CARTESIAN_POINT('',(8.290858830228E-14,1.26E+03,3.984E+03));
#6197 = VECTOR('',#6198,1.);
#6198 = DIRECTION('',(-1.224646799147E-16,-1.,0.));
#6199 = PCURVE('',#4759,#6200);
#6200 = DEFINITIONAL_REPRESENTATION('',(#6201),#6205);
#6201 = LINE('',#6202,#6203);
#6202 = CARTESIAN_POINT('',(6.28318530718,-0.));
#6203 = VECTOR('',#6204,1.);
#6204 = DIRECTION('',(0.,1.));
#6205 = ( GEOMETRIC_REPRESENTATION_CONTEXT(2) 
PARAMETRIC_REPRESENTATION_CONTEXT() REPRESENTATION_CONTEXT('2D SPACE',''
  ) );
#6206 = PCURVE('',#4759,#6207);
#6207 = DEFINITIONAL_REPRESENTATION('',(#6208),#6212);
#6208 = LINE('',#6209,#6210);
#6209 = CARTESIAN_POINT('',(0.,-0.));
#6210 = VECTOR('',#6211,1.);
#6211 = DIRECTION('',(0.,1.));
#6212 = ( GEOMETRIC_REPRESENTATION_CONTEXT(2) 
PARAMETRIC_REPRESENTATION_CONTEXT() REPRESENTATION_CONTEXT('2D SPACE',''
  ) );
#6213 = ORIENTED_EDGE('',*,*,#6214,.F.);
#6214 = EDGE_CURVE('',#6192,#6192,#6215,.T.);
#6215 = SURFACE_CURVE('',#6216,(#6315,#6417),.PCURVE_S1.);
#6216 = B_SPLINE_CURVE_WITH_KNOTS('',7,(#6217,#6218,#6219,#6220,#6221,
    #6222,#6223,#6224,#6225,#6226,#6227,#6228,#6229,#6230,#6231,#6232,
    #6233,#6234,#6235,#6236,#6237,#6238,#6239,#6240,#6241,#6242,#6243,
    #6244,#6245,#6246,#6247,#6248,#6249,#6250,#6251,#6252,#6253,#6254,
    #6255,#6256,#6257,#6258,#6259,#6260,#6261,#6262,#6263,#6264,#6265,
    #6266,#6267,#6268,#6269,#6270,#6271,#6272,#6273,#6274,#6275,#6276,
    #6277,#6278,#6279,#6280,#6281,#6282,#6283,#6284,#6285,#6286,#6287,
    #6288,#6289,#6290,#6291,#6292,#6293,#6294,#6295,#6296,#6297,#6298,
    #6299,#6300,#6301,#6302,#6303,#6304,#6305,#6306,#6307,#6308,#6309,
    #6310,#6311,#6312,#6313,#6314),.UNSPECIFIED.,.T.,.F.,(8,6,6,6,6,6,6,
    6,6,6,6,6,6,6,6,6,8),(0.,4.59462032472E-02,7.460688372526E-02,
    0.114278851878,0.147694885965,0.248784339471,0.353833525423,
    0.453481787788,0.500620129077,0.573619946015,0.672235908463,
    0.749383194561,0.824551730496,0.885357717102,0.925155875414,
    0.953907720397,1.),.UNSPECIFIED.);
#6217 = CARTESIAN_POINT('',(8.385954651352E-14,1.24125E+03,3.984E+03));
#6218 = CARTESIAN_POINT('',(-0.428340638559,1.24125E+03,3.984E+03));
#6219 = CARTESIAN_POINT('',(-0.855859276682,1.241244810852E+03,
    3.983974816961E+03));
#6220 = CARTESIAN_POINT('',(-1.279511933122,1.241234468063E+03,
    3.983924625392E+03));
#6221 = CARTESIAN_POINT('',(-1.696293369149,1.241219225293E+03,
    3.983850201322E+03));
#6222 = CARTESIAN_POINT('',(-2.103311461111,1.241199545002E+03,
    3.983752911395E+03));
#6223 = CARTESIAN_POINT('',(-2.497860061244,1.241176061237E+03,
    3.983634707635E+03));
#6224 = CARTESIAN_POINT('',(-3.114299082674,1.241132955082E+03,
    3.983412931068E+03));
#6225 = CARTESIAN_POINT('',(-3.345608388492,1.241115182437E+03,
    3.983320474028E+03));
#6226 = CARTESIAN_POINT('',(-3.57120160161,1.241096342726E+03,
    3.983221193708E+03));
#6227 = CARTESIAN_POINT('',(-3.790886808745,1.241076584443E+03,
    3.983115530424E+03));
#6228 = CARTESIAN_POINT('',(-4.004496789856,1.241056056201E+03,
    3.983003928175E+03));
#6229 = CARTESIAN_POINT('',(-4.211888962082,1.241034904448E+03,
    3.982886834991E+03));
#6230 = CARTESIAN_POINT('',(-4.691246516866,1.240983326541E+03,
    3.982595649157E+03));
#6231 = CARTESIAN_POINT('',(-4.957466336817,1.240952452973E+03,
    3.982416906009E+03));
#6232 = CARTESIAN_POINT('',(-5.21163971246,1.240920988785E+03,
    3.982229449306E+03));
#6233 = CARTESIAN_POINT('',(-5.453848191948,1.240889243433E+03,
    3.982034168368E+03));
#6234 = CARTESIAN_POINT('',(-5.684210527876,1.240857497413E+03,
    3.981831873721E+03));
#6235 = CARTESIAN_POINT('',(-5.902873262502,1.240826002151E+03,
    3.981623304464E+03));
#6236 = CARTESIAN_POINT('',(-6.28446702053,1.240768849571E+03,
    3.98122873942E+03));
#6237 = CARTESIAN_POINT('',(-6.450784931674,1.240743049575E+03,
    3.981044333621E+03));
#6238 = CARTESIAN_POINT('',(-6.609084080788,1.240717707786E+03,
    3.980856279946E+03));
#6239 = CARTESIAN_POINT('',(-6.759490917273,1.240692938979E+03,
    3.980664908051E+03));
#6240 = CARTESIAN_POINT('',(-6.902129354915,1.240668845608E+03,
    3.980470515595E+03));
#6241 = CARTESIAN_POINT('',(-7.037120821271,1.240645518607E+03,
    3.980273368299E+03));
#6242 = CARTESIAN_POINT('',(-7.550184048932,1.240555030921E+03,
    3.979469667849E+03));
#6243 = CARTESIAN_POINT('',(-7.867050196938,1.240494742722E+03,
    3.978842310852E+03));
#6244 = CARTESIAN_POINT('',(-8.118082532805,1.240444458179E+03,
    3.978198480099E+03));
#6245 = CARTESIAN_POINT('',(-8.305636732862,1.240405644925E+03,
    3.977543278968E+03));
#6246 = CARTESIAN_POINT('',(-8.431378526321,1.240379193227E+03,
    3.976880736738E+03));
#6247 = CARTESIAN_POINT('',(-8.496152869367,1.240365553394E+03,
    3.976214329226E+03));
#6248 = CARTESIAN_POINT('',(-8.50372892986,1.240363958055E+03,
    3.974854237579E+03));
#6249 = CARTESIAN_POINT('',(-8.441648823084,1.24037703061E+03,
    3.974161380904E+03));
#6250 = CARTESIAN_POINT('',(-8.313813829561,1.240403974983E+03,
    3.973472451965E+03));
#6251 = CARTESIAN_POINT('',(-8.11930845768,1.240444308112E+03,
    3.972791316904E+03));
#6252 = CARTESIAN_POINT('',(-7.856256743136,1.240497039444E+03,
    3.972122471991E+03));
#6253 = CARTESIAN_POINT('',(-7.521982376921,1.24056050438E+03,
    3.971471675101E+03));
#6254 = CARTESIAN_POINT('',(-6.725410943119,1.240699954878E+03,
    3.970253991632E+03));
#6255 = CARTESIAN_POINT('',(-6.268997241518,1.240775406041E+03,
    3.969682091536E+03));
#6256 = CARTESIAN_POINT('',(-5.740893039831,1.240856155019E+03,
    3.969139267049E+03));
#6257 = CARTESIAN_POINT('',(-5.138471776598,1.24093893369E+03,
    3.968635751817E+03));
#6258 = CARTESIAN_POINT('',(-4.459967093819,1.241019332577E+03,
    3.96818409043E+03));
#6259 = CARTESIAN_POINT('',(-3.705281209151,1.24109162907E+03,
    3.967799686858E+03));
#6260 = CARTESIAN_POINT('',(-2.485906115741,1.241176897149E+03,
    3.967360991689E+03));
#6261 = CARTESIAN_POINT('',(-2.078384154845,1.241201025438E+03,
    3.967239639283E+03));
#6262 = CARTESIAN_POINT('',(-1.6576423287,1.241221082001E+03,
    3.967140626262E+03));
#6263 = CARTESIAN_POINT('',(-1.226691906106,1.241236371418E+03,
    3.967066088555E+03));
#6264 = CARTESIAN_POINT('',(-0.788752760205,1.241246397447E+03,
    3.967017487689E+03));
#6265 = CARTESIAN_POINT('',(-0.347166647129,1.241250905625E+03,
    3.966995604776E+03));
#6266 = CARTESIAN_POINT('',(0.778965816605,1.241248320525E+03,
    3.967008150861E+03));
#6267 = CARTESIAN_POINT('',(1.455399047033,1.241233524641E+03,
    3.967079965776E+03));
#6268 = CARTESIAN_POINT('',(2.114448200956,1.24120607036E+03,
    3.96721345743E+03));
#6269 = CARTESIAN_POINT('',(2.747063762434,1.241167592577E+03,
    3.967403818142E+03));
#6270 = CARTESIAN_POINT('',(3.345170927484,1.241120652264E+03,
    3.967644049266E+03));
#6271 = CARTESIAN_POINT('',(3.902103131629,1.241068236779E+03,
    3.967924985549E+03));
#6272 = CARTESIAN_POINT('',(5.103045608067,1.240939017789E+03,
    3.968654498276E+03));
#6273 = CARTESIAN_POINT('',(5.71793740319,1.240859152529E+03,
    3.969132715364E+03));
#6274 = CARTESIAN_POINT('',(6.259206482055,1.240778778523E+03,
    3.969655216957E+03));
#6275 = CARTESIAN_POINT('',(6.729849586728,1.240701844626E+03,
    3.970211113081E+03));
#6276 = CARTESIAN_POINT('',(7.133213080526,1.240631110543E+03,
    3.970792293282E+03));
#6277 = CARTESIAN_POINT('',(7.472359290999,1.240568535243E+03,
    3.971392753133E+03));
#6278 = CARTESIAN_POINT('',(7.966580338095,1.24047400248E+03,
    3.972489611241E+03));
#6279 = CARTESIAN_POINT('',(8.14566868512,1.240438342493E+03,
    3.972980238355E+03));
#6280 = CARTESIAN_POINT('',(8.287912062239,1.240409201502E+03,
    3.973477708501E+03));
#6281 = CARTESIAN_POINT('',(8.394075807257,1.240387048719E+03,
    3.973980060443E+03));
#6282 = CARTESIAN_POINT('',(8.464684015736,1.240372180132E+03,
    3.974485594241E+03));
#6283 = CARTESIAN_POINT('',(8.5,1.240364743279E+03,3.974992752009E+03));
#6284 = CARTESIAN_POINT('',(8.5,1.240364743279E+03,3.975994237591E+03));
#6285 = CARTESIAN_POINT('',(8.466472450253,1.240371803519E+03,
    3.976488395908E+03));
#6286 = CARTESIAN_POINT('',(8.399437652729,1.240385919636E+03,
    3.976981051616E+03));
#6287 = CARTESIAN_POINT('',(8.298659311272,1.2404069584E+03,
    3.977470760476E+03));
#6288 = CARTESIAN_POINT('',(8.163666520624,1.240434652731E+03,
    3.977955954421E+03));
#6289 = CARTESIAN_POINT('',(7.993769906016,1.240468580632E+03,
    3.978434837485E+03));
#6290 = CARTESIAN_POINT('',(7.621676902012,1.240540119042E+03,
    3.979285835516E+03));
#6291 = CARTESIAN_POINT('',(7.43186027059,1.240575786169E+03,
    3.979660853891E+03));
#6292 = CARTESIAN_POINT('',(7.218101709246,1.240614813214E+03,
    3.980029320405E+03));
#6293 = CARTESIAN_POINT('',(6.97976458664,1.240656805863E+03,
    3.98039002183E+03));
#6294 = CARTESIAN_POINT('',(6.716135502192,1.240701268702E+03,
    3.980741485164E+03));
#6295 = CARTESIAN_POINT('',(6.426463838367,1.24074758223E+03,
    3.98108191579E+03));
#6296 = CARTESIAN_POINT('',(5.902873258824,1.240826002152E+03,
    3.981623304468E+03));
#6297 = CARTESIAN_POINT('',(5.684210532335,1.240857497412E+03,
    3.981831873718E+03));
#6298 = CARTESIAN_POINT('',(5.453848194953,1.240889243432E+03,
    3.982034168365E+03));
#6299 = CARTESIAN_POINT('',(5.211639708499,1.240920988786E+03,
    3.982229449308E+03));
#6300 = CARTESIAN_POINT('',(4.957466332554,1.240952452974E+03,
    3.982416906012E+03));
#6301 = CARTESIAN_POINT('',(4.691246521855,1.24098332654E+03,
    3.982595649154E+03));
#6302 = CARTESIAN_POINT('',(4.211888962082,1.241034904448E+03,
    3.982886834991E+03));
#6303 = CARTESIAN_POINT('',(4.004496789856,1.241056056201E+03,
    3.983003928175E+03));
#6304 = CARTESIAN_POINT('',(3.790886808745,1.241076584443E+03,
    3.983115530424E+03));
#6305 = CARTESIAN_POINT('',(3.57120160161,1.241096342726E+03,
    3.983221193708E+03));
#6306 = CARTESIAN_POINT('',(3.345608388492,1.241115182437E+03,
    3.983320474028E+03));
#6307 = CARTESIAN_POINT('',(3.114299082673,1.241132955082E+03,
    3.983412931068E+03));
#6308 = CARTESIAN_POINT('',(2.497860640347,1.241176061197E+03,
    3.983634707426E+03));
#6309 = CARTESIAN_POINT('',(2.10331189013,1.241199544985E+03,
    3.983752911314E+03));
#6310 = CARTESIAN_POINT('',(1.696293133019,1.241219225319E+03,
    3.983850201456E+03));
#6311 = CARTESIAN_POINT('',(1.279510850569,1.241234468114E+03,
    3.983924625641E+03));
#6312 = CARTESIAN_POINT('',(0.855857594433,1.241244810889E+03,
    3.98397481714E+03));
#6313 = CARTESIAN_POINT('',(0.428339115971,1.24125E+03,3.984E+03));
#6314 = CARTESIAN_POINT('',(8.385954651352E-14,1.24125E+03,3.984E+03));
#6315 = PCURVE('',#4759,#6316);
#6316 = DEFINITIONAL_REPRESENTATION('',(#6317),#6416);
#6317 = B_SPLINE_CURVE_WITH_KNOTS('',7,(#6318,#6319,#6320,#6321,#6322,
    #6323,#6324,#6325,#6326,#6327,#6328,#6329,#6330,#6331,#6332,#6333,
    #6334,#6335,#6336,#6337,#6338,#6339,#6340,#6341,#6342,#6343,#6344,
    #6345,#6346,#6347,#6348,#6349,#6350,#6351,#6352,#6353,#6354,#6355,
    #6356,#6357,#6358,#6359,#6360,#6361,#6362,#6363,#6364,#6365,#6366,
    #6367,#6368,#6369,#6370,#6371,#6372,#6373,#6374,#6375,#6376,#6377,
    #6378,#6379,#6380,#6381,#6382,#6383,#6384,#6385,#6386,#6387,#6388,
    #6389,#6390,#6391,#6392,#6393,#6394,#6395,#6396,#6397,#6398,#6399,
    #6400,#6401,#6402,#6403,#6404,#6405,#6406,#6407,#6408,#6409,#6410,
    #6411,#6412,#6413,#6414,#6415),.UNSPECIFIED.,.F.,.F.,(8,6,6,6,6,6,6,
    6,6,6,6,6,6,6,6,6,8),(0.,4.59462032472E-02,7.460688372526E-02,
    0.114278851878,0.147694885965,0.248784339471,0.353833525423,
    0.453481787788,0.500620129077,0.573619946015,0.672235908463,
    0.749383194561,0.824551730496,0.885357717102,0.925155875414,
    0.953907720397,1.),.UNSPECIFIED.);
#6318 = CARTESIAN_POINT('',(0.,18.75));
#6319 = CARTESIAN_POINT('',(5.039301630109E-02,18.75));
#6320 = CARTESIAN_POINT('',(0.100689322428,18.75518914785));
#6321 = CARTESIAN_POINT('',(0.150739848787,18.765531937466));
#6322 = CARTESIAN_POINT('',(0.200396367088,18.780774707108));
#6323 = CARTESIAN_POINT('',(0.249502992753,18.800454997752));
#6324 = CARTESIAN_POINT('',(0.297887490618,18.823938762994));
#6325 = CARTESIAN_POINT('',(0.374960404684,18.867044917516));
#6326 = CARTESIAN_POINT('',(0.40424879317,18.884817563344));
#6327 = CARTESIAN_POINT('',(0.433218532638,18.903657274471));
#6328 = CARTESIAN_POINT('',(0.461869145952,18.923415557234));
#6329 = CARTESIAN_POINT('',(0.490198696668,18.9439437995));
#6330 = CARTESIAN_POINT('',(0.518203790128,18.965095552328));
#6331 = CARTESIAN_POINT('',(0.584188254615,19.016673459149));
#6332 = CARTESIAN_POINT('',(0.62187399652,19.047547026595));
#6333 = CARTESIAN_POINT('',(0.658972386963,19.079011214596));
#6334 = CARTESIAN_POINT('',(0.695515918805,19.110756567389));
#6335 = CARTESIAN_POINT('',(0.731534604351,19.142502587214));
#6336 = CARTESIAN_POINT('',(0.767056588621,19.173997848711));
#6337 = CARTESIAN_POINT('',(0.831633505041,19.231150428981));
#6338 = CARTESIAN_POINT('',(0.860830949606,19.256950425391));
#6339 = CARTESIAN_POINT('',(0.889723063763,19.282292213667));
#6340 = CARTESIAN_POINT('',(0.91833020575,19.307061020827));
#6341 = CARTESIAN_POINT('',(0.94667182509,19.33115439201));
#6342 = CARTESIAN_POINT('',(0.974767163077,19.354481392702));
#6343 = CARTESIAN_POINT('',(1.086944006213,19.444969079327));
#6344 = CARTESIAN_POINT('',(1.169214396688,19.505257277577));
#6345 = CARTESIAN_POINT('',(1.249927507989,19.555541821158));
#6346 = CARTESIAN_POINT('',(1.329498700706,19.594355074569));
#6347 = CARTESIAN_POINT('',(1.408313823612,19.620806773359));
#6348 = CARTESIAN_POINT('',(1.486756348225,19.634446605607));
#6349 = CARTESIAN_POINT('',(1.646769612571,19.636041945144));
#6350 = CARTESIAN_POINT('',(1.728240750974,19.62296938954));
#6351 = CARTESIAN_POINT('',(1.810089962553,19.596025016976));
#6352 = CARTESIAN_POINT('',(1.892747016902,19.55569188824));
#6353 = CARTESIAN_POINT('',(1.976643423755,19.502960555931));
#6354 = CARTESIAN_POINT('',(2.062245355278,19.439495619947));
#6355 = CARTESIAN_POINT('',(2.233432097664,19.300045121839));
#6356 = CARTESIAN_POINT('',(2.319132011518,19.224593959337));
#6357 = CARTESIAN_POINT('',(2.40753285112,19.143844980875));
#6358 = CARTESIAN_POINT('',(2.498979057986,19.06106630959));
#6359 = CARTESIAN_POINT('',(2.593888178707,18.980667422546));
#6360 = CARTESIAN_POINT('',(2.692742191553,18.908370930272));
#6361 = CARTESIAN_POINT('',(2.84519975592,18.823102851243));
#6362 = CARTESIAN_POINT('',(2.895145813552,18.798974562336));
#6363 = CARTESIAN_POINT('',(2.945857320051,18.778917998724));
#6364 = CARTESIAN_POINT('',(2.99714226147,18.76362858151));
#6365 = CARTESIAN_POINT('',(3.04882712482,18.753602553148));
#6366 = CARTESIAN_POINT('',(3.100746523117,18.749094374616));
#6367 = CARTESIAN_POINT('',(3.233240917076,18.751679474787));
#6368 = CARTESIAN_POINT('',(3.312910451611,18.766475358872));
#6369 = CARTESIAN_POINT('',(3.391468230786,18.793929639763));
#6370 = CARTESIAN_POINT('',(3.468615099121,18.83240742341));
#6371 = CARTESIAN_POINT('',(3.543995290653,18.8793477357));
#6372 = CARTESIAN_POINT('',(3.617153844422,18.931763221299));
#6373 = CARTESIAN_POINT('',(3.78246582375,19.060982211442));
#6374 = CARTESIAN_POINT('',(3.873501924706,19.140847471167));
#6375 = CARTESIAN_POINT('',(3.961239642759,19.22122147653));
#6376 = CARTESIAN_POINT('',(4.046193215255,19.298155373658));
#6377 = CARTESIAN_POINT('',(4.128844499049,19.36888945722));
#6378 = CARTESIAN_POINT('',(4.20964158197,19.431464756877));
#6379 = CARTESIAN_POINT('',(4.351177993406,19.525997519951));
#6380 = CARTESIAN_POINT('',(4.412458822583,19.561657506808));
#6381 = CARTESIAN_POINT('',(4.473084294951,19.590798498228));
#6382 = CARTESIAN_POINT('',(4.533225582254,19.612951280678));
#6383 = CARTESIAN_POINT('',(4.593047067547,19.627819867817));
#6384 = CARTESIAN_POINT('',(4.652712746111,19.635256720747));
#6385 = CARTESIAN_POINT('',(4.770534579373,19.635256720747));
#6386 = CARTESIAN_POINT('',(4.82867090056,19.628196480695));
#6387 = CARTESIAN_POINT('',(4.886951320027,19.614080363993));
#6388 = CARTESIAN_POINT('',(4.945527143223,19.593041600465));
#6389 = CARTESIAN_POINT('',(5.004550145973,19.565347268884));
#6390 = CARTESIAN_POINT('',(5.064178168314,19.531419368231));
#6391 = CARTESIAN_POINT('',(5.173447579323,19.459880958161));
#6392 = CARTESIAN_POINT('',(5.222818263155,19.424213831264));
#6393 = CARTESIAN_POINT('',(5.272802322714,19.385186786353));
#6394 = CARTESIAN_POINT('',(5.323506417442,19.343194136503));
#6395 = CARTESIAN_POINT('',(5.375040632203,19.298731298003));
#6396 = CARTESIAN_POINT('',(5.427521753312,19.25241776986));
#6397 = CARTESIAN_POINT('',(5.516128719181,19.17399784816));
#6398 = CARTESIAN_POINT('',(5.551650702166,19.142502587763));
#6399 = CARTESIAN_POINT('',(5.587669387873,19.110756567832));
#6400 = CARTESIAN_POINT('',(5.624212920766,19.079011214162));
#6401 = CARTESIAN_POINT('',(5.661311311313,19.047547026043));
#6402 = CARTESIAN_POINT('',(5.698997051878,19.016673459686));
#6403 = CARTESIAN_POINT('',(5.764981517052,18.965095552328));
#6404 = CARTESIAN_POINT('',(5.792986610512,18.9439437995));
#6405 = CARTESIAN_POINT('',(5.821316161228,18.923415557234));
#6406 = CARTESIAN_POINT('',(5.849966774542,18.903657274471));
#6407 = CARTESIAN_POINT('',(5.87893651401,18.884817563344));
#6408 = CARTESIAN_POINT('',(5.908224902496,18.867044917515));
#6409 = CARTESIAN_POINT('',(5.985297744157,18.823938803489));
#6410 = CARTESIAN_POINT('',(6.033682263681,18.800455015233));
#6411 = CARTESIAN_POINT('',(6.082788970795,18.780774680545));
#6412 = CARTESIAN_POINT('',(6.132445587981,18.765531886374));
#6413 = CARTESIAN_POINT('',(6.182496182661,18.755189110953));
#6414 = CARTESIAN_POINT('',(6.232792470007,18.75));
#6415 = CARTESIAN_POINT('',(6.28318530718,18.75));
#6416 = ( GEOMETRIC_REPRESENTATION_CONTEXT(2) 
PARAMETRIC_REPRESENTATION_CONTEXT() REPRESENTATION_CONTEXT('2D SPACE',''
  ) );
#6417 = PCURVE('',#5411,#6418);
#6418 = DEFINITIONAL_REPRESENTATION('',(#6419),#6518);
#6419 = B_SPLINE_CURVE_WITH_KNOTS('',7,(#6420,#6421,#6422,#6423,#6424,
    #6425,#6426,#6427,#6428,#6429,#6430,#6431,#6432,#6433,#6434,#6435,
    #6436,#6437,#6438,#6439,#6440,#6441,#6442,#6443,#6444,#6445,#6446,
    #6447,#6448,#6449,#6450,#6451,#6452,#6453,#6454,#6455,#6456,#6457,
    #6458,#6459,#6460,#6461,#6462,#6463,#6464,#6465,#6466,#6467,#6468,
    #6469,#6470,#6471,#6472,#6473,#6474,#6475,#6476,#6477,#6478,#6479,
    #6480,#6481,#6482,#6483,#6484,#6485,#6486,#6487,#6488,#6489,#6490,
    #6491,#6492,#6493,#6494,#6495,#6496,#6497,#6498,#6499,#6500,#6501,
    #6502,#6503,#6504,#6505,#6506,#6507,#6508,#6509,#6510,#6511,#6512,
    #6513,#6514,#6515,#6516,#6517),.UNSPECIFIED.,.T.,.F.,(8,6,6,6,6,6,6,
    6,6,6,6,6,6,6,6,6,8),(0.,4.59462032472E-02,7.460688372526E-02,
    0.114278851878,0.147694885965,0.248784339471,0.353833525423,
    0.453481787788,0.500620129077,0.573619946015,0.672235908463,
    0.749383194561,0.824551730496,0.885357717102,0.925155875414,
    0.953907720397,1.),.UNSPECIFIED.);
#6420 = CARTESIAN_POINT('',(4.712388980385,4.679E+03));
#6421 = CARTESIAN_POINT('',(4.722772995865,4.679E+03));
#6422 = CARTESIAN_POINT('',(4.733137085096,4.678974816961E+03));
#6423 = CARTESIAN_POINT('',(4.743409277576,4.678924625392E+03));
#6424 = CARTESIAN_POINT('',(4.753518530708,4.678850201322E+03));
#6425 = CARTESIAN_POINT('',(4.763396159725,4.678752911395E+03));
#6426 = CARTESIAN_POINT('',(4.772977388407,4.678634707635E+03));
#6427 = CARTESIAN_POINT('',(4.787957857262,4.678412931068E+03));
#6428 = CARTESIAN_POINT('',(4.793581750481,4.678320474028E+03));
#6429 = CARTESIAN_POINT('',(4.799069525904,4.678221193708E+03));
#6430 = CARTESIAN_POINT('',(4.804416537493,4.678115530424E+03));
#6431 = CARTESIAN_POINT('',(4.809618674177,4.678003928175E+03));
#6432 = CARTESIAN_POINT('',(4.814672366527,4.677886834991E+03));
#6433 = CARTESIAN_POINT('',(4.826360230989,4.677595649157E+03));
#6434 = CARTESIAN_POINT('',(4.832857077083,4.677416906009E+03));
#6435 = CARTESIAN_POINT('',(4.839065605187,4.677229449306E+03));
#6436 = CARTESIAN_POINT('',(4.844987294588,4.677034168368E+03));
#6437 = CARTESIAN_POINT('',(4.850624442753,4.676831873721E+03));
#6438 = CARTESIAN_POINT('',(4.855979977691,4.676623304464E+03));
#6439 = CARTESIAN_POINT('',(4.865333916805,4.67622873942E+03));
#6440 = CARTESIAN_POINT('',(4.869414033895,4.676044333621E+03));
#6441 = CARTESIAN_POINT('',(4.87330038284,4.675856279946E+03));
#6442 = CARTESIAN_POINT('',(4.876995659159,4.675664908051E+03));
#6443 = CARTESIAN_POINT('',(4.88050250197,4.675470515595E+03));
#6444 = CARTESIAN_POINT('',(4.883823503332,4.675273368299E+03));
#6445 = CARTESIAN_POINT('',(4.896453361918,4.674469667849E+03));
#6446 = CARTESIAN_POINT('',(4.904272067303,4.673842310852E+03));
#6447 = CARTESIAN_POINT('',(4.910478305813,4.673198480099E+03));
#6448 = CARTESIAN_POINT('',(4.915121404715,4.672543278968E+03));
#6449 = CARTESIAN_POINT('',(4.91823639273,4.671880736738E+03));
#6450 = CARTESIAN_POINT('',(4.919841121751,4.671214329226E+03));
#6451 = CARTESIAN_POINT('',(4.920028811667,4.669854237579E+03));
#6452 = CARTESIAN_POINT('',(4.918490828049,4.669161380904E+03));
#6453 = CARTESIAN_POINT('',(4.915323728563,4.668472451965E+03));
#6454 = CARTESIAN_POINT('',(4.91050813496,4.667791316904E+03));
#6455 = CARTESIAN_POINT('',(4.904004581051,4.667122471991E+03));
#6456 = CARTESIAN_POINT('',(4.895757037489,4.666471675101E+03));
#6457 = CARTESIAN_POINT('',(4.876152536732,4.665253991632E+03));
#6458 = CARTESIAN_POINT('',(4.864938290979,4.664682091536E+03));
#6459 = CARTESIAN_POINT('',(4.851988593162,4.664139267049E+03));
#6460 = CARTESIAN_POINT('',(4.837250600366,4.663635751817E+03));
#6461 = CARTESIAN_POINT('',(4.820692784499,4.66318409043E+03));
#6462 = CARTESIAN_POINT('',(4.802319682247,4.662799686858E+03));
#6463 = CARTESIAN_POINT('',(4.772686888127,4.662360991689E+03));
#6464 = CARTESIAN_POINT('',(4.76279082962,4.662239639283E+03));
#6465 = CARTESIAN_POINT('',(4.752580554177,4.662140626262E+03));
#6466 = CARTESIAN_POINT('',(4.74212813115,4.662066088555E+03));
#6467 = CARTESIAN_POINT('',(4.731510007882,4.662017487689E+03));
#6468 = CARTESIAN_POINT('',(4.720805167734,4.661995604776E+03));
#6469 = CARTESIAN_POINT('',(4.693504914865,4.662008150861E+03));
#6470 = CARTESIAN_POINT('',(4.67710575125,4.662079965776E+03));
#6471 = CARTESIAN_POINT('',(4.661119871801,4.66221345743E+03));
#6472 = CARTESIAN_POINT('',(4.645760002601,4.662403818142E+03));
#6473 = CARTESIAN_POINT('',(4.631218741005,4.662644049266E+03));
#6474 = CARTESIAN_POINT('',(4.617658901293,4.662924985549E+03));
#6475 = CARTESIAN_POINT('',(4.588377099534,4.663654498276E+03));
#6476 = CARTESIAN_POINT('',(4.573349052305,4.664132715364E+03));
#6477 = CARTESIAN_POINT('',(4.560086441596,4.664655216957E+03));
#6478 = CARTESIAN_POINT('',(4.54852704175,4.665211113081E+03));
#6479 = CARTESIAN_POINT('',(4.538599982935,4.665792293282E+03));
#6480 = CARTESIAN_POINT('',(4.530239657155,4.666392753133E+03));
#6481 = CARTESIAN_POINT('',(4.518041335473,4.667489611241E+03));
#6482 = CARTESIAN_POINT('',(4.513614694219,4.667980238355E+03));
#6483 = CARTESIAN_POINT('',(4.510094802379,4.668477708501E+03));
#6484 = CARTESIAN_POINT('',(4.507465704451,4.668980060443E+03));
#6485 = CARTESIAN_POINT('',(4.505716452093,4.669485594241E+03));
#6486 = CARTESIAN_POINT('',(4.504841529902,4.669992752009E+03));
#6487 = CARTESIAN_POINT('',(4.504841529902,4.670994237591E+03));
#6488 = CARTESIAN_POINT('',(4.505672145123,4.671488395908E+03));
#6489 = CARTESIAN_POINT('',(4.507332869876,4.671981051616E+03));
#6490 = CARTESIAN_POINT('',(4.509828649016,4.672470760476E+03));
#6491 = CARTESIAN_POINT('',(4.513169314591,4.672955954421E+03));
#6492 = CARTESIAN_POINT('',(4.517369235337,4.673434837485E+03));
#6493 = CARTESIAN_POINT('',(4.526554873434,4.674285835516E+03));
#6494 = CARTESIAN_POINT('',(4.531236971772,4.674660853891E+03));
#6495 = CARTESIAN_POINT('',(4.536504552473,4.675029320405E+03));
#6496 = CARTESIAN_POINT('',(4.542371192636,4.67539002183E+03));
#6497 = CARTESIAN_POINT('',(4.548852109435,4.675741485164E+03));
#6498 = CARTESIAN_POINT('',(4.555963301524,4.67608191579E+03));
#6499 = CARTESIAN_POINT('',(4.568797983169,4.676623304468E+03));
#6500 = CARTESIAN_POINT('',(4.574153517907,4.676831873718E+03));
#6501 = CARTESIAN_POINT('',(4.579790666107,4.677034168365E+03));
#6502 = CARTESIAN_POINT('',(4.585712355679,4.677229449308E+03));
#6503 = CARTESIAN_POINT('',(4.591920883791,4.677416906012E+03));
#6504 = CARTESIAN_POINT('',(4.598417729659,4.677595649154E+03));
#6505 = CARTESIAN_POINT('',(4.610105594242,4.677886834991E+03));
#6506 = CARTESIAN_POINT('',(4.615159286593,4.678003928175E+03));
#6507 = CARTESIAN_POINT('',(4.620361423276,4.678115530424E+03));
#6508 = CARTESIAN_POINT('',(4.625708434865,4.678221193708E+03));
#6509 = CARTESIAN_POINT('',(4.631196210288,4.678320474028E+03));
#6510 = CARTESIAN_POINT('',(4.636820103507,4.678412931068E+03));
#6511 = CARTESIAN_POINT('',(4.65180055829,4.678634707426E+03));
#6512 = CARTESIAN_POINT('',(4.66138179064,4.678752911314E+03));
#6513 = CARTESIAN_POINT('',(4.671259435811,4.678850201456E+03));
#6514 = CARTESIAN_POINT('',(4.681368709457,4.678924625641E+03));
#6515 = CARTESIAN_POINT('',(4.691640916455,4.67897481714E+03));
#6516 = CARTESIAN_POINT('',(4.702005001816,4.679E+03));
#6517 = CARTESIAN_POINT('',(4.712388980385,4.679E+03));
#6518 = ( GEOMETRIC_REPRESENTATION_CONTEXT(2) 
PARAMETRIC_REPRESENTATION_CONTEXT() REPRESENTATION_CONTEXT('2D SPACE',''
  ) );
#6519 = ORIENTED_EDGE('',*,*,#6191,.F.);
#6520 = ORIENTED_EDGE('',*,*,#4866,.T.);
#6521 = ORIENTED_EDGE('',*,*,#4551,.T.);
#6522 = ADVANCED_FACE('',(#6523,#6605,#6608,#6611,#6614),#5411,.F.);
#6523 = FACE_BOUND('',#6524,.F.);
#6524 = EDGE_LOOP('',(#6525,#6550,#6577,#6578));
#6525 = ORIENTED_EDGE('',*,*,#6526,.T.);
#6526 = EDGE_CURVE('',#6527,#6529,#6531,.T.);
#6527 = VERTEX_POINT('',#6528);
#6528 = CARTESIAN_POINT('',(-41.25,1.2E+03,-694.));
#6529 = VERTEX_POINT('',#6530);
#6530 = CARTESIAN_POINT('',(-41.25,1.2E+03,3.9925E+03));
#6531 = SEAM_CURVE('',#6532,(#6536,#6543),.PCURVE_S1.);
#6532 = LINE('',#6533,#6534);
#6533 = CARTESIAN_POINT('',(-41.25,1.2E+03,-695.));
#6534 = VECTOR('',#6535,1.);
#6535 = DIRECTION('',(0.,0.,1.));
#6536 = PCURVE('',#5411,#6537);
#6537 = DEFINITIONAL_REPRESENTATION('',(#6538),#6542);
#6538 = LINE('',#6539,#6540);
#6539 = CARTESIAN_POINT('',(6.28318530718,-0.));
#6540 = VECTOR('',#6541,1.);
#6541 = DIRECTION('',(0.,1.));
#6542 = ( GEOMETRIC_REPRESENTATION_CONTEXT(2) 
PARAMETRIC_REPRESENTATION_CONTEXT() REPRESENTATION_CONTEXT('2D SPACE',''
  ) );
#6543 = PCURVE('',#5411,#6544);
#6544 = DEFINITIONAL_REPRESENTATION('',(#6545),#6549);
#6545 = LINE('',#6546,#6547);
#6546 = CARTESIAN_POINT('',(0.,-0.));
#6547 = VECTOR('',#6548,1.);
#6548 = DIRECTION('',(0.,1.));
#6549 = ( GEOMETRIC_REPRESENTATION_CONTEXT(2) 
PARAMETRIC_REPRESENTATION_CONTEXT() REPRESENTATION_CONTEXT('2D SPACE',''
  ) );
#6550 = ORIENTED_EDGE('',*,*,#6551,.F.);
#6551 = EDGE_CURVE('',#6529,#6529,#6552,.T.);
#6552 = SURFACE_CURVE('',#6553,(#6558,#6565),.PCURVE_S1.);
#6553 = CIRCLE('',#6554,41.25);
#6554 = AXIS2_PLACEMENT_3D('',#6555,#6556,#6557);
#6555 = CARTESIAN_POINT('',(7.347880794884E-14,1.2E+03,3.9925E+03));
#6556 = DIRECTION('',(0.,0.,1.));
#6557 = DIRECTION('',(-1.,1.224646799147E-16,0.));
#6558 = PCURVE('',#5411,#6559);
#6559 = DEFINITIONAL_REPRESENTATION('',(#6560),#6564);
#6560 = LINE('',#6561,#6562);
#6561 = CARTESIAN_POINT('',(0.,4.6875E+03));
#6562 = VECTOR('',#6563,1.);
#6563 = DIRECTION('',(1.,0.));
#6564 = ( GEOMETRIC_REPRESENTATION_CONTEXT(2) 
PARAMETRIC_REPRESENTATION_CONTEXT() REPRESENTATION_CONTEXT('2D SPACE',''
  ) );
#6565 = PCURVE('',#6566,#6571);
#6566 = PLANE('',#6567);
#6567 = AXIS2_PLACEMENT_3D('',#6568,#6569,#6570);
#6568 = CARTESIAN_POINT('',(7.347880794884E-14,1.2E+03,3.9925E+03));
#6569 = DIRECTION('',(0.,0.,1.));
#6570 = DIRECTION('',(-1.,1.224646799147E-16,0.));
#6571 = DEFINITIONAL_REPRESENTATION('',(#6572),#6576);
#6572 = CIRCLE('',#6573,41.25);
#6573 = AXIS2_PLACEMENT_2D('',#6574,#6575);
#6574 = CARTESIAN_POINT('',(0.,0.));
#6575 = DIRECTION('',(1.,0.));
#6576 = ( GEOMETRIC_REPRESENTATION_CONTEXT(2) 
PARAMETRIC_REPRESENTATION_CONTEXT() REPRESENTATION_CONTEXT('2D SPACE',''
  ) );
#6577 = ORIENTED_EDGE('',*,*,#6526,.F.);
#6578 = ORIENTED_EDGE('',*,*,#6579,.T.);
#6579 = EDGE_CURVE('',#6527,#6527,#6580,.T.);
#6580 = SURFACE_CURVE('',#6581,(#6586,#6593),.PCURVE_S1.);
#6581 = CIRCLE('',#6582,41.25);
#6582 = AXIS2_PLACEMENT_3D('',#6583,#6584,#6585);
#6583 = CARTESIAN_POINT('',(7.347880794884E-14,1.2E+03,-694.));
#6584 = DIRECTION('',(0.,0.,1.));
#6585 = DIRECTION('',(-1.,1.224646799147E-16,0.));
#6586 = PCURVE('',#5411,#6587);
#6587 = DEFINITIONAL_REPRESENTATION('',(#6588),#6592);
#6588 = LINE('',#6589,#6590);
#6589 = CARTESIAN_POINT('',(0.,1.));
#6590 = VECTOR('',#6591,1.);
#6591 = DIRECTION('',(1.,0.));
#6592 = ( GEOMETRIC_REPRESENTATION_CONTEXT(2) 
PARAMETRIC_REPRESENTATION_CONTEXT() REPRESENTATION_CONTEXT('2D SPACE',''
  ) );
#6593 = PCURVE('',#6594,#6599);
#6594 = PLANE('',#6595);
#6595 = AXIS2_PLACEMENT_3D('',#6596,#6597,#6598);
#6596 = CARTESIAN_POINT('',(7.347880794884E-14,1.2E+03,-694.));
#6597 = DIRECTION('',(0.,0.,1.));
#6598 = DIRECTION('',(-1.,1.224646799147E-16,0.));
#6599 = DEFINITIONAL_REPRESENTATION('',(#6600),#6604);
#6600 = CIRCLE('',#6601,41.25);
#6601 = AXIS2_PLACEMENT_2D('',#6602,#6603);
#6602 = CARTESIAN_POINT('',(0.,0.));
#6603 = DIRECTION('',(1.,0.));
#6604 = ( GEOMETRIC_REPRESENTATION_CONTEXT(2) 
PARAMETRIC_REPRESENTATION_CONTEXT() REPRESENTATION_CONTEXT('2D SPACE',''
  ) );
#6605 = FACE_BOUND('',#6606,.F.);
#6606 = EDGE_LOOP('',(#6607));
#6607 = ORIENTED_EDGE('',*,*,#5207,.F.);
#6608 = FACE_BOUND('',#6609,.F.);
#6609 = EDGE_LOOP('',(#6610));
#6610 = ORIENTED_EDGE('',*,*,#5544,.T.);
#6611 = FACE_BOUND('',#6612,.F.);
#6612 = EDGE_LOOP('',(#6613));
#6613 = ORIENTED_EDGE('',*,*,#5882,.F.);
#6614 = FACE_BOUND('',#6615,.F.);
#6615 = EDGE_LOOP('',(#6616));
#6616 = ORIENTED_EDGE('',*,*,#6214,.T.);
#6617 = ADVANCED_FACE('',(#6618),#6594,.T.);
#6618 = FACE_BOUND('',#6619,.T.);
#6619 = EDGE_LOOP('',(#6620));
#6620 = ORIENTED_EDGE('',*,*,#6579,.T.);
#6621 = ADVANCED_FACE('',(#6622),#6566,.F.);
#6622 = FACE_BOUND('',#6623,.F.);
#6623 = EDGE_LOOP('',(#6624));
#6624 = ORIENTED_EDGE('',*,*,#6551,.T.);
#6625 = MANIFOLD_SOLID_BREP('',#6626);
#6626 = CLOSED_SHELL('',(#6627,#6747,#6823,#6899,#7008,#7081,#7108,#7135
    ,#7142,#7197,#7371,#7447,#7496,#7545,#7594,#7643,#7670));
#6627 = ADVANCED_FACE('',(#6628),#6642,.F.);
#6628 = FACE_BOUND('',#6629,.F.);
#6629 = EDGE_LOOP('',(#6630,#6665,#6693,#6721));
#6630 = ORIENTED_EDGE('',*,*,#6631,.T.);
#6631 = EDGE_CURVE('',#6632,#6634,#6636,.T.);
#6632 = VERTEX_POINT('',#6633);
#6633 = CARTESIAN_POINT('',(6.69330708074E-14,1.14655E+03,
    3.294356406461E+03));
#6634 = VERTEX_POINT('',#6635);
#6635 = CARTESIAN_POINT('',(6.556146639235E-14,1.13535E+03,
    3.294356406461E+03));
#6636 = SURFACE_CURVE('',#6637,(#6641,#6653),.PCURVE_S1.);
#6637 = LINE('',#6638,#6639);
#6638 = CARTESIAN_POINT('',(6.69330708074E-14,1.14655E+03,
    3.294356406461E+03));
#6639 = VECTOR('',#6640,1.);
#6640 = DIRECTION('',(-1.224646799147E-16,-1.,0.));
#6641 = PCURVE('',#6642,#6647);
#6642 = PLANE('',#6643);
#6643 = AXIS2_PLACEMENT_3D('',#6644,#6645,#6646);
#6644 = CARTESIAN_POINT('',(6.69330708074E-14,1.14655E+03,
    3.294356406461E+03));
#6645 = DIRECTION('',(0.5,-6.123233995737E-17,-0.866025403784));
#6646 = DIRECTION('',(-0.866025403784,1.060575238725E-16,-0.5));
#6647 = DEFINITIONAL_REPRESENTATION('',(#6648),#6652);
#6648 = LINE('',#6649,#6650);
#6649 = CARTESIAN_POINT('',(0.,0.));
#6650 = VECTOR('',#6651,1.);
#6651 = DIRECTION('',(0.,-1.));
#6652 = ( GEOMETRIC_REPRESENTATION_CONTEXT(2) 
PARAMETRIC_REPRESENTATION_CONTEXT() REPRESENTATION_CONTEXT('2D SPACE',''
  ) );
#6653 = PCURVE('',#6654,#6659);
#6654 = PLANE('',#6655);
#6655 = AXIS2_PLACEMENT_3D('',#6656,#6657,#6658);
#6656 = CARTESIAN_POINT('',(12.,1.14655E+03,3.28742820323E+03));
#6657 = DIRECTION('',(-0.5,6.123233995737E-17,-0.866025403784));
#6658 = DIRECTION('',(-0.866025403784,1.060575238725E-16,0.5));
#6659 = DEFINITIONAL_REPRESENTATION('',(#6660),#6664);
#6660 = LINE('',#6661,#6662);
#6661 = CARTESIAN_POINT('',(13.856406460551,0.));
#6662 = VECTOR('',#6663,1.);
#6663 = DIRECTION('',(0.,-1.));
#6664 = ( GEOMETRIC_REPRESENTATION_CONTEXT(2) 
PARAMETRIC_REPRESENTATION_CONTEXT() REPRESENTATION_CONTEXT('2D SPACE',''
  ) );
#6665 = ORIENTED_EDGE('',*,*,#6666,.T.);
#6666 = EDGE_CURVE('',#6634,#6667,#6669,.T.);
#6667 = VERTEX_POINT('',#6668);
#6668 = CARTESIAN_POINT('',(-12.,1.13535E+03,3.28742820323E+03));
#6669 = SURFACE_CURVE('',#6670,(#6674,#6681),.PCURVE_S1.);
#6670 = LINE('',#6671,#6672);
#6671 = CARTESIAN_POINT('',(6.556146639235E-14,1.13535E+03,
    3.294356406461E+03));
#6672 = VECTOR('',#6673,1.);
#6673 = DIRECTION('',(-0.866025403784,1.060575238725E-16,-0.5));
#6674 = PCURVE('',#6642,#6675);
#6675 = DEFINITIONAL_REPRESENTATION('',(#6676),#6680);
#6676 = LINE('',#6677,#6678);
#6677 = CARTESIAN_POINT('',(0.,-11.2));
#6678 = VECTOR('',#6679,1.);
#6679 = DIRECTION('',(1.,0.));
#6680 = ( GEOMETRIC_REPRESENTATION_CONTEXT(2) 
PARAMETRIC_REPRESENTATION_CONTEXT() REPRESENTATION_CONTEXT('2D SPACE',''
  ) );
#6681 = PCURVE('',#6682,#6687);
#6682 = PLANE('',#6683);
#6683 = AXIS2_PLACEMENT_3D('',#6684,#6685,#6686);
#6684 = CARTESIAN_POINT('',(6.590332642549E-14,1.13535E+03,3.2805E+03));
#6685 = DIRECTION('',(-1.224646799147E-16,-1.,0.));
#6686 = DIRECTION('',(0.,0.,1.));
#6687 = DEFINITIONAL_REPRESENTATION('',(#6688),#6692);
#6688 = LINE('',#6689,#6690);
#6689 = CARTESIAN_POINT('',(13.856406460551,3.418600331349E-16));
#6690 = VECTOR('',#6691,1.);
#6691 = DIRECTION('',(-0.5,0.866025403784));
#6692 = ( GEOMETRIC_REPRESENTATION_CONTEXT(2) 
PARAMETRIC_REPRESENTATION_CONTEXT() REPRESENTATION_CONTEXT('2D SPACE',''
  ) );
#6693 = ORIENTED_EDGE('',*,*,#6694,.F.);
#6694 = EDGE_CURVE('',#6695,#6667,#6697,.T.);
#6695 = VERTEX_POINT('',#6696);
#6696 = CARTESIAN_POINT('',(-12.,1.14655E+03,3.28742820323E+03));
#6697 = SURFACE_CURVE('',#6698,(#6702,#6709),.PCURVE_S1.);
#6698 = LINE('',#6699,#6700);
#6699 = CARTESIAN_POINT('',(-12.,1.14655E+03,3.28742820323E+03));
#6700 = VECTOR('',#6701,1.);
#6701 = DIRECTION('',(-1.224646799147E-16,-1.,0.));
#6702 = PCURVE('',#6642,#6703);
#6703 = DEFINITIONAL_REPRESENTATION('',(#6704),#6708);
#6704 = LINE('',#6705,#6706);
#6705 = CARTESIAN_POINT('',(13.856406460551,0.));
#6706 = VECTOR('',#6707,1.);
#6707 = DIRECTION('',(0.,-1.));
#6708 = ( GEOMETRIC_REPRESENTATION_CONTEXT(2) 
PARAMETRIC_REPRESENTATION_CONTEXT() REPRESENTATION_CONTEXT('2D SPACE',''
  ) );
#6709 = PCURVE('',#6710,#6715);
#6710 = PLANE('',#6711);
#6711 = AXIS2_PLACEMENT_3D('',#6712,#6713,#6714);
#6712 = CARTESIAN_POINT('',(-12.,1.14655E+03,3.28742820323E+03));
#6713 = DIRECTION('',(1.,-1.224646799147E-16,-1.281975124256E-16));
#6714 = DIRECTION('',(-1.281975124256E-16,1.569966732506E-32,-1.));
#6715 = DEFINITIONAL_REPRESENTATION('',(#6716),#6720);
#6716 = LINE('',#6717,#6718);
#6717 = CARTESIAN_POINT('',(0.,0.));
#6718 = VECTOR('',#6719,1.);
#6719 = DIRECTION('',(0.,-1.));
#6720 = ( GEOMETRIC_REPRESENTATION_CONTEXT(2) 
PARAMETRIC_REPRESENTATION_CONTEXT() REPRESENTATION_CONTEXT('2D SPACE',''
  ) );
#6721 = ORIENTED_EDGE('',*,*,#6722,.F.);
#6722 = EDGE_CURVE('',#6632,#6695,#6723,.T.);
#6723 = SURFACE_CURVE('',#6724,(#6728,#6735),.PCURVE_S1.);
#6724 = LINE('',#6725,#6726);
#6725 = CARTESIAN_POINT('',(6.69330708074E-14,1.14655E+03,
    3.294356406461E+03));
#6726 = VECTOR('',#6727,1.);
#6727 = DIRECTION('',(-0.866025403784,1.060575238725E-16,-0.5));
#6728 = PCURVE('',#6642,#6729);
#6729 = DEFINITIONAL_REPRESENTATION('',(#6730),#6734);
#6730 = LINE('',#6731,#6732);
#6731 = CARTESIAN_POINT('',(0.,0.));
#6732 = VECTOR('',#6733,1.);
#6733 = DIRECTION('',(1.,0.));
#6734 = ( GEOMETRIC_REPRESENTATION_CONTEXT(2) 
PARAMETRIC_REPRESENTATION_CONTEXT() REPRESENTATION_CONTEXT('2D SPACE',''
  ) );
#6735 = PCURVE('',#6736,#6741);
#6736 = PLANE('',#6737);
#6737 = AXIS2_PLACEMENT_3D('',#6738,#6739,#6740);
#6738 = CARTESIAN_POINT('',(6.727493084053E-14,1.14655E+03,3.2805E+03));
#6739 = DIRECTION('',(-1.224646799147E-16,-1.,0.));
#6740 = DIRECTION('',(0.,0.,1.));
#6741 = DEFINITIONAL_REPRESENTATION('',(#6742),#6746);
#6742 = LINE('',#6743,#6744);
#6743 = CARTESIAN_POINT('',(13.856406460551,3.418600331349E-16));
#6744 = VECTOR('',#6745,1.);
#6745 = DIRECTION('',(-0.5,0.866025403784));
#6746 = ( GEOMETRIC_REPRESENTATION_CONTEXT(2) 
PARAMETRIC_REPRESENTATION_CONTEXT() REPRESENTATION_CONTEXT('2D SPACE',''
  ) );
#6747 = ADVANCED_FACE('',(#6748),#6654,.F.);
#6748 = FACE_BOUND('',#6749,.F.);
#6749 = EDGE_LOOP('',(#6750,#6780,#6801,#6802));
#6750 = ORIENTED_EDGE('',*,*,#6751,.T.);
#6751 = EDGE_CURVE('',#6752,#6754,#6756,.T.);
#6752 = VERTEX_POINT('',#6753);
#6753 = CARTESIAN_POINT('',(12.,1.14655E+03,3.28742820323E+03));
#6754 = VERTEX_POINT('',#6755);
#6755 = CARTESIAN_POINT('',(12.,1.13535E+03,3.28742820323E+03));
#6756 = SURFACE_CURVE('',#6757,(#6761,#6768),.PCURVE_S1.);
#6757 = LINE('',#6758,#6759);
#6758 = CARTESIAN_POINT('',(12.,1.14655E+03,3.28742820323E+03));
#6759 = VECTOR('',#6760,1.);
#6760 = DIRECTION('',(-1.224646799147E-16,-1.,0.));
#6761 = PCURVE('',#6654,#6762);
#6762 = DEFINITIONAL_REPRESENTATION('',(#6763),#6767);
#6763 = LINE('',#6764,#6765);
#6764 = CARTESIAN_POINT('',(0.,0.));
#6765 = VECTOR('',#6766,1.);
#6766 = DIRECTION('',(0.,-1.));
#6767 = ( GEOMETRIC_REPRESENTATION_CONTEXT(2) 
PARAMETRIC_REPRESENTATION_CONTEXT() REPRESENTATION_CONTEXT('2D SPACE',''
  ) );
#6768 = PCURVE('',#6769,#6774);
#6769 = PLANE('',#6770);
#6770 = AXIS2_PLACEMENT_3D('',#6771,#6772,#6773);
#6771 = CARTESIAN_POINT('',(12.,1.14655E+03,3.27357179677E+03));
#6772 = DIRECTION('',(-1.,1.224646799147E-16,2.563950248511E-16));
#6773 = DIRECTION('',(2.563950248511E-16,-3.139933465013E-32,1.));
#6774 = DEFINITIONAL_REPRESENTATION('',(#6775),#6779);
#6775 = LINE('',#6776,#6777);
#6776 = CARTESIAN_POINT('',(13.856406460551,0.));
#6777 = VECTOR('',#6778,1.);
#6778 = DIRECTION('',(0.,-1.));
#6779 = ( GEOMETRIC_REPRESENTATION_CONTEXT(2) 
PARAMETRIC_REPRESENTATION_CONTEXT() REPRESENTATION_CONTEXT('2D SPACE',''
  ) );
#6780 = ORIENTED_EDGE('',*,*,#6781,.T.);
#6781 = EDGE_CURVE('',#6754,#6634,#6782,.T.);
#6782 = SURFACE_CURVE('',#6783,(#6787,#6794),.PCURVE_S1.);
#6783 = LINE('',#6784,#6785);
#6784 = CARTESIAN_POINT('',(12.,1.13535E+03,3.28742820323E+03));
#6785 = VECTOR('',#6786,1.);
#6786 = DIRECTION('',(-0.866025403784,1.060575238725E-16,0.5));
#6787 = PCURVE('',#6654,#6788);
#6788 = DEFINITIONAL_REPRESENTATION('',(#6789),#6793);
#6789 = LINE('',#6790,#6791);
#6790 = CARTESIAN_POINT('',(0.,-11.2));
#6791 = VECTOR('',#6792,1.);
#6792 = DIRECTION('',(1.,0.));
#6793 = ( GEOMETRIC_REPRESENTATION_CONTEXT(2) 
PARAMETRIC_REPRESENTATION_CONTEXT() REPRESENTATION_CONTEXT('2D SPACE',''
  ) );
#6794 = PCURVE('',#6682,#6795);
#6795 = DEFINITIONAL_REPRESENTATION('',(#6796),#6800);
#6796 = LINE('',#6797,#6798);
#6797 = CARTESIAN_POINT('',(6.928203230276,-12.));
#6798 = VECTOR('',#6799,1.);
#6799 = DIRECTION('',(0.5,0.866025403784));
#6800 = ( GEOMETRIC_REPRESENTATION_CONTEXT(2) 
PARAMETRIC_REPRESENTATION_CONTEXT() REPRESENTATION_CONTEXT('2D SPACE',''
  ) );
#6801 = ORIENTED_EDGE('',*,*,#6631,.F.);
#6802 = ORIENTED_EDGE('',*,*,#6803,.F.);
#6803 = EDGE_CURVE('',#6752,#6632,#6804,.T.);
#6804 = SURFACE_CURVE('',#6805,(#6809,#6816),.PCURVE_S1.);
#6805 = LINE('',#6806,#6807);
#6806 = CARTESIAN_POINT('',(12.,1.14655E+03,3.28742820323E+03));
#6807 = VECTOR('',#6808,1.);
#6808 = DIRECTION('',(-0.866025403784,1.060575238725E-16,0.5));
#6809 = PCURVE('',#6654,#6810);
#6810 = DEFINITIONAL_REPRESENTATION('',(#6811),#6815);
#6811 = LINE('',#6812,#6813);
#6812 = CARTESIAN_POINT('',(0.,0.));
#6813 = VECTOR('',#6814,1.);
#6814 = DIRECTION('',(1.,0.));
#6815 = ( GEOMETRIC_REPRESENTATION_CONTEXT(2) 
PARAMETRIC_REPRESENTATION_CONTEXT() REPRESENTATION_CONTEXT('2D SPACE',''
  ) );
#6816 = PCURVE('',#6736,#6817);
#6817 = DEFINITIONAL_REPRESENTATION('',(#6818),#6822);
#6818 = LINE('',#6819,#6820);
#6819 = CARTESIAN_POINT('',(6.928203230276,-12.));
#6820 = VECTOR('',#6821,1.);
#6821 = DIRECTION('',(0.5,0.866025403784));
#6822 = ( GEOMETRIC_REPRESENTATION_CONTEXT(2) 
PARAMETRIC_REPRESENTATION_CONTEXT() REPRESENTATION_CONTEXT('2D SPACE',''
  ) );
#6823 = ADVANCED_FACE('',(#6824),#6710,.F.);
#6824 = FACE_BOUND('',#6825,.F.);
#6825 = EDGE_LOOP('',(#6826,#6827,#6850,#6878));
#6826 = ORIENTED_EDGE('',*,*,#6694,.T.);
#6827 = ORIENTED_EDGE('',*,*,#6828,.T.);
#6828 = EDGE_CURVE('',#6667,#6829,#6831,.T.);
#6829 = VERTEX_POINT('',#6830);
#6830 = CARTESIAN_POINT('',(-12.,1.13535E+03,3.27357179677E+03));
#6831 = SURFACE_CURVE('',#6832,(#6836,#6843),.PCURVE_S1.);
#6832 = LINE('',#6833,#6834);
#6833 = CARTESIAN_POINT('',(-12.,1.13535E+03,3.28742820323E+03));
#6834 = VECTOR('',#6835,1.);
#6835 = DIRECTION('',(-1.281975124256E-16,1.569966732506E-32,-1.));
#6836 = PCURVE('',#6710,#6837);
#6837 = DEFINITIONAL_REPRESENTATION('',(#6838),#6842);
#6838 = LINE('',#6839,#6840);
#6839 = CARTESIAN_POINT('',(0.,-11.2));
#6840 = VECTOR('',#6841,1.);
#6841 = DIRECTION('',(1.,0.));
#6842 = ( GEOMETRIC_REPRESENTATION_CONTEXT(2) 
PARAMETRIC_REPRESENTATION_CONTEXT() REPRESENTATION_CONTEXT('2D SPACE',''
  ) );
#6843 = PCURVE('',#6682,#6844);
#6844 = DEFINITIONAL_REPRESENTATION('',(#6845),#6849);
#6845 = LINE('',#6846,#6847);
#6846 = CARTESIAN_POINT('',(6.928203230276,12.));
#6847 = VECTOR('',#6848,1.);
#6848 = DIRECTION('',(-1.,1.281975124256E-16));
#6849 = ( GEOMETRIC_REPRESENTATION_CONTEXT(2) 
PARAMETRIC_REPRESENTATION_CONTEXT() REPRESENTATION_CONTEXT('2D SPACE',''
  ) );
#6850 = ORIENTED_EDGE('',*,*,#6851,.F.);
#6851 = EDGE_CURVE('',#6852,#6829,#6854,.T.);
#6852 = VERTEX_POINT('',#6853);
#6853 = CARTESIAN_POINT('',(-12.,1.14655E+03,3.27357179677E+03));
#6854 = SURFACE_CURVE('',#6855,(#6859,#6866),.PCURVE_S1.);
#6855 = LINE('',#6856,#6857);
#6856 = CARTESIAN_POINT('',(-12.,1.14655E+03,3.27357179677E+03));
#6857 = VECTOR('',#6858,1.);
#6858 = DIRECTION('',(-1.224646799147E-16,-1.,0.));
#6859 = PCURVE('',#6710,#6860);
#6860 = DEFINITIONAL_REPRESENTATION('',(#6861),#6865);
#6861 = LINE('',#6862,#6863);
#6862 = CARTESIAN_POINT('',(13.856406460551,0.));
#6863 = VECTOR('',#6864,1.);
#6864 = DIRECTION('',(0.,-1.));
#6865 = ( GEOMETRIC_REPRESENTATION_CONTEXT(2) 
PARAMETRIC_REPRESENTATION_CONTEXT() REPRESENTATION_CONTEXT('2D SPACE',''
  ) );
#6866 = PCURVE('',#6867,#6872);
#6867 = PLANE('',#6868);
#6868 = AXIS2_PLACEMENT_3D('',#6869,#6870,#6871);
#6869 = CARTESIAN_POINT('',(-12.,1.14655E+03,3.27357179677E+03));
#6870 = DIRECTION('',(0.5,-6.123233995737E-17,0.866025403784));
#6871 = DIRECTION('',(0.866025403784,-1.060575238725E-16,-0.5));
#6872 = DEFINITIONAL_REPRESENTATION('',(#6873),#6877);
#6873 = LINE('',#6874,#6875);
#6874 = CARTESIAN_POINT('',(0.,0.));
#6875 = VECTOR('',#6876,1.);
#6876 = DIRECTION('',(0.,-1.));
#6877 = ( GEOMETRIC_REPRESENTATION_CONTEXT(2) 
PARAMETRIC_REPRESENTATION_CONTEXT() REPRESENTATION_CONTEXT('2D SPACE',''
  ) );
#6878 = ORIENTED_EDGE('',*,*,#6879,.F.);
#6879 = EDGE_CURVE('',#6695,#6852,#6880,.T.);
#6880 = SURFACE_CURVE('',#6881,(#6885,#6892),.PCURVE_S1.);
#6881 = LINE('',#6882,#6883);
#6882 = CARTESIAN_POINT('',(-12.,1.14655E+03,3.28742820323E+03));
#6883 = VECTOR('',#6884,1.);
#6884 = DIRECTION('',(-1.281975124256E-16,1.569966732506E-32,-1.));
#6885 = PCURVE('',#6710,#6886);
#6886 = DEFINITIONAL_REPRESENTATION('',(#6887),#6891);
#6887 = LINE('',#6888,#6889);
#6888 = CARTESIAN_POINT('',(0.,0.));
#6889 = VECTOR('',#6890,1.);
#6890 = DIRECTION('',(1.,0.));
#6891 = ( GEOMETRIC_REPRESENTATION_CONTEXT(2) 
PARAMETRIC_REPRESENTATION_CONTEXT() REPRESENTATION_CONTEXT('2D SPACE',''
  ) );
#6892 = PCURVE('',#6736,#6893);
#6893 = DEFINITIONAL_REPRESENTATION('',(#6894),#6898);
#6894 = LINE('',#6895,#6896);
#6895 = CARTESIAN_POINT('',(6.928203230276,12.));
#6896 = VECTOR('',#6897,1.);
#6897 = DIRECTION('',(-1.,1.281975124256E-16));
#6898 = ( GEOMETRIC_REPRESENTATION_CONTEXT(2) 
PARAMETRIC_REPRESENTATION_CONTEXT() REPRESENTATION_CONTEXT('2D SPACE',''
  ) );
#6899 = ADVANCED_FACE('',(#6900,#6977),#6736,.F.);
#6900 = FACE_BOUND('',#6901,.F.);
#6901 = EDGE_LOOP('',(#6902,#6903,#6904,#6927,#6955,#6976));
#6902 = ORIENTED_EDGE('',*,*,#6722,.T.);
#6903 = ORIENTED_EDGE('',*,*,#6879,.T.);
#6904 = ORIENTED_EDGE('',*,*,#6905,.T.);
#6905 = EDGE_CURVE('',#6852,#6906,#6908,.T.);
#6906 = VERTEX_POINT('',#6907);
#6907 = CARTESIAN_POINT('',(6.523615042544E-14,1.14655E+03,
    3.266643593539E+03));
#6908 = SURFACE_CURVE('',#6909,(#6913,#6920),.PCURVE_S1.);
#6909 = LINE('',#6910,#6911);
#6910 = CARTESIAN_POINT('',(-12.,1.14655E+03,3.27357179677E+03));
#6911 = VECTOR('',#6912,1.);
#6912 = DIRECTION('',(0.866025403784,-1.060575238725E-16,-0.5));
#6913 = PCURVE('',#6736,#6914);
#6914 = DEFINITIONAL_REPRESENTATION('',(#6915),#6919);
#6915 = LINE('',#6916,#6917);
#6916 = CARTESIAN_POINT('',(-6.928203230276,12.));
#6917 = VECTOR('',#6918,1.);
#6918 = DIRECTION('',(-0.5,-0.866025403784));
#6919 = ( GEOMETRIC_REPRESENTATION_CONTEXT(2) 
PARAMETRIC_REPRESENTATION_CONTEXT() REPRESENTATION_CONTEXT('2D SPACE',''
  ) );
#6920 = PCURVE('',#6867,#6921);
#6921 = DEFINITIONAL_REPRESENTATION('',(#6922),#6926);
#6922 = LINE('',#6923,#6924);
#6923 = CARTESIAN_POINT('',(0.,0.));
#6924 = VECTOR('',#6925,1.);
#6925 = DIRECTION('',(1.,0.));
#6926 = ( GEOMETRIC_REPRESENTATION_CONTEXT(2) 
PARAMETRIC_REPRESENTATION_CONTEXT() REPRESENTATION_CONTEXT('2D SPACE',''
  ) );
#6927 = ORIENTED_EDGE('',*,*,#6928,.T.);
#6928 = EDGE_CURVE('',#6906,#6929,#6931,.T.);
#6929 = VERTEX_POINT('',#6930);
#6930 = CARTESIAN_POINT('',(12.,1.14655E+03,3.27357179677E+03));
#6931 = SURFACE_CURVE('',#6932,(#6936,#6943),.PCURVE_S1.);
#6932 = LINE('',#6933,#6934);
#6933 = CARTESIAN_POINT('',(6.523615042544E-14,1.14655E+03,
    3.266643593539E+03));
#6934 = VECTOR('',#6935,1.);
#6935 = DIRECTION('',(0.866025403784,-1.060575238725E-16,0.5));
#6936 = PCURVE('',#6736,#6937);
#6937 = DEFINITIONAL_REPRESENTATION('',(#6938),#6942);
#6938 = LINE('',#6939,#6940);
#6939 = CARTESIAN_POINT('',(-13.85640646055,2.038780415095E-15));
#6940 = VECTOR('',#6941,1.);
#6941 = DIRECTION('',(0.5,-0.866025403784));
#6942 = ( GEOMETRIC_REPRESENTATION_CONTEXT(2) 
PARAMETRIC_REPRESENTATION_CONTEXT() REPRESENTATION_CONTEXT('2D SPACE',''
  ) );
#6943 = PCURVE('',#6944,#6949);
#6944 = PLANE('',#6945);
#6945 = AXIS2_PLACEMENT_3D('',#6946,#6947,#6948);
#6946 = CARTESIAN_POINT('',(6.523615042544E-14,1.14655E+03,
    3.266643593539E+03));
#6947 = DIRECTION('',(-0.5,6.123233995737E-17,0.866025403784));
#6948 = DIRECTION('',(0.866025403784,-1.060575238725E-16,0.5));
#6949 = DEFINITIONAL_REPRESENTATION('',(#6950),#6954);
#6950 = LINE('',#6951,#6952);
#6951 = CARTESIAN_POINT('',(0.,0.));
#6952 = VECTOR('',#6953,1.);
#6953 = DIRECTION('',(1.,0.));
#6954 = ( GEOMETRIC_REPRESENTATION_CONTEXT(2) 
PARAMETRIC_REPRESENTATION_CONTEXT() REPRESENTATION_CONTEXT('2D SPACE',''
  ) );
#6955 = ORIENTED_EDGE('',*,*,#6956,.T.);
#6956 = EDGE_CURVE('',#6929,#6752,#6957,.T.);
#6957 = SURFACE_CURVE('',#6958,(#6962,#6969),.PCURVE_S1.);
#6958 = LINE('',#6959,#6960);
#6959 = CARTESIAN_POINT('',(12.,1.14655E+03,3.27357179677E+03));
#6960 = VECTOR('',#6961,1.);
#6961 = DIRECTION('',(2.563950248511E-16,-3.139933465013E-32,1.));
#6962 = PCURVE('',#6736,#6963);
#6963 = DEFINITIONAL_REPRESENTATION('',(#6964),#6968);
#6964 = LINE('',#6965,#6966);
#6965 = CARTESIAN_POINT('',(-6.928203230276,-12.));
#6966 = VECTOR('',#6967,1.);
#6967 = DIRECTION('',(1.,-2.563950248511E-16));
#6968 = ( GEOMETRIC_REPRESENTATION_CONTEXT(2) 
PARAMETRIC_REPRESENTATION_CONTEXT() REPRESENTATION_CONTEXT('2D SPACE',''
  ) );
#6969 = PCURVE('',#6769,#6970);
#6970 = DEFINITIONAL_REPRESENTATION('',(#6971),#6975);
#6971 = LINE('',#6972,#6973);
#6972 = CARTESIAN_POINT('',(0.,0.));
#6973 = VECTOR('',#6974,1.);
#6974 = DIRECTION('',(1.,0.));
#6975 = ( GEOMETRIC_REPRESENTATION_CONTEXT(2) 
PARAMETRIC_REPRESENTATION_CONTEXT() REPRESENTATION_CONTEXT('2D SPACE',''
  ) );
#6976 = ORIENTED_EDGE('',*,*,#6803,.T.);
#6977 = FACE_BOUND('',#6978,.F.);
#6978 = EDGE_LOOP('',(#6979));
#6979 = ORIENTED_EDGE('',*,*,#6980,.F.);
#6980 = EDGE_CURVE('',#6981,#6981,#6983,.T.);
#6981 = VERTEX_POINT('',#6982);
#6982 = CARTESIAN_POINT('',(6.889250568603E-14,1.14655E+03,3.2885E+03));
#6983 = SURFACE_CURVE('',#6984,(#6989,#6996),.PCURVE_S1.);
#6984 = CIRCLE('',#6985,8.);
#6985 = AXIS2_PLACEMENT_3D('',#6986,#6987,#6988);
#6986 = CARTESIAN_POINT('',(6.69330708074E-14,1.14655E+03,3.2805E+03));
#6987 = DIRECTION('',(-1.224646799147E-16,-1.,0.));
#6988 = DIRECTION('',(0.,0.,1.));
#6989 = PCURVE('',#6736,#6990);
#6990 = DEFINITIONAL_REPRESENTATION('',(#6991),#6995);
#6991 = CIRCLE('',#6992,8.);
#6992 = AXIS2_PLACEMENT_2D('',#6993,#6994);
#6993 = CARTESIAN_POINT('',(1.709300165674E-16,3.418600331349E-16));
#6994 = DIRECTION('',(1.,0.));
#6995 = ( GEOMETRIC_REPRESENTATION_CONTEXT(2) 
PARAMETRIC_REPRESENTATION_CONTEXT() REPRESENTATION_CONTEXT('2D SPACE',''
  ) );
#6996 = PCURVE('',#6997,#7002);
#6997 = CYLINDRICAL_SURFACE('',#6998,8.);
#6998 = AXIS2_PLACEMENT_3D('',#6999,#7000,#7001);
#6999 = CARTESIAN_POINT('',(8.002454509028E-14,1.25345E+03,3.2805E+03));
#7000 = DIRECTION('',(-1.224646799147E-16,-1.,0.));
#7001 = DIRECTION('',(0.,0.,1.));
#7002 = DEFINITIONAL_REPRESENTATION('',(#7003),#7007);
#7003 = LINE('',#7004,#7005);
#7004 = CARTESIAN_POINT('',(0.,106.9));
#7005 = VECTOR('',#7006,1.);
#7006 = DIRECTION('',(1.,0.));
#7007 = ( GEOMETRIC_REPRESENTATION_CONTEXT(2) 
PARAMETRIC_REPRESENTATION_CONTEXT() REPRESENTATION_CONTEXT('2D SPACE',''
  ) );
#7008 = ADVANCED_FACE('',(#7009),#6682,.T.);
#7009 = FACE_BOUND('',#7010,.T.);
#7010 = EDGE_LOOP('',(#7011,#7012,#7013,#7036,#7059,#7080));
#7011 = ORIENTED_EDGE('',*,*,#6666,.T.);
#7012 = ORIENTED_EDGE('',*,*,#6828,.T.);
#7013 = ORIENTED_EDGE('',*,*,#7014,.T.);
#7014 = EDGE_CURVE('',#6829,#7015,#7017,.T.);
#7015 = VERTEX_POINT('',#7016);
#7016 = CARTESIAN_POINT('',(6.386454601039E-14,1.13535E+03,
    3.266643593539E+03));
#7017 = SURFACE_CURVE('',#7018,(#7022,#7029),.PCURVE_S1.);
#7018 = LINE('',#7019,#7020);
#7019 = CARTESIAN_POINT('',(-12.,1.13535E+03,3.27357179677E+03));
#7020 = VECTOR('',#7021,1.);
#7021 = DIRECTION('',(0.866025403784,-1.060575238725E-16,-0.5));
#7022 = PCURVE('',#6682,#7023);
#7023 = DEFINITIONAL_REPRESENTATION('',(#7024),#7028);
#7024 = LINE('',#7025,#7026);
#7025 = CARTESIAN_POINT('',(-6.928203230276,12.));
#7026 = VECTOR('',#7027,1.);
#7027 = DIRECTION('',(-0.5,-0.866025403784));
#7028 = ( GEOMETRIC_REPRESENTATION_CONTEXT(2) 
PARAMETRIC_REPRESENTATION_CONTEXT() REPRESENTATION_CONTEXT('2D SPACE',''
  ) );
#7029 = PCURVE('',#6867,#7030);
#7030 = DEFINITIONAL_REPRESENTATION('',(#7031),#7035);
#7031 = LINE('',#7032,#7033);
#7032 = CARTESIAN_POINT('',(0.,-11.2));
#7033 = VECTOR('',#7034,1.);
#7034 = DIRECTION('',(1.,0.));
#7035 = ( GEOMETRIC_REPRESENTATION_CONTEXT(2) 
PARAMETRIC_REPRESENTATION_CONTEXT() REPRESENTATION_CONTEXT('2D SPACE',''
  ) );
#7036 = ORIENTED_EDGE('',*,*,#7037,.T.);
#7037 = EDGE_CURVE('',#7015,#7038,#7040,.T.);
#7038 = VERTEX_POINT('',#7039);
#7039 = CARTESIAN_POINT('',(12.,1.13535E+03,3.27357179677E+03));
#7040 = SURFACE_CURVE('',#7041,(#7045,#7052),.PCURVE_S1.);
#7041 = LINE('',#7042,#7043);
#7042 = CARTESIAN_POINT('',(6.386454601039E-14,1.13535E+03,
    3.266643593539E+03));
#7043 = VECTOR('',#7044,1.);
#7044 = DIRECTION('',(0.866025403784,-1.060575238725E-16,0.5));
#7045 = PCURVE('',#6682,#7046);
#7046 = DEFINITIONAL_REPRESENTATION('',(#7047),#7051);
#7047 = LINE('',#7048,#7049);
#7048 = CARTESIAN_POINT('',(-13.85640646055,2.038780415095E-15));
#7049 = VECTOR('',#7050,1.);
#7050 = DIRECTION('',(0.5,-0.866025403784));
#7051 = ( GEOMETRIC_REPRESENTATION_CONTEXT(2) 
PARAMETRIC_REPRESENTATION_CONTEXT() REPRESENTATION_CONTEXT('2D SPACE',''
  ) );
#7052 = PCURVE('',#6944,#7053);
#7053 = DEFINITIONAL_REPRESENTATION('',(#7054),#7058);
#7054 = LINE('',#7055,#7056);
#7055 = CARTESIAN_POINT('',(0.,-11.2));
#7056 = VECTOR('',#7057,1.);
#7057 = DIRECTION('',(1.,0.));
#7058 = ( GEOMETRIC_REPRESENTATION_CONTEXT(2) 
PARAMETRIC_REPRESENTATION_CONTEXT() REPRESENTATION_CONTEXT('2D SPACE',''
  ) );
#7059 = ORIENTED_EDGE('',*,*,#7060,.T.);
#7060 = EDGE_CURVE('',#7038,#6754,#7061,.T.);
#7061 = SURFACE_CURVE('',#7062,(#7066,#7073),.PCURVE_S1.);
#7062 = LINE('',#7063,#7064);
#7063 = CARTESIAN_POINT('',(12.,1.13535E+03,3.27357179677E+03));
#7064 = VECTOR('',#7065,1.);
#7065 = DIRECTION('',(2.563950248511E-16,-3.139933465013E-32,1.));
#7066 = PCURVE('',#6682,#7067);
#7067 = DEFINITIONAL_REPRESENTATION('',(#7068),#7072);
#7068 = LINE('',#7069,#7070);
#7069 = CARTESIAN_POINT('',(-6.928203230276,-12.));
#7070 = VECTOR('',#7071,1.);
#7071 = DIRECTION('',(1.,-2.563950248511E-16));
#7072 = ( GEOMETRIC_REPRESENTATION_CONTEXT(2) 
PARAMETRIC_REPRESENTATION_CONTEXT() REPRESENTATION_CONTEXT('2D SPACE',''
  ) );
#7073 = PCURVE('',#6769,#7074);
#7074 = DEFINITIONAL_REPRESENTATION('',(#7075),#7079);
#7075 = LINE('',#7076,#7077);
#7076 = CARTESIAN_POINT('',(0.,-11.2));
#7077 = VECTOR('',#7078,1.);
#7078 = DIRECTION('',(1.,0.));
#7079 = ( GEOMETRIC_REPRESENTATION_CONTEXT(2) 
PARAMETRIC_REPRESENTATION_CONTEXT() REPRESENTATION_CONTEXT('2D SPACE',''
  ) );
#7080 = ORIENTED_EDGE('',*,*,#6781,.T.);
#7081 = ADVANCED_FACE('',(#7082),#6769,.F.);
#7082 = FACE_BOUND('',#7083,.F.);
#7083 = EDGE_LOOP('',(#7084,#7105,#7106,#7107));
#7084 = ORIENTED_EDGE('',*,*,#7085,.T.);
#7085 = EDGE_CURVE('',#6929,#7038,#7086,.T.);
#7086 = SURFACE_CURVE('',#7087,(#7091,#7098),.PCURVE_S1.);
#7087 = LINE('',#7088,#7089);
#7088 = CARTESIAN_POINT('',(12.,1.14655E+03,3.27357179677E+03));
#7089 = VECTOR('',#7090,1.);
#7090 = DIRECTION('',(-1.224646799147E-16,-1.,0.));
#7091 = PCURVE('',#6769,#7092);
#7092 = DEFINITIONAL_REPRESENTATION('',(#7093),#7097);
#7093 = LINE('',#7094,#7095);
#7094 = CARTESIAN_POINT('',(0.,0.));
#7095 = VECTOR('',#7096,1.);
#7096 = DIRECTION('',(0.,-1.));
#7097 = ( GEOMETRIC_REPRESENTATION_CONTEXT(2) 
PARAMETRIC_REPRESENTATION_CONTEXT() REPRESENTATION_CONTEXT('2D SPACE',''
  ) );
#7098 = PCURVE('',#6944,#7099);
#7099 = DEFINITIONAL_REPRESENTATION('',(#7100),#7104);
#7100 = LINE('',#7101,#7102);
#7101 = CARTESIAN_POINT('',(13.856406460551,0.));
#7102 = VECTOR('',#7103,1.);
#7103 = DIRECTION('',(0.,-1.));
#7104 = ( GEOMETRIC_REPRESENTATION_CONTEXT(2) 
PARAMETRIC_REPRESENTATION_CONTEXT() REPRESENTATION_CONTEXT('2D SPACE',''
  ) );
#7105 = ORIENTED_EDGE('',*,*,#7060,.T.);
#7106 = ORIENTED_EDGE('',*,*,#6751,.F.);
#7107 = ORIENTED_EDGE('',*,*,#6956,.F.);
#7108 = ADVANCED_FACE('',(#7109),#6867,.F.);
#7109 = FACE_BOUND('',#7110,.F.);
#7110 = EDGE_LOOP('',(#7111,#7112,#7113,#7134));
#7111 = ORIENTED_EDGE('',*,*,#6851,.T.);
#7112 = ORIENTED_EDGE('',*,*,#7014,.T.);
#7113 = ORIENTED_EDGE('',*,*,#7114,.F.);
#7114 = EDGE_CURVE('',#6906,#7015,#7115,.T.);
#7115 = SURFACE_CURVE('',#7116,(#7120,#7127),.PCURVE_S1.);
#7116 = LINE('',#7117,#7118);
#7117 = CARTESIAN_POINT('',(6.523615042544E-14,1.14655E+03,
    3.266643593539E+03));
#7118 = VECTOR('',#7119,1.);
#7119 = DIRECTION('',(-1.224646799147E-16,-1.,0.));
#7120 = PCURVE('',#6867,#7121);
#7121 = DEFINITIONAL_REPRESENTATION('',(#7122),#7126);
#7122 = LINE('',#7123,#7124);
#7123 = CARTESIAN_POINT('',(13.856406460551,0.));
#7124 = VECTOR('',#7125,1.);
#7125 = DIRECTION('',(0.,-1.));
#7126 = ( GEOMETRIC_REPRESENTATION_CONTEXT(2) 
PARAMETRIC_REPRESENTATION_CONTEXT() REPRESENTATION_CONTEXT('2D SPACE',''
  ) );
#7127 = PCURVE('',#6944,#7128);
#7128 = DEFINITIONAL_REPRESENTATION('',(#7129),#7133);
#7129 = LINE('',#7130,#7131);
#7130 = CARTESIAN_POINT('',(0.,0.));
#7131 = VECTOR('',#7132,1.);
#7132 = DIRECTION('',(0.,-1.));
#7133 = ( GEOMETRIC_REPRESENTATION_CONTEXT(2) 
PARAMETRIC_REPRESENTATION_CONTEXT() REPRESENTATION_CONTEXT('2D SPACE',''
  ) );
#7134 = ORIENTED_EDGE('',*,*,#6905,.F.);
#7135 = ADVANCED_FACE('',(#7136),#6944,.F.);
#7136 = FACE_BOUND('',#7137,.F.);
#7137 = EDGE_LOOP('',(#7138,#7139,#7140,#7141));
#7138 = ORIENTED_EDGE('',*,*,#7114,.T.);
#7139 = ORIENTED_EDGE('',*,*,#7037,.T.);
#7140 = ORIENTED_EDGE('',*,*,#7085,.F.);
#7141 = ORIENTED_EDGE('',*,*,#6928,.F.);
#7142 = ADVANCED_FACE('',(#7143),#6997,.T.);
#7143 = FACE_BOUND('',#7144,.T.);
#7144 = EDGE_LOOP('',(#7145,#7146,#7169,#7196));
#7145 = ORIENTED_EDGE('',*,*,#6980,.F.);
#7146 = ORIENTED_EDGE('',*,*,#7147,.F.);
#7147 = EDGE_CURVE('',#7148,#6981,#7150,.T.);
#7148 = VERTEX_POINT('',#7149);
#7149 = CARTESIAN_POINT('',(8.198397996892E-14,1.25345E+03,3.2885E+03));
#7150 = SEAM_CURVE('',#7151,(#7155,#7162),.PCURVE_S1.);
#7151 = LINE('',#7152,#7153);
#7152 = CARTESIAN_POINT('',(8.198397996892E-14,1.25345E+03,3.2885E+03));
#7153 = VECTOR('',#7154,1.);
#7154 = DIRECTION('',(-1.224646799147E-16,-1.,0.));
#7155 = PCURVE('',#6997,#7156);
#7156 = DEFINITIONAL_REPRESENTATION('',(#7157),#7161);
#7157 = LINE('',#7158,#7159);
#7158 = CARTESIAN_POINT('',(6.28318530718,-0.));
#7159 = VECTOR('',#7160,1.);
#7160 = DIRECTION('',(0.,1.));
#7161 = ( GEOMETRIC_REPRESENTATION_CONTEXT(2) 
PARAMETRIC_REPRESENTATION_CONTEXT() REPRESENTATION_CONTEXT('2D SPACE',''
  ) );
#7162 = PCURVE('',#6997,#7163);
#7163 = DEFINITIONAL_REPRESENTATION('',(#7164),#7168);
#7164 = LINE('',#7165,#7166);
#7165 = CARTESIAN_POINT('',(0.,-0.));
#7166 = VECTOR('',#7167,1.);
#7167 = DIRECTION('',(0.,1.));
#7168 = ( GEOMETRIC_REPRESENTATION_CONTEXT(2) 
PARAMETRIC_REPRESENTATION_CONTEXT() REPRESENTATION_CONTEXT('2D SPACE',''
  ) );
#7169 = ORIENTED_EDGE('',*,*,#7170,.T.);
#7170 = EDGE_CURVE('',#7148,#7148,#7171,.T.);
#7171 = SURFACE_CURVE('',#7172,(#7177,#7184),.PCURVE_S1.);
#7172 = CIRCLE('',#7173,8.);
#7173 = AXIS2_PLACEMENT_3D('',#7174,#7175,#7176);
#7174 = CARTESIAN_POINT('',(8.002454509028E-14,1.25345E+03,3.2805E+03));
#7175 = DIRECTION('',(-1.224646799147E-16,-1.,0.));
#7176 = DIRECTION('',(0.,0.,1.));
#7177 = PCURVE('',#6997,#7178);
#7178 = DEFINITIONAL_REPRESENTATION('',(#7179),#7183);
#7179 = LINE('',#7180,#7181);
#7180 = CARTESIAN_POINT('',(0.,0.));
#7181 = VECTOR('',#7182,1.);
#7182 = DIRECTION('',(1.,0.));
#7183 = ( GEOMETRIC_REPRESENTATION_CONTEXT(2) 
PARAMETRIC_REPRESENTATION_CONTEXT() REPRESENTATION_CONTEXT('2D SPACE',''
  ) );
#7184 = PCURVE('',#7185,#7190);
#7185 = PLANE('',#7186);
#7186 = AXIS2_PLACEMENT_3D('',#7187,#7188,#7189);
#7187 = CARTESIAN_POINT('',(8.036640512342E-14,1.25345E+03,3.2805E+03));
#7188 = DIRECTION('',(-1.224646799147E-16,-1.,0.));
#7189 = DIRECTION('',(0.,0.,1.));
#7190 = DEFINITIONAL_REPRESENTATION('',(#7191),#7195);
#7191 = CIRCLE('',#7192,8.);
#7192 = AXIS2_PLACEMENT_2D('',#7193,#7194);
#7193 = CARTESIAN_POINT('',(1.709300165674E-16,3.418600331349E-16));
#7194 = DIRECTION('',(1.,0.));
#7195 = ( GEOMETRIC_REPRESENTATION_CONTEXT(2) 
PARAMETRIC_REPRESENTATION_CONTEXT() REPRESENTATION_CONTEXT('2D SPACE',''
  ) );
#7196 = ORIENTED_EDGE('',*,*,#7147,.T.);
#7197 = ADVANCED_FACE('',(#7198,#7368),#7185,.T.);
#7198 = FACE_BOUND('',#7199,.T.);
#7199 = EDGE_LOOP('',(#7200,#7230,#7258,#7286,#7314,#7342));
#7200 = ORIENTED_EDGE('',*,*,#7201,.T.);
#7201 = EDGE_CURVE('',#7202,#7204,#7206,.T.);
#7202 = VERTEX_POINT('',#7203);
#7203 = CARTESIAN_POINT('',(8.002454509028E-14,1.25345E+03,
    3.294356406461E+03));
#7204 = VERTEX_POINT('',#7205);
#7205 = CARTESIAN_POINT('',(-12.,1.25345E+03,3.28742820323E+03));
#7206 = SURFACE_CURVE('',#7207,(#7211,#7218),.PCURVE_S1.);
#7207 = LINE('',#7208,#7209);
#7208 = CARTESIAN_POINT('',(8.002454509028E-14,1.25345E+03,
    3.294356406461E+03));
#7209 = VECTOR('',#7210,1.);
#7210 = DIRECTION('',(-0.866025403784,1.060575238725E-16,-0.5));
#7211 = PCURVE('',#7185,#7212);
#7212 = DEFINITIONAL_REPRESENTATION('',(#7213),#7217);
#7213 = LINE('',#7214,#7215);
#7214 = CARTESIAN_POINT('',(13.856406460551,3.418600331349E-16));
#7215 = VECTOR('',#7216,1.);
#7216 = DIRECTION('',(-0.5,0.866025403784));
#7217 = ( GEOMETRIC_REPRESENTATION_CONTEXT(2) 
PARAMETRIC_REPRESENTATION_CONTEXT() REPRESENTATION_CONTEXT('2D SPACE',''
  ) );
#7218 = PCURVE('',#7219,#7224);
#7219 = PLANE('',#7220);
#7220 = AXIS2_PLACEMENT_3D('',#7221,#7222,#7223);
#7221 = CARTESIAN_POINT('',(8.139614950533E-14,1.26465E+03,
    3.294356406461E+03));
#7222 = DIRECTION('',(0.5,-6.123233995737E-17,-0.866025403784));
#7223 = DIRECTION('',(-0.866025403784,1.060575238725E-16,-0.5));
#7224 = DEFINITIONAL_REPRESENTATION('',(#7225),#7229);
#7225 = LINE('',#7226,#7227);
#7226 = CARTESIAN_POINT('',(0.,-11.2));
#7227 = VECTOR('',#7228,1.);
#7228 = DIRECTION('',(1.,0.));
#7229 = ( GEOMETRIC_REPRESENTATION_CONTEXT(2) 
PARAMETRIC_REPRESENTATION_CONTEXT() REPRESENTATION_CONTEXT('2D SPACE',''
  ) );
#7230 = ORIENTED_EDGE('',*,*,#7231,.T.);
#7231 = EDGE_CURVE('',#7204,#7232,#7234,.T.);
#7232 = VERTEX_POINT('',#7233);
#7233 = CARTESIAN_POINT('',(-12.,1.25345E+03,3.27357179677E+03));
#7234 = SURFACE_CURVE('',#7235,(#7239,#7246),.PCURVE_S1.);
#7235 = LINE('',#7236,#7237);
#7236 = CARTESIAN_POINT('',(-12.,1.25345E+03,3.28742820323E+03));
#7237 = VECTOR('',#7238,1.);
#7238 = DIRECTION('',(-1.281975124256E-16,1.569966732506E-32,-1.));
#7239 = PCURVE('',#7185,#7240);
#7240 = DEFINITIONAL_REPRESENTATION('',(#7241),#7245);
#7241 = LINE('',#7242,#7243);
#7242 = CARTESIAN_POINT('',(6.928203230276,12.));
#7243 = VECTOR('',#7244,1.);
#7244 = DIRECTION('',(-1.,1.281975124256E-16));
#7245 = ( GEOMETRIC_REPRESENTATION_CONTEXT(2) 
PARAMETRIC_REPRESENTATION_CONTEXT() REPRESENTATION_CONTEXT('2D SPACE',''
  ) );
#7246 = PCURVE('',#7247,#7252);
#7247 = PLANE('',#7248);
#7248 = AXIS2_PLACEMENT_3D('',#7249,#7250,#7251);
#7249 = CARTESIAN_POINT('',(-12.,1.26465E+03,3.28742820323E+03));
#7250 = DIRECTION('',(1.,-1.224646799147E-16,-1.281975124256E-16));
#7251 = DIRECTION('',(-1.281975124256E-16,1.569966732506E-32,-1.));
#7252 = DEFINITIONAL_REPRESENTATION('',(#7253),#7257);
#7253 = LINE('',#7254,#7255);
#7254 = CARTESIAN_POINT('',(0.,-11.2));
#7255 = VECTOR('',#7256,1.);
#7256 = DIRECTION('',(1.,0.));
#7257 = ( GEOMETRIC_REPRESENTATION_CONTEXT(2) 
PARAMETRIC_REPRESENTATION_CONTEXT() REPRESENTATION_CONTEXT('2D SPACE',''
  ) );
#7258 = ORIENTED_EDGE('',*,*,#7259,.T.);
#7259 = EDGE_CURVE('',#7232,#7260,#7262,.T.);
#7260 = VERTEX_POINT('',#7261);
#7261 = CARTESIAN_POINT('',(7.832762470832E-14,1.25345E+03,
    3.266643593539E+03));
#7262 = SURFACE_CURVE('',#7263,(#7267,#7274),.PCURVE_S1.);
#7263 = LINE('',#7264,#7265);
#7264 = CARTESIAN_POINT('',(-12.,1.25345E+03,3.27357179677E+03));
#7265 = VECTOR('',#7266,1.);
#7266 = DIRECTION('',(0.866025403784,-1.060575238725E-16,-0.5));
#7267 = PCURVE('',#7185,#7268);
#7268 = DEFINITIONAL_REPRESENTATION('',(#7269),#7273);
#7269 = LINE('',#7270,#7271);
#7270 = CARTESIAN_POINT('',(-6.928203230276,12.));
#7271 = VECTOR('',#7272,1.);
#7272 = DIRECTION('',(-0.5,-0.866025403784));
#7273 = ( GEOMETRIC_REPRESENTATION_CONTEXT(2) 
PARAMETRIC_REPRESENTATION_CONTEXT() REPRESENTATION_CONTEXT('2D SPACE',''
  ) );
#7274 = PCURVE('',#7275,#7280);
#7275 = PLANE('',#7276);
#7276 = AXIS2_PLACEMENT_3D('',#7277,#7278,#7279);
#7277 = CARTESIAN_POINT('',(-12.,1.26465E+03,3.27357179677E+03));
#7278 = DIRECTION('',(0.5,-6.123233995737E-17,0.866025403784));
#7279 = DIRECTION('',(0.866025403784,-1.060575238725E-16,-0.5));
#7280 = DEFINITIONAL_REPRESENTATION('',(#7281),#7285);
#7281 = LINE('',#7282,#7283);
#7282 = CARTESIAN_POINT('',(0.,-11.2));
#7283 = VECTOR('',#7284,1.);
#7284 = DIRECTION('',(1.,0.));
#7285 = ( GEOMETRIC_REPRESENTATION_CONTEXT(2) 
PARAMETRIC_REPRESENTATION_CONTEXT() REPRESENTATION_CONTEXT('2D SPACE',''
  ) );
#7286 = ORIENTED_EDGE('',*,*,#7287,.T.);
#7287 = EDGE_CURVE('',#7260,#7288,#7290,.T.);
#7288 = VERTEX_POINT('',#7289);
#7289 = CARTESIAN_POINT('',(12.,1.25345E+03,3.27357179677E+03));
#7290 = SURFACE_CURVE('',#7291,(#7295,#7302),.PCURVE_S1.);
#7291 = LINE('',#7292,#7293);
#7292 = CARTESIAN_POINT('',(7.832762470832E-14,1.25345E+03,
    3.266643593539E+03));
#7293 = VECTOR('',#7294,1.);
#7294 = DIRECTION('',(0.866025403784,-1.060575238725E-16,0.5));
#7295 = PCURVE('',#7185,#7296);
#7296 = DEFINITIONAL_REPRESENTATION('',(#7297),#7301);
#7297 = LINE('',#7298,#7299);
#7298 = CARTESIAN_POINT('',(-13.85640646055,2.038780415095E-15));
#7299 = VECTOR('',#7300,1.);
#7300 = DIRECTION('',(0.5,-0.866025403784));
#7301 = ( GEOMETRIC_REPRESENTATION_CONTEXT(2) 
PARAMETRIC_REPRESENTATION_CONTEXT() REPRESENTATION_CONTEXT('2D SPACE',''
  ) );
#7302 = PCURVE('',#7303,#7308);
#7303 = PLANE('',#7304);
#7304 = AXIS2_PLACEMENT_3D('',#7305,#7306,#7307);
#7305 = CARTESIAN_POINT('',(7.969922912337E-14,1.26465E+03,
    3.266643593539E+03));
#7306 = DIRECTION('',(-0.5,6.123233995737E-17,0.866025403784));
#7307 = DIRECTION('',(0.866025403784,-1.060575238725E-16,0.5));
#7308 = DEFINITIONAL_REPRESENTATION('',(#7309),#7313);
#7309 = LINE('',#7310,#7311);
#7310 = CARTESIAN_POINT('',(0.,-11.2));
#7311 = VECTOR('',#7312,1.);
#7312 = DIRECTION('',(1.,0.));
#7313 = ( GEOMETRIC_REPRESENTATION_CONTEXT(2) 
PARAMETRIC_REPRESENTATION_CONTEXT() REPRESENTATION_CONTEXT('2D SPACE',''
  ) );
#7314 = ORIENTED_EDGE('',*,*,#7315,.T.);
#7315 = EDGE_CURVE('',#7288,#7316,#7318,.T.);
#7316 = VERTEX_POINT('',#7317);
#7317 = CARTESIAN_POINT('',(12.,1.25345E+03,3.28742820323E+03));
#7318 = SURFACE_CURVE('',#7319,(#7323,#7330),.PCURVE_S1.);
#7319 = LINE('',#7320,#7321);
#7320 = CARTESIAN_POINT('',(12.,1.25345E+03,3.27357179677E+03));
#7321 = VECTOR('',#7322,1.);
#7322 = DIRECTION('',(2.563950248511E-16,-3.139933465013E-32,1.));
#7323 = PCURVE('',#7185,#7324);
#7324 = DEFINITIONAL_REPRESENTATION('',(#7325),#7329);
#7325 = LINE('',#7326,#7327);
#7326 = CARTESIAN_POINT('',(-6.928203230276,-12.));
#7327 = VECTOR('',#7328,1.);
#7328 = DIRECTION('',(1.,-2.563950248511E-16));
#7329 = ( GEOMETRIC_REPRESENTATION_CONTEXT(2) 
PARAMETRIC_REPRESENTATION_CONTEXT() REPRESENTATION_CONTEXT('2D SPACE',''
  ) );
#7330 = PCURVE('',#7331,#7336);
#7331 = PLANE('',#7332);
#7332 = AXIS2_PLACEMENT_3D('',#7333,#7334,#7335);
#7333 = CARTESIAN_POINT('',(12.,1.26465E+03,3.27357179677E+03));
#7334 = DIRECTION('',(-1.,1.224646799147E-16,2.563950248511E-16));
#7335 = DIRECTION('',(2.563950248511E-16,-3.139933465013E-32,1.));
#7336 = DEFINITIONAL_REPRESENTATION('',(#7337),#7341);
#7337 = LINE('',#7338,#7339);
#7338 = CARTESIAN_POINT('',(0.,-11.2));
#7339 = VECTOR('',#7340,1.);
#7340 = DIRECTION('',(1.,0.));
#7341 = ( GEOMETRIC_REPRESENTATION_CONTEXT(2) 
PARAMETRIC_REPRESENTATION_CONTEXT() REPRESENTATION_CONTEXT('2D SPACE',''
  ) );
#7342 = ORIENTED_EDGE('',*,*,#7343,.T.);
#7343 = EDGE_CURVE('',#7316,#7202,#7344,.T.);
#7344 = SURFACE_CURVE('',#7345,(#7349,#7356),.PCURVE_S1.);
#7345 = LINE('',#7346,#7347);
#7346 = CARTESIAN_POINT('',(12.,1.25345E+03,3.28742820323E+03));
#7347 = VECTOR('',#7348,1.);
#7348 = DIRECTION('',(-0.866025403784,1.060575238725E-16,0.5));
#7349 = PCURVE('',#7185,#7350);
#7350 = DEFINITIONAL_REPRESENTATION('',(#7351),#7355);
#7351 = LINE('',#7352,#7353);
#7352 = CARTESIAN_POINT('',(6.928203230276,-12.));
#7353 = VECTOR('',#7354,1.);
#7354 = DIRECTION('',(0.5,0.866025403784));
#7355 = ( GEOMETRIC_REPRESENTATION_CONTEXT(2) 
PARAMETRIC_REPRESENTATION_CONTEXT() REPRESENTATION_CONTEXT('2D SPACE',''
  ) );
#7356 = PCURVE('',#7357,#7362);
#7357 = PLANE('',#7358);
#7358 = AXIS2_PLACEMENT_3D('',#7359,#7360,#7361);
#7359 = CARTESIAN_POINT('',(12.,1.26465E+03,3.28742820323E+03));
#7360 = DIRECTION('',(-0.5,6.123233995737E-17,-0.866025403784));
#7361 = DIRECTION('',(-0.866025403784,1.060575238725E-16,0.5));
#7362 = DEFINITIONAL_REPRESENTATION('',(#7363),#7367);
#7363 = LINE('',#7364,#7365);
#7364 = CARTESIAN_POINT('',(0.,-11.2));
#7365 = VECTOR('',#7366,1.);
#7366 = DIRECTION('',(1.,0.));
#7367 = ( GEOMETRIC_REPRESENTATION_CONTEXT(2) 
PARAMETRIC_REPRESENTATION_CONTEXT() REPRESENTATION_CONTEXT('2D SPACE',''
  ) );
#7368 = FACE_BOUND('',#7369,.T.);
#7369 = EDGE_LOOP('',(#7370));
#7370 = ORIENTED_EDGE('',*,*,#7170,.F.);
#7371 = ADVANCED_FACE('',(#7372),#7219,.F.);
#7372 = FACE_BOUND('',#7373,.F.);
#7373 = EDGE_LOOP('',(#7374,#7397,#7398,#7421));
#7374 = ORIENTED_EDGE('',*,*,#7375,.T.);
#7375 = EDGE_CURVE('',#7376,#7202,#7378,.T.);
#7376 = VERTEX_POINT('',#7377);
#7377 = CARTESIAN_POINT('',(8.139614950533E-14,1.26465E+03,
    3.294356406461E+03));
#7378 = SURFACE_CURVE('',#7379,(#7383,#7390),.PCURVE_S1.);
#7379 = LINE('',#7380,#7381);
#7380 = CARTESIAN_POINT('',(8.139614950533E-14,1.26465E+03,
    3.294356406461E+03));
#7381 = VECTOR('',#7382,1.);
#7382 = DIRECTION('',(-1.224646799147E-16,-1.,0.));
#7383 = PCURVE('',#7219,#7384);
#7384 = DEFINITIONAL_REPRESENTATION('',(#7385),#7389);
#7385 = LINE('',#7386,#7387);
#7386 = CARTESIAN_POINT('',(0.,0.));
#7387 = VECTOR('',#7388,1.);
#7388 = DIRECTION('',(0.,-1.));
#7389 = ( GEOMETRIC_REPRESENTATION_CONTEXT(2) 
PARAMETRIC_REPRESENTATION_CONTEXT() REPRESENTATION_CONTEXT('2D SPACE',''
  ) );
#7390 = PCURVE('',#7357,#7391);
#7391 = DEFINITIONAL_REPRESENTATION('',(#7392),#7396);
#7392 = LINE('',#7393,#7394);
#7393 = CARTESIAN_POINT('',(13.856406460551,0.));
#7394 = VECTOR('',#7395,1.);
#7395 = DIRECTION('',(0.,-1.));
#7396 = ( GEOMETRIC_REPRESENTATION_CONTEXT(2) 
PARAMETRIC_REPRESENTATION_CONTEXT() REPRESENTATION_CONTEXT('2D SPACE',''
  ) );
#7397 = ORIENTED_EDGE('',*,*,#7201,.T.);
#7398 = ORIENTED_EDGE('',*,*,#7399,.F.);
#7399 = EDGE_CURVE('',#7400,#7204,#7402,.T.);
#7400 = VERTEX_POINT('',#7401);
#7401 = CARTESIAN_POINT('',(-12.,1.26465E+03,3.28742820323E+03));
#7402 = SURFACE_CURVE('',#7403,(#7407,#7414),.PCURVE_S1.);
#7403 = LINE('',#7404,#7405);
#7404 = CARTESIAN_POINT('',(-12.,1.26465E+03,3.28742820323E+03));
#7405 = VECTOR('',#7406,1.);
#7406 = DIRECTION('',(-1.224646799147E-16,-1.,0.));
#7407 = PCURVE('',#7219,#7408);
#7408 = DEFINITIONAL_REPRESENTATION('',(#7409),#7413);
#7409 = LINE('',#7410,#7411);
#7410 = CARTESIAN_POINT('',(13.856406460551,0.));
#7411 = VECTOR('',#7412,1.);
#7412 = DIRECTION('',(0.,-1.));
#7413 = ( GEOMETRIC_REPRESENTATION_CONTEXT(2) 
PARAMETRIC_REPRESENTATION_CONTEXT() REPRESENTATION_CONTEXT('2D SPACE',''
  ) );
#7414 = PCURVE('',#7247,#7415);
#7415 = DEFINITIONAL_REPRESENTATION('',(#7416),#7420);
#7416 = LINE('',#7417,#7418);
#7417 = CARTESIAN_POINT('',(0.,0.));
#7418 = VECTOR('',#7419,1.);
#7419 = DIRECTION('',(0.,-1.));
#7420 = ( GEOMETRIC_REPRESENTATION_CONTEXT(2) 
PARAMETRIC_REPRESENTATION_CONTEXT() REPRESENTATION_CONTEXT('2D SPACE',''
  ) );
#7421 = ORIENTED_EDGE('',*,*,#7422,.F.);
#7422 = EDGE_CURVE('',#7376,#7400,#7423,.T.);
#7423 = SURFACE_CURVE('',#7424,(#7428,#7435),.PCURVE_S1.);
#7424 = LINE('',#7425,#7426);
#7425 = CARTESIAN_POINT('',(8.139614950533E-14,1.26465E+03,
    3.294356406461E+03));
#7426 = VECTOR('',#7427,1.);
#7427 = DIRECTION('',(-0.866025403784,1.060575238725E-16,-0.5));
#7428 = PCURVE('',#7219,#7429);
#7429 = DEFINITIONAL_REPRESENTATION('',(#7430),#7434);
#7430 = LINE('',#7431,#7432);
#7431 = CARTESIAN_POINT('',(0.,0.));
#7432 = VECTOR('',#7433,1.);
#7433 = DIRECTION('',(1.,0.));
#7434 = ( GEOMETRIC_REPRESENTATION_CONTEXT(2) 
PARAMETRIC_REPRESENTATION_CONTEXT() REPRESENTATION_CONTEXT('2D SPACE',''
  ) );
#7435 = PCURVE('',#7436,#7441);
#7436 = PLANE('',#7437);
#7437 = AXIS2_PLACEMENT_3D('',#7438,#7439,#7440);
#7438 = CARTESIAN_POINT('',(8.173800953846E-14,1.26465E+03,3.2805E+03));
#7439 = DIRECTION('',(-1.224646799147E-16,-1.,0.));
#7440 = DIRECTION('',(0.,0.,1.));
#7441 = DEFINITIONAL_REPRESENTATION('',(#7442),#7446);
#7442 = LINE('',#7443,#7444);
#7443 = CARTESIAN_POINT('',(13.856406460551,3.418600331349E-16));
#7444 = VECTOR('',#7445,1.);
#7445 = DIRECTION('',(-0.5,0.866025403784));
#7446 = ( GEOMETRIC_REPRESENTATION_CONTEXT(2) 
PARAMETRIC_REPRESENTATION_CONTEXT() REPRESENTATION_CONTEXT('2D SPACE',''
  ) );
#7447 = ADVANCED_FACE('',(#7448),#7357,.F.);
#7448 = FACE_BOUND('',#7449,.F.);
#7449 = EDGE_LOOP('',(#7450,#7473,#7474,#7475));
#7450 = ORIENTED_EDGE('',*,*,#7451,.T.);
#7451 = EDGE_CURVE('',#7452,#7316,#7454,.T.);
#7452 = VERTEX_POINT('',#7453);
#7453 = CARTESIAN_POINT('',(12.,1.26465E+03,3.28742820323E+03));
#7454 = SURFACE_CURVE('',#7455,(#7459,#7466),.PCURVE_S1.);
#7455 = LINE('',#7456,#7457);
#7456 = CARTESIAN_POINT('',(12.,1.26465E+03,3.28742820323E+03));
#7457 = VECTOR('',#7458,1.);
#7458 = DIRECTION('',(-1.224646799147E-16,-1.,0.));
#7459 = PCURVE('',#7357,#7460);
#7460 = DEFINITIONAL_REPRESENTATION('',(#7461),#7465);
#7461 = LINE('',#7462,#7463);
#7462 = CARTESIAN_POINT('',(0.,0.));
#7463 = VECTOR('',#7464,1.);
#7464 = DIRECTION('',(0.,-1.));
#7465 = ( GEOMETRIC_REPRESENTATION_CONTEXT(2) 
PARAMETRIC_REPRESENTATION_CONTEXT() REPRESENTATION_CONTEXT('2D SPACE',''
  ) );
#7466 = PCURVE('',#7331,#7467);
#7467 = DEFINITIONAL_REPRESENTATION('',(#7468),#7472);
#7468 = LINE('',#7469,#7470);
#7469 = CARTESIAN_POINT('',(13.856406460551,0.));
#7470 = VECTOR('',#7471,1.);
#7471 = DIRECTION('',(0.,-1.));
#7472 = ( GEOMETRIC_REPRESENTATION_CONTEXT(2) 
PARAMETRIC_REPRESENTATION_CONTEXT() REPRESENTATION_CONTEXT('2D SPACE',''
  ) );
#7473 = ORIENTED_EDGE('',*,*,#7343,.T.);
#7474 = ORIENTED_EDGE('',*,*,#7375,.F.);
#7475 = ORIENTED_EDGE('',*,*,#7476,.F.);
#7476 = EDGE_CURVE('',#7452,#7376,#7477,.T.);
#7477 = SURFACE_CURVE('',#7478,(#7482,#7489),.PCURVE_S1.);
#7478 = LINE('',#7479,#7480);
#7479 = CARTESIAN_POINT('',(12.,1.26465E+03,3.28742820323E+03));
#7480 = VECTOR('',#7481,1.);
#7481 = DIRECTION('',(-0.866025403784,1.060575238725E-16,0.5));
#7482 = PCURVE('',#7357,#7483);
#7483 = DEFINITIONAL_REPRESENTATION('',(#7484),#7488);
#7484 = LINE('',#7485,#7486);
#7485 = CARTESIAN_POINT('',(0.,0.));
#7486 = VECTOR('',#7487,1.);
#7487 = DIRECTION('',(1.,0.));
#7488 = ( GEOMETRIC_REPRESENTATION_CONTEXT(2) 
PARAMETRIC_REPRESENTATION_CONTEXT() REPRESENTATION_CONTEXT('2D SPACE',''
  ) );
#7489 = PCURVE('',#7436,#7490);
#7490 = DEFINITIONAL_REPRESENTATION('',(#7491),#7495);
#7491 = LINE('',#7492,#7493);
#7492 = CARTESIAN_POINT('',(6.928203230276,-12.));
#7493 = VECTOR('',#7494,1.);
#7494 = DIRECTION('',(0.5,0.866025403784));
#7495 = ( GEOMETRIC_REPRESENTATION_CONTEXT(2) 
PARAMETRIC_REPRESENTATION_CONTEXT() REPRESENTATION_CONTEXT('2D SPACE',''
  ) );
#7496 = ADVANCED_FACE('',(#7497),#7247,.F.);
#7497 = FACE_BOUND('',#7498,.F.);
#7498 = EDGE_LOOP('',(#7499,#7500,#7501,#7524));
#7499 = ORIENTED_EDGE('',*,*,#7399,.T.);
#7500 = ORIENTED_EDGE('',*,*,#7231,.T.);
#7501 = ORIENTED_EDGE('',*,*,#7502,.F.);
#7502 = EDGE_CURVE('',#7503,#7232,#7505,.T.);
#7503 = VERTEX_POINT('',#7504);
#7504 = CARTESIAN_POINT('',(-12.,1.26465E+03,3.27357179677E+03));
#7505 = SURFACE_CURVE('',#7506,(#7510,#7517),.PCURVE_S1.);
#7506 = LINE('',#7507,#7508);
#7507 = CARTESIAN_POINT('',(-12.,1.26465E+03,3.27357179677E+03));
#7508 = VECTOR('',#7509,1.);
#7509 = DIRECTION('',(-1.224646799147E-16,-1.,0.));
#7510 = PCURVE('',#7247,#7511);
#7511 = DEFINITIONAL_REPRESENTATION('',(#7512),#7516);
#7512 = LINE('',#7513,#7514);
#7513 = CARTESIAN_POINT('',(13.856406460551,0.));
#7514 = VECTOR('',#7515,1.);
#7515 = DIRECTION('',(0.,-1.));
#7516 = ( GEOMETRIC_REPRESENTATION_CONTEXT(2) 
PARAMETRIC_REPRESENTATION_CONTEXT() REPRESENTATION_CONTEXT('2D SPACE',''
  ) );
#7517 = PCURVE('',#7275,#7518);
#7518 = DEFINITIONAL_REPRESENTATION('',(#7519),#7523);
#7519 = LINE('',#7520,#7521);
#7520 = CARTESIAN_POINT('',(0.,0.));
#7521 = VECTOR('',#7522,1.);
#7522 = DIRECTION('',(0.,-1.));
#7523 = ( GEOMETRIC_REPRESENTATION_CONTEXT(2) 
PARAMETRIC_REPRESENTATION_CONTEXT() REPRESENTATION_CONTEXT('2D SPACE',''
  ) );
#7524 = ORIENTED_EDGE('',*,*,#7525,.F.);
#7525 = EDGE_CURVE('',#7400,#7503,#7526,.T.);
#7526 = SURFACE_CURVE('',#7527,(#7531,#7538),.PCURVE_S1.);
#7527 = LINE('',#7528,#7529);
#7528 = CARTESIAN_POINT('',(-12.,1.26465E+03,3.28742820323E+03));
#7529 = VECTOR('',#7530,1.);
#7530 = DIRECTION('',(-1.281975124256E-16,1.569966732506E-32,-1.));
#7531 = PCURVE('',#7247,#7532);
#7532 = DEFINITIONAL_REPRESENTATION('',(#7533),#7537);
#7533 = LINE('',#7534,#7535);
#7534 = CARTESIAN_POINT('',(0.,0.));
#7535 = VECTOR('',#7536,1.);
#7536 = DIRECTION('',(1.,0.));
#7537 = ( GEOMETRIC_REPRESENTATION_CONTEXT(2) 
PARAMETRIC_REPRESENTATION_CONTEXT() REPRESENTATION_CONTEXT('2D SPACE',''
  ) );
#7538 = PCURVE('',#7436,#7539);
#7539 = DEFINITIONAL_REPRESENTATION('',(#7540),#7544);
#7540 = LINE('',#7541,#7542);
#7541 = CARTESIAN_POINT('',(6.928203230276,12.));
#7542 = VECTOR('',#7543,1.);
#7543 = DIRECTION('',(-1.,1.281975124256E-16));
#7544 = ( GEOMETRIC_REPRESENTATION_CONTEXT(2) 
PARAMETRIC_REPRESENTATION_CONTEXT() REPRESENTATION_CONTEXT('2D SPACE',''
  ) );
#7545 = ADVANCED_FACE('',(#7546),#7331,.F.);
#7546 = FACE_BOUND('',#7547,.F.);
#7547 = EDGE_LOOP('',(#7548,#7571,#7572,#7573));
#7548 = ORIENTED_EDGE('',*,*,#7549,.T.);
#7549 = EDGE_CURVE('',#7550,#7288,#7552,.T.);
#7550 = VERTEX_POINT('',#7551);
#7551 = CARTESIAN_POINT('',(12.,1.26465E+03,3.27357179677E+03));
#7552 = SURFACE_CURVE('',#7553,(#7557,#7564),.PCURVE_S1.);
#7553 = LINE('',#7554,#7555);
#7554 = CARTESIAN_POINT('',(12.,1.26465E+03,3.27357179677E+03));
#7555 = VECTOR('',#7556,1.);
#7556 = DIRECTION('',(-1.224646799147E-16,-1.,0.));
#7557 = PCURVE('',#7331,#7558);
#7558 = DEFINITIONAL_REPRESENTATION('',(#7559),#7563);
#7559 = LINE('',#7560,#7561);
#7560 = CARTESIAN_POINT('',(0.,0.));
#7561 = VECTOR('',#7562,1.);
#7562 = DIRECTION('',(0.,-1.));
#7563 = ( GEOMETRIC_REPRESENTATION_CONTEXT(2) 
PARAMETRIC_REPRESENTATION_CONTEXT() REPRESENTATION_CONTEXT('2D SPACE',''
  ) );
#7564 = PCURVE('',#7303,#7565);
#7565 = DEFINITIONAL_REPRESENTATION('',(#7566),#7570);
#7566 = LINE('',#7567,#7568);
#7567 = CARTESIAN_POINT('',(13.856406460551,0.));
#7568 = VECTOR('',#7569,1.);
#7569 = DIRECTION('',(0.,-1.));
#7570 = ( GEOMETRIC_REPRESENTATION_CONTEXT(2) 
PARAMETRIC_REPRESENTATION_CONTEXT() REPRESENTATION_CONTEXT('2D SPACE',''
  ) );
#7571 = ORIENTED_EDGE('',*,*,#7315,.T.);
#7572 = ORIENTED_EDGE('',*,*,#7451,.F.);
#7573 = ORIENTED_EDGE('',*,*,#7574,.F.);
#7574 = EDGE_CURVE('',#7550,#7452,#7575,.T.);
#7575 = SURFACE_CURVE('',#7576,(#7580,#7587),.PCURVE_S1.);
#7576 = LINE('',#7577,#7578);
#7577 = CARTESIAN_POINT('',(12.,1.26465E+03,3.27357179677E+03));
#7578 = VECTOR('',#7579,1.);
#7579 = DIRECTION('',(2.563950248511E-16,-3.139933465013E-32,1.));
#7580 = PCURVE('',#7331,#7581);
#7581 = DEFINITIONAL_REPRESENTATION('',(#7582),#7586);
#7582 = LINE('',#7583,#7584);
#7583 = CARTESIAN_POINT('',(0.,0.));
#7584 = VECTOR('',#7585,1.);
#7585 = DIRECTION('',(1.,0.));
#7586 = ( GEOMETRIC_REPRESENTATION_CONTEXT(2) 
PARAMETRIC_REPRESENTATION_CONTEXT() REPRESENTATION_CONTEXT('2D SPACE',''
  ) );
#7587 = PCURVE('',#7436,#7588);
#7588 = DEFINITIONAL_REPRESENTATION('',(#7589),#7593);
#7589 = LINE('',#7590,#7591);
#7590 = CARTESIAN_POINT('',(-6.928203230276,-12.));
#7591 = VECTOR('',#7592,1.);
#7592 = DIRECTION('',(1.,-2.563950248511E-16));
#7593 = ( GEOMETRIC_REPRESENTATION_CONTEXT(2) 
PARAMETRIC_REPRESENTATION_CONTEXT() REPRESENTATION_CONTEXT('2D SPACE',''
  ) );
#7594 = ADVANCED_FACE('',(#7595),#7275,.F.);
#7595 = FACE_BOUND('',#7596,.F.);
#7596 = EDGE_LOOP('',(#7597,#7598,#7599,#7622));
#7597 = ORIENTED_EDGE('',*,*,#7502,.T.);
#7598 = ORIENTED_EDGE('',*,*,#7259,.T.);
#7599 = ORIENTED_EDGE('',*,*,#7600,.F.);
#7600 = EDGE_CURVE('',#7601,#7260,#7603,.T.);
#7601 = VERTEX_POINT('',#7602);
#7602 = CARTESIAN_POINT('',(7.969922912337E-14,1.26465E+03,
    3.266643593539E+03));
#7603 = SURFACE_CURVE('',#7604,(#7608,#7615),.PCURVE_S1.);
#7604 = LINE('',#7605,#7606);
#7605 = CARTESIAN_POINT('',(7.969922912337E-14,1.26465E+03,
    3.266643593539E+03));
#7606 = VECTOR('',#7607,1.);
#7607 = DIRECTION('',(-1.224646799147E-16,-1.,0.));
#7608 = PCURVE('',#7275,#7609);
#7609 = DEFINITIONAL_REPRESENTATION('',(#7610),#7614);
#7610 = LINE('',#7611,#7612);
#7611 = CARTESIAN_POINT('',(13.856406460551,0.));
#7612 = VECTOR('',#7613,1.);
#7613 = DIRECTION('',(0.,-1.));
#7614 = ( GEOMETRIC_REPRESENTATION_CONTEXT(2) 
PARAMETRIC_REPRESENTATION_CONTEXT() REPRESENTATION_CONTEXT('2D SPACE',''
  ) );
#7615 = PCURVE('',#7303,#7616);
#7616 = DEFINITIONAL_REPRESENTATION('',(#7617),#7621);
#7617 = LINE('',#7618,#7619);
#7618 = CARTESIAN_POINT('',(0.,0.));
#7619 = VECTOR('',#7620,1.);
#7620 = DIRECTION('',(0.,-1.));
#7621 = ( GEOMETRIC_REPRESENTATION_CONTEXT(2) 
PARAMETRIC_REPRESENTATION_CONTEXT() REPRESENTATION_CONTEXT('2D SPACE',''
  ) );
#7622 = ORIENTED_EDGE('',*,*,#7623,.F.);
#7623 = EDGE_CURVE('',#7503,#7601,#7624,.T.);
#7624 = SURFACE_CURVE('',#7625,(#7629,#7636),.PCURVE_S1.);
#7625 = LINE('',#7626,#7627);
#7626 = CARTESIAN_POINT('',(-12.,1.26465E+03,3.27357179677E+03));
#7627 = VECTOR('',#7628,1.);
#7628 = DIRECTION('',(0.866025403784,-1.060575238725E-16,-0.5));
#7629 = PCURVE('',#7275,#7630);
#7630 = DEFINITIONAL_REPRESENTATION('',(#7631),#7635);
#7631 = LINE('',#7632,#7633);
#7632 = CARTESIAN_POINT('',(0.,0.));
#7633 = VECTOR('',#7634,1.);
#7634 = DIRECTION('',(1.,0.));
#7635 = ( GEOMETRIC_REPRESENTATION_CONTEXT(2) 
PARAMETRIC_REPRESENTATION_CONTEXT() REPRESENTATION_CONTEXT('2D SPACE',''
  ) );
#7636 = PCURVE('',#7436,#7637);
#7637 = DEFINITIONAL_REPRESENTATION('',(#7638),#7642);
#7638 = LINE('',#7639,#7640);
#7639 = CARTESIAN_POINT('',(-6.928203230276,12.));
#7640 = VECTOR('',#7641,1.);
#7641 = DIRECTION('',(-0.5,-0.866025403784));
#7642 = ( GEOMETRIC_REPRESENTATION_CONTEXT(2) 
PARAMETRIC_REPRESENTATION_CONTEXT() REPRESENTATION_CONTEXT('2D SPACE',''
  ) );
#7643 = ADVANCED_FACE('',(#7644),#7303,.F.);
#7644 = FACE_BOUND('',#7645,.F.);
#7645 = EDGE_LOOP('',(#7646,#7647,#7648,#7649));
#7646 = ORIENTED_EDGE('',*,*,#7600,.T.);
#7647 = ORIENTED_EDGE('',*,*,#7287,.T.);
#7648 = ORIENTED_EDGE('',*,*,#7549,.F.);
#7649 = ORIENTED_EDGE('',*,*,#7650,.F.);
#7650 = EDGE_CURVE('',#7601,#7550,#7651,.T.);
#7651 = SURFACE_CURVE('',#7652,(#7656,#7663),.PCURVE_S1.);
#7652 = LINE('',#7653,#7654);
#7653 = CARTESIAN_POINT('',(7.969922912337E-14,1.26465E+03,
    3.266643593539E+03));
#7654 = VECTOR('',#7655,1.);
#7655 = DIRECTION('',(0.866025403784,-1.060575238725E-16,0.5));
#7656 = PCURVE('',#7303,#7657);
#7657 = DEFINITIONAL_REPRESENTATION('',(#7658),#7662);
#7658 = LINE('',#7659,#7660);
#7659 = CARTESIAN_POINT('',(0.,0.));
#7660 = VECTOR('',#7661,1.);
#7661 = DIRECTION('',(1.,0.));
#7662 = ( GEOMETRIC_REPRESENTATION_CONTEXT(2) 
PARAMETRIC_REPRESENTATION_CONTEXT() REPRESENTATION_CONTEXT('2D SPACE',''
  ) );
#7663 = PCURVE('',#7436,#7664);
#7664 = DEFINITIONAL_REPRESENTATION('',(#7665),#7669);
#7665 = LINE('',#7666,#7667);
#7666 = CARTESIAN_POINT('',(-13.85640646055,2.038780415095E-15));
#7667 = VECTOR('',#7668,1.);
#7668 = DIRECTION('',(0.5,-0.866025403784));
#7669 = ( GEOMETRIC_REPRESENTATION_CONTEXT(2) 
PARAMETRIC_REPRESENTATION_CONTEXT() REPRESENTATION_CONTEXT('2D SPACE',''
  ) );
#7670 = ADVANCED_FACE('',(#7671),#7436,.F.);
#7671 = FACE_BOUND('',#7672,.F.);
#7672 = EDGE_LOOP('',(#7673,#7674,#7675,#7676,#7677,#7678));
#7673 = ORIENTED_EDGE('',*,*,#7422,.T.);
#7674 = ORIENTED_EDGE('',*,*,#7525,.T.);
#7675 = ORIENTED_EDGE('',*,*,#7623,.T.);
#7676 = ORIENTED_EDGE('',*,*,#7650,.T.);
#7677 = ORIENTED_EDGE('',*,*,#7574,.T.);
#7678 = ORIENTED_EDGE('',*,*,#7476,.T.);
#7679 = MANIFOLD_SOLID_BREP('',#7680);
#7680 = CLOSED_SHELL('',(#7681,#7801,#7877,#7953,#8062,#8135,#8162,#8189
    ,#8196,#8251,#8425,#8501,#8550,#8599,#8648,#8697,#8724));
#7681 = ADVANCED_FACE('',(#7682),#7696,.F.);
#7682 = FACE_BOUND('',#7683,.F.);
#7683 = EDGE_LOOP('',(#7684,#7719,#7747,#7775));
#7684 = ORIENTED_EDGE('',*,*,#7685,.T.);
#7685 = EDGE_CURVE('',#7686,#7688,#7690,.T.);
#7686 = VERTEX_POINT('',#7687);
#7687 = CARTESIAN_POINT('',(-700.,1.14655E+03,3.991469655115E+03));
#7688 = VERTEX_POINT('',#7689);
#7689 = CARTESIAN_POINT('',(-700.,1.13815E+03,3.991469655115E+03));
#7690 = SURFACE_CURVE('',#7691,(#7695,#7707),.PCURVE_S1.);
#7691 = LINE('',#7692,#7693);
#7692 = CARTESIAN_POINT('',(-700.,1.14655E+03,3.991469655115E+03));
#7693 = VECTOR('',#7694,1.);
#7694 = DIRECTION('',(-1.224646799147E-16,-1.,0.));
#7695 = PCURVE('',#7696,#7701);
#7696 = PLANE('',#7697);
#7697 = AXIS2_PLACEMENT_3D('',#7698,#7699,#7700);
#7698 = CARTESIAN_POINT('',(-700.,1.14655E+03,3.991469655115E+03));
#7699 = DIRECTION('',(0.5,-6.123233995737E-17,-0.866025403784));
#7700 = DIRECTION('',(-0.866025403784,1.060575238725E-16,-0.5));
#7701 = DEFINITIONAL_REPRESENTATION('',(#7702),#7706);
#7702 = LINE('',#7703,#7704);
#7703 = CARTESIAN_POINT('',(0.,0.));
#7704 = VECTOR('',#7705,1.);
#7705 = DIRECTION('',(0.,-1.));
#7706 = ( GEOMETRIC_REPRESENTATION_CONTEXT(2) 
PARAMETRIC_REPRESENTATION_CONTEXT() REPRESENTATION_CONTEXT('2D SPACE',''
  ) );
#7707 = PCURVE('',#7708,#7713);
#7708 = PLANE('',#7709);
#7709 = AXIS2_PLACEMENT_3D('',#7710,#7711,#7712);
#7710 = CARTESIAN_POINT('',(-690.5,1.14655E+03,3.985984827557E+03));
#7711 = DIRECTION('',(-0.5,6.123233995737E-17,-0.866025403784));
#7712 = DIRECTION('',(-0.866025403784,1.060575238725E-16,0.5));
#7713 = DEFINITIONAL_REPRESENTATION('',(#7714),#7718);
#7714 = LINE('',#7715,#7716);
#7715 = CARTESIAN_POINT('',(10.969655114603,0.));
#7716 = VECTOR('',#7717,1.);
#7717 = DIRECTION('',(0.,-1.));
#7718 = ( GEOMETRIC_REPRESENTATION_CONTEXT(2) 
PARAMETRIC_REPRESENTATION_CONTEXT() REPRESENTATION_CONTEXT('2D SPACE',''
  ) );
#7719 = ORIENTED_EDGE('',*,*,#7720,.T.);
#7720 = EDGE_CURVE('',#7688,#7721,#7723,.T.);
#7721 = VERTEX_POINT('',#7722);
#7722 = CARTESIAN_POINT('',(-709.5,1.13815E+03,3.985984827557E+03));
#7723 = SURFACE_CURVE('',#7724,(#7728,#7735),.PCURVE_S1.);
#7724 = LINE('',#7725,#7726);
#7725 = CARTESIAN_POINT('',(-700.,1.13815E+03,3.991469655115E+03));
#7726 = VECTOR('',#7727,1.);
#7727 = DIRECTION('',(-0.866025403784,1.060575238725E-16,-0.5));
#7728 = PCURVE('',#7696,#7729);
#7729 = DEFINITIONAL_REPRESENTATION('',(#7730),#7734);
#7730 = LINE('',#7731,#7732);
#7731 = CARTESIAN_POINT('',(0.,-8.4));
#7732 = VECTOR('',#7733,1.);
#7733 = DIRECTION('',(1.,0.));
#7734 = ( GEOMETRIC_REPRESENTATION_CONTEXT(2) 
PARAMETRIC_REPRESENTATION_CONTEXT() REPRESENTATION_CONTEXT('2D SPACE',''
  ) );
#7735 = PCURVE('',#7736,#7741);
#7736 = PLANE('',#7737);
#7737 = AXIS2_PLACEMENT_3D('',#7738,#7739,#7740);
#7738 = CARTESIAN_POINT('',(-700.,1.13815E+03,3.9805E+03));
#7739 = DIRECTION('',(-1.224646799147E-16,-1.,0.));
#7740 = DIRECTION('',(0.,0.,1.));
#7741 = DEFINITIONAL_REPRESENTATION('',(#7742),#7746);
#7742 = LINE('',#7743,#7744);
#7743 = CARTESIAN_POINT('',(10.969655114603,-1.079557999373E-16));
#7744 = VECTOR('',#7745,1.);
#7745 = DIRECTION('',(-0.5,0.866025403784));
#7746 = ( GEOMETRIC_REPRESENTATION_CONTEXT(2) 
PARAMETRIC_REPRESENTATION_CONTEXT() REPRESENTATION_CONTEXT('2D SPACE',''
  ) );
#7747 = ORIENTED_EDGE('',*,*,#7748,.F.);
#7748 = EDGE_CURVE('',#7749,#7721,#7751,.T.);
#7749 = VERTEX_POINT('',#7750);
#7750 = CARTESIAN_POINT('',(-709.5,1.14655E+03,3.985984827557E+03));
#7751 = SURFACE_CURVE('',#7752,(#7756,#7763),.PCURVE_S1.);
#7752 = LINE('',#7753,#7754);
#7753 = CARTESIAN_POINT('',(-709.5,1.14655E+03,3.985984827557E+03));
#7754 = VECTOR('',#7755,1.);
#7755 = DIRECTION('',(-1.224646799147E-16,-1.,0.));
#7756 = PCURVE('',#7696,#7757);
#7757 = DEFINITIONAL_REPRESENTATION('',(#7758),#7762);
#7758 = LINE('',#7759,#7760);
#7759 = CARTESIAN_POINT('',(10.969655114603,0.));
#7760 = VECTOR('',#7761,1.);
#7761 = DIRECTION('',(0.,-1.));
#7762 = ( GEOMETRIC_REPRESENTATION_CONTEXT(2) 
PARAMETRIC_REPRESENTATION_CONTEXT() REPRESENTATION_CONTEXT('2D SPACE',''
  ) );
#7763 = PCURVE('',#7764,#7769);
#7764 = PLANE('',#7765);
#7765 = AXIS2_PLACEMENT_3D('',#7766,#7767,#7768);
#7766 = CARTESIAN_POINT('',(-709.5,1.14655E+03,3.985984827557E+03));
#7767 = DIRECTION('',(1.,-1.224646799147E-16,-1.61933699906E-16));
#7768 = DIRECTION('',(-1.61933699906E-16,1.98311587264E-32,-1.));
#7769 = DEFINITIONAL_REPRESENTATION('',(#7770),#7774);
#7770 = LINE('',#7771,#7772);
#7771 = CARTESIAN_POINT('',(0.,0.));
#7772 = VECTOR('',#7773,1.);
#7773 = DIRECTION('',(0.,-1.));
#7774 = ( GEOMETRIC_REPRESENTATION_CONTEXT(2) 
PARAMETRIC_REPRESENTATION_CONTEXT() REPRESENTATION_CONTEXT('2D SPACE',''
  ) );
#7775 = ORIENTED_EDGE('',*,*,#7776,.F.);
#7776 = EDGE_CURVE('',#7686,#7749,#7777,.T.);
#7777 = SURFACE_CURVE('',#7778,(#7782,#7789),.PCURVE_S1.);
#7778 = LINE('',#7779,#7780);
#7779 = CARTESIAN_POINT('',(-700.,1.14655E+03,3.991469655115E+03));
#7780 = VECTOR('',#7781,1.);
#7781 = DIRECTION('',(-0.866025403784,1.060575238725E-16,-0.5));
#7782 = PCURVE('',#7696,#7783);
#7783 = DEFINITIONAL_REPRESENTATION('',(#7784),#7788);
#7784 = LINE('',#7785,#7786);
#7785 = CARTESIAN_POINT('',(0.,0.));
#7786 = VECTOR('',#7787,1.);
#7787 = DIRECTION('',(1.,0.));
#7788 = ( GEOMETRIC_REPRESENTATION_CONTEXT(2) 
PARAMETRIC_REPRESENTATION_CONTEXT() REPRESENTATION_CONTEXT('2D SPACE',''
  ) );
#7789 = PCURVE('',#7790,#7795);
#7790 = PLANE('',#7791);
#7791 = AXIS2_PLACEMENT_3D('',#7792,#7793,#7794);
#7792 = CARTESIAN_POINT('',(-700.,1.14655E+03,3.9805E+03));
#7793 = DIRECTION('',(-1.224646799147E-16,-1.,0.));
#7794 = DIRECTION('',(0.,0.,1.));
#7795 = DEFINITIONAL_REPRESENTATION('',(#7796),#7800);
#7796 = LINE('',#7797,#7798);
#7797 = CARTESIAN_POINT('',(10.969655114603,-1.079557999373E-16));
#7798 = VECTOR('',#7799,1.);
#7799 = DIRECTION('',(-0.5,0.866025403784));
#7800 = ( GEOMETRIC_REPRESENTATION_CONTEXT(2) 
PARAMETRIC_REPRESENTATION_CONTEXT() REPRESENTATION_CONTEXT('2D SPACE',''
  ) );
#7801 = ADVANCED_FACE('',(#7802),#7708,.F.);
#7802 = FACE_BOUND('',#7803,.F.);
#7803 = EDGE_LOOP('',(#7804,#7834,#7855,#7856));
#7804 = ORIENTED_EDGE('',*,*,#7805,.T.);
#7805 = EDGE_CURVE('',#7806,#7808,#7810,.T.);
#7806 = VERTEX_POINT('',#7807);
#7807 = CARTESIAN_POINT('',(-690.5,1.14655E+03,3.985984827557E+03));
#7808 = VERTEX_POINT('',#7809);
#7809 = CARTESIAN_POINT('',(-690.5,1.13815E+03,3.985984827557E+03));
#7810 = SURFACE_CURVE('',#7811,(#7815,#7822),.PCURVE_S1.);
#7811 = LINE('',#7812,#7813);
#7812 = CARTESIAN_POINT('',(-690.5,1.14655E+03,3.985984827557E+03));
#7813 = VECTOR('',#7814,1.);
#7814 = DIRECTION('',(-1.224646799147E-16,-1.,0.));
#7815 = PCURVE('',#7708,#7816);
#7816 = DEFINITIONAL_REPRESENTATION('',(#7817),#7821);
#7817 = LINE('',#7818,#7819);
#7818 = CARTESIAN_POINT('',(0.,0.));
#7819 = VECTOR('',#7820,1.);
#7820 = DIRECTION('',(0.,-1.));
#7821 = ( GEOMETRIC_REPRESENTATION_CONTEXT(2) 
PARAMETRIC_REPRESENTATION_CONTEXT() REPRESENTATION_CONTEXT('2D SPACE',''
  ) );
#7822 = PCURVE('',#7823,#7828);
#7823 = PLANE('',#7824);
#7824 = AXIS2_PLACEMENT_3D('',#7825,#7826,#7827);
#7825 = CARTESIAN_POINT('',(-690.5,1.14655E+03,3.975015172443E+03));
#7826 = DIRECTION('',(-1.,1.224646799147E-16,1.61933699906E-16));
#7827 = DIRECTION('',(1.61933699906E-16,-1.98311587264E-32,1.));
#7828 = DEFINITIONAL_REPRESENTATION('',(#7829),#7833);
#7829 = LINE('',#7830,#7831);
#7830 = CARTESIAN_POINT('',(10.969655114603,0.));
#7831 = VECTOR('',#7832,1.);
#7832 = DIRECTION('',(0.,-1.));
#7833 = ( GEOMETRIC_REPRESENTATION_CONTEXT(2) 
PARAMETRIC_REPRESENTATION_CONTEXT() REPRESENTATION_CONTEXT('2D SPACE',''
  ) );
#7834 = ORIENTED_EDGE('',*,*,#7835,.T.);
#7835 = EDGE_CURVE('',#7808,#7688,#7836,.T.);
#7836 = SURFACE_CURVE('',#7837,(#7841,#7848),.PCURVE_S1.);
#7837 = LINE('',#7838,#7839);
#7838 = CARTESIAN_POINT('',(-690.5,1.13815E+03,3.985984827557E+03));
#7839 = VECTOR('',#7840,1.);
#7840 = DIRECTION('',(-0.866025403784,1.060575238725E-16,0.5));
#7841 = PCURVE('',#7708,#7842);
#7842 = DEFINITIONAL_REPRESENTATION('',(#7843),#7847);
#7843 = LINE('',#7844,#7845);
#7844 = CARTESIAN_POINT('',(0.,-8.4));
#7845 = VECTOR('',#7846,1.);
#7846 = DIRECTION('',(1.,0.));
#7847 = ( GEOMETRIC_REPRESENTATION_CONTEXT(2) 
PARAMETRIC_REPRESENTATION_CONTEXT() REPRESENTATION_CONTEXT('2D SPACE',''
  ) );
#7848 = PCURVE('',#7736,#7849);
#7849 = DEFINITIONAL_REPRESENTATION('',(#7850),#7854);
#7850 = LINE('',#7851,#7852);
#7851 = CARTESIAN_POINT('',(5.484827557301,-9.5));
#7852 = VECTOR('',#7853,1.);
#7853 = DIRECTION('',(0.5,0.866025403784));
#7854 = ( GEOMETRIC_REPRESENTATION_CONTEXT(2) 
PARAMETRIC_REPRESENTATION_CONTEXT() REPRESENTATION_CONTEXT('2D SPACE',''
  ) );
#7855 = ORIENTED_EDGE('',*,*,#7685,.F.);
#7856 = ORIENTED_EDGE('',*,*,#7857,.F.);
#7857 = EDGE_CURVE('',#7806,#7686,#7858,.T.);
#7858 = SURFACE_CURVE('',#7859,(#7863,#7870),.PCURVE_S1.);
#7859 = LINE('',#7860,#7861);
#7860 = CARTESIAN_POINT('',(-690.5,1.14655E+03,3.985984827557E+03));
#7861 = VECTOR('',#7862,1.);
#7862 = DIRECTION('',(-0.866025403784,1.060575238725E-16,0.5));
#7863 = PCURVE('',#7708,#7864);
#7864 = DEFINITIONAL_REPRESENTATION('',(#7865),#7869);
#7865 = LINE('',#7866,#7867);
#7866 = CARTESIAN_POINT('',(0.,0.));
#7867 = VECTOR('',#7868,1.);
#7868 = DIRECTION('',(1.,0.));
#7869 = ( GEOMETRIC_REPRESENTATION_CONTEXT(2) 
PARAMETRIC_REPRESENTATION_CONTEXT() REPRESENTATION_CONTEXT('2D SPACE',''
  ) );
#7870 = PCURVE('',#7790,#7871);
#7871 = DEFINITIONAL_REPRESENTATION('',(#7872),#7876);
#7872 = LINE('',#7873,#7874);
#7873 = CARTESIAN_POINT('',(5.484827557301,-9.5));
#7874 = VECTOR('',#7875,1.);
#7875 = DIRECTION('',(0.5,0.866025403784));
#7876 = ( GEOMETRIC_REPRESENTATION_CONTEXT(2) 
PARAMETRIC_REPRESENTATION_CONTEXT() REPRESENTATION_CONTEXT('2D SPACE',''
  ) );
#7877 = ADVANCED_FACE('',(#7878),#7764,.F.);
#7878 = FACE_BOUND('',#7879,.F.);
#7879 = EDGE_LOOP('',(#7880,#7881,#7904,#7932));
#7880 = ORIENTED_EDGE('',*,*,#7748,.T.);
#7881 = ORIENTED_EDGE('',*,*,#7882,.T.);
#7882 = EDGE_CURVE('',#7721,#7883,#7885,.T.);
#7883 = VERTEX_POINT('',#7884);
#7884 = CARTESIAN_POINT('',(-709.5,1.13815E+03,3.975015172443E+03));
#7885 = SURFACE_CURVE('',#7886,(#7890,#7897),.PCURVE_S1.);
#7886 = LINE('',#7887,#7888);
#7887 = CARTESIAN_POINT('',(-709.5,1.13815E+03,3.985984827557E+03));
#7888 = VECTOR('',#7889,1.);
#7889 = DIRECTION('',(-1.61933699906E-16,1.98311587264E-32,-1.));
#7890 = PCURVE('',#7764,#7891);
#7891 = DEFINITIONAL_REPRESENTATION('',(#7892),#7896);
#7892 = LINE('',#7893,#7894);
#7893 = CARTESIAN_POINT('',(0.,-8.4));
#7894 = VECTOR('',#7895,1.);
#7895 = DIRECTION('',(1.,0.));
#7896 = ( GEOMETRIC_REPRESENTATION_CONTEXT(2) 
PARAMETRIC_REPRESENTATION_CONTEXT() REPRESENTATION_CONTEXT('2D SPACE',''
  ) );
#7897 = PCURVE('',#7736,#7898);
#7898 = DEFINITIONAL_REPRESENTATION('',(#7899),#7903);
#7899 = LINE('',#7900,#7901);
#7900 = CARTESIAN_POINT('',(5.484827557301,9.5));
#7901 = VECTOR('',#7902,1.);
#7902 = DIRECTION('',(-1.,1.61933699906E-16));
#7903 = ( GEOMETRIC_REPRESENTATION_CONTEXT(2) 
PARAMETRIC_REPRESENTATION_CONTEXT() REPRESENTATION_CONTEXT('2D SPACE',''
  ) );
#7904 = ORIENTED_EDGE('',*,*,#7905,.F.);
#7905 = EDGE_CURVE('',#7906,#7883,#7908,.T.);
#7906 = VERTEX_POINT('',#7907);
#7907 = CARTESIAN_POINT('',(-709.5,1.14655E+03,3.975015172443E+03));
#7908 = SURFACE_CURVE('',#7909,(#7913,#7920),.PCURVE_S1.);
#7909 = LINE('',#7910,#7911);
#7910 = CARTESIAN_POINT('',(-709.5,1.14655E+03,3.975015172443E+03));
#7911 = VECTOR('',#7912,1.);
#7912 = DIRECTION('',(-1.224646799147E-16,-1.,0.));
#7913 = PCURVE('',#7764,#7914);
#7914 = DEFINITIONAL_REPRESENTATION('',(#7915),#7919);
#7915 = LINE('',#7916,#7917);
#7916 = CARTESIAN_POINT('',(10.969655114603,0.));
#7917 = VECTOR('',#7918,1.);
#7918 = DIRECTION('',(0.,-1.));
#7919 = ( GEOMETRIC_REPRESENTATION_CONTEXT(2) 
PARAMETRIC_REPRESENTATION_CONTEXT() REPRESENTATION_CONTEXT('2D SPACE',''
  ) );
#7920 = PCURVE('',#7921,#7926);
#7921 = PLANE('',#7922);
#7922 = AXIS2_PLACEMENT_3D('',#7923,#7924,#7925);
#7923 = CARTESIAN_POINT('',(-709.5,1.14655E+03,3.975015172443E+03));
#7924 = DIRECTION('',(0.5,-6.123233995737E-17,0.866025403784));
#7925 = DIRECTION('',(0.866025403784,-1.060575238725E-16,-0.5));
#7926 = DEFINITIONAL_REPRESENTATION('',(#7927),#7931);
#7927 = LINE('',#7928,#7929);
#7928 = CARTESIAN_POINT('',(0.,0.));
#7929 = VECTOR('',#7930,1.);
#7930 = DIRECTION('',(0.,-1.));
#7931 = ( GEOMETRIC_REPRESENTATION_CONTEXT(2) 
PARAMETRIC_REPRESENTATION_CONTEXT() REPRESENTATION_CONTEXT('2D SPACE',''
  ) );
#7932 = ORIENTED_EDGE('',*,*,#7933,.F.);
#7933 = EDGE_CURVE('',#7749,#7906,#7934,.T.);
#7934 = SURFACE_CURVE('',#7935,(#7939,#7946),.PCURVE_S1.);
#7935 = LINE('',#7936,#7937);
#7936 = CARTESIAN_POINT('',(-709.5,1.14655E+03,3.985984827557E+03));
#7937 = VECTOR('',#7938,1.);
#7938 = DIRECTION('',(-1.61933699906E-16,1.98311587264E-32,-1.));
#7939 = PCURVE('',#7764,#7940);
#7940 = DEFINITIONAL_REPRESENTATION('',(#7941),#7945);
#7941 = LINE('',#7942,#7943);
#7942 = CARTESIAN_POINT('',(0.,0.));
#7943 = VECTOR('',#7944,1.);
#7944 = DIRECTION('',(1.,0.));
#7945 = ( GEOMETRIC_REPRESENTATION_CONTEXT(2) 
PARAMETRIC_REPRESENTATION_CONTEXT() REPRESENTATION_CONTEXT('2D SPACE',''
  ) );
#7946 = PCURVE('',#7790,#7947);
#7947 = DEFINITIONAL_REPRESENTATION('',(#7948),#7952);
#7948 = LINE('',#7949,#7950);
#7949 = CARTESIAN_POINT('',(5.484827557301,9.5));
#7950 = VECTOR('',#7951,1.);
#7951 = DIRECTION('',(-1.,1.61933699906E-16));
#7952 = ( GEOMETRIC_REPRESENTATION_CONTEXT(2) 
PARAMETRIC_REPRESENTATION_CONTEXT() REPRESENTATION_CONTEXT('2D SPACE',''
  ) );
#7953 = ADVANCED_FACE('',(#7954,#8031),#7790,.F.);
#7954 = FACE_BOUND('',#7955,.F.);
#7955 = EDGE_LOOP('',(#7956,#7957,#7958,#7981,#8009,#8030));
#7956 = ORIENTED_EDGE('',*,*,#7776,.T.);
#7957 = ORIENTED_EDGE('',*,*,#7933,.T.);
#7958 = ORIENTED_EDGE('',*,*,#7959,.T.);
#7959 = EDGE_CURVE('',#7906,#7960,#7962,.T.);
#7960 = VERTEX_POINT('',#7961);
#7961 = CARTESIAN_POINT('',(-700.,1.14655E+03,3.969530344885E+03));
#7962 = SURFACE_CURVE('',#7963,(#7967,#7974),.PCURVE_S1.);
#7963 = LINE('',#7964,#7965);
#7964 = CARTESIAN_POINT('',(-709.5,1.14655E+03,3.975015172443E+03));
#7965 = VECTOR('',#7966,1.);
#7966 = DIRECTION('',(0.866025403784,-1.060575238725E-16,-0.5));
#7967 = PCURVE('',#7790,#7968);
#7968 = DEFINITIONAL_REPRESENTATION('',(#7969),#7973);
#7969 = LINE('',#7970,#7971);
#7970 = CARTESIAN_POINT('',(-5.484827557301,9.5));
#7971 = VECTOR('',#7972,1.);
#7972 = DIRECTION('',(-0.5,-0.866025403784));
#7973 = ( GEOMETRIC_REPRESENTATION_CONTEXT(2) 
PARAMETRIC_REPRESENTATION_CONTEXT() REPRESENTATION_CONTEXT('2D SPACE',''
  ) );
#7974 = PCURVE('',#7921,#7975);
#7975 = DEFINITIONAL_REPRESENTATION('',(#7976),#7980);
#7976 = LINE('',#7977,#7978);
#7977 = CARTESIAN_POINT('',(0.,0.));
#7978 = VECTOR('',#7979,1.);
#7979 = DIRECTION('',(1.,0.));
#7980 = ( GEOMETRIC_REPRESENTATION_CONTEXT(2) 
PARAMETRIC_REPRESENTATION_CONTEXT() REPRESENTATION_CONTEXT('2D SPACE',''
  ) );
#7981 = ORIENTED_EDGE('',*,*,#7982,.T.);
#7982 = EDGE_CURVE('',#7960,#7983,#7985,.T.);
#7983 = VERTEX_POINT('',#7984);
#7984 = CARTESIAN_POINT('',(-690.5,1.14655E+03,3.975015172443E+03));
#7985 = SURFACE_CURVE('',#7986,(#7990,#7997),.PCURVE_S1.);
#7986 = LINE('',#7987,#7988);
#7987 = CARTESIAN_POINT('',(-700.,1.14655E+03,3.969530344885E+03));
#7988 = VECTOR('',#7989,1.);
#7989 = DIRECTION('',(0.866025403784,-1.060575238725E-16,0.5));
#7990 = PCURVE('',#7790,#7991);
#7991 = DEFINITIONAL_REPRESENTATION('',(#7992),#7996);
#7992 = LINE('',#7993,#7994);
#7993 = CARTESIAN_POINT('',(-10.9696551146,1.235439502448E-15));
#7994 = VECTOR('',#7995,1.);
#7995 = DIRECTION('',(0.5,-0.866025403784));
#7996 = ( GEOMETRIC_REPRESENTATION_CONTEXT(2) 
PARAMETRIC_REPRESENTATION_CONTEXT() REPRESENTATION_CONTEXT('2D SPACE',''
  ) );
#7997 = PCURVE('',#7998,#8003);
#7998 = PLANE('',#7999);
#7999 = AXIS2_PLACEMENT_3D('',#8000,#8001,#8002);
#8000 = CARTESIAN_POINT('',(-700.,1.14655E+03,3.969530344885E+03));
#8001 = DIRECTION('',(-0.5,6.123233995737E-17,0.866025403784));
#8002 = DIRECTION('',(0.866025403784,-1.060575238725E-16,0.5));
#8003 = DEFINITIONAL_REPRESENTATION('',(#8004),#8008);
#8004 = LINE('',#8005,#8006);
#8005 = CARTESIAN_POINT('',(0.,0.));
#8006 = VECTOR('',#8007,1.);
#8007 = DIRECTION('',(1.,0.));
#8008 = ( GEOMETRIC_REPRESENTATION_CONTEXT(2) 
PARAMETRIC_REPRESENTATION_CONTEXT() REPRESENTATION_CONTEXT('2D SPACE',''
  ) );
#8009 = ORIENTED_EDGE('',*,*,#8010,.T.);
#8010 = EDGE_CURVE('',#7983,#7806,#8011,.T.);
#8011 = SURFACE_CURVE('',#8012,(#8016,#8023),.PCURVE_S1.);
#8012 = LINE('',#8013,#8014);
#8013 = CARTESIAN_POINT('',(-690.5,1.14655E+03,3.975015172443E+03));
#8014 = VECTOR('',#8015,1.);
#8015 = DIRECTION('',(1.61933699906E-16,-1.98311587264E-32,1.));
#8016 = PCURVE('',#7790,#8017);
#8017 = DEFINITIONAL_REPRESENTATION('',(#8018),#8022);
#8018 = LINE('',#8019,#8020);
#8019 = CARTESIAN_POINT('',(-5.484827557301,-9.5));
#8020 = VECTOR('',#8021,1.);
#8021 = DIRECTION('',(1.,-1.61933699906E-16));
#8022 = ( GEOMETRIC_REPRESENTATION_CONTEXT(2) 
PARAMETRIC_REPRESENTATION_CONTEXT() REPRESENTATION_CONTEXT('2D SPACE',''
  ) );
#8023 = PCURVE('',#7823,#8024);
#8024 = DEFINITIONAL_REPRESENTATION('',(#8025),#8029);
#8025 = LINE('',#8026,#8027);
#8026 = CARTESIAN_POINT('',(0.,0.));
#8027 = VECTOR('',#8028,1.);
#8028 = DIRECTION('',(1.,0.));
#8029 = ( GEOMETRIC_REPRESENTATION_CONTEXT(2) 
PARAMETRIC_REPRESENTATION_CONTEXT() REPRESENTATION_CONTEXT('2D SPACE',''
  ) );
#8030 = ORIENTED_EDGE('',*,*,#7857,.T.);
#8031 = FACE_BOUND('',#8032,.F.);
#8032 = EDGE_LOOP('',(#8033));
#8033 = ORIENTED_EDGE('',*,*,#8034,.F.);
#8034 = EDGE_CURVE('',#8035,#8035,#8037,.T.);
#8035 = VERTEX_POINT('',#8036);
#8036 = CARTESIAN_POINT('',(-700.,1.14655E+03,3.9865E+03));
#8037 = SURFACE_CURVE('',#8038,(#8043,#8050),.PCURVE_S1.);
#8038 = CIRCLE('',#8039,6.);
#8039 = AXIS2_PLACEMENT_3D('',#8040,#8041,#8042);
#8040 = CARTESIAN_POINT('',(-700.,1.14655E+03,3.9805E+03));
#8041 = DIRECTION('',(-1.224646799147E-16,-1.,0.));
#8042 = DIRECTION('',(0.,0.,1.));
#8043 = PCURVE('',#7790,#8044);
#8044 = DEFINITIONAL_REPRESENTATION('',(#8045),#8049);
#8045 = CIRCLE('',#8046,6.);
#8046 = AXIS2_PLACEMENT_2D('',#8047,#8048);
#8047 = CARTESIAN_POINT('',(2.159115998746E-16,-1.079557999373E-16));
#8048 = DIRECTION('',(1.,0.));
#8049 = ( GEOMETRIC_REPRESENTATION_CONTEXT(2) 
PARAMETRIC_REPRESENTATION_CONTEXT() REPRESENTATION_CONTEXT('2D SPACE',''
  ) );
#8050 = PCURVE('',#8051,#8056);
#8051 = CYLINDRICAL_SURFACE('',#8052,6.);
#8052 = AXIS2_PLACEMENT_3D('',#8053,#8054,#8055);
#8053 = CARTESIAN_POINT('',(-700.,1.25345E+03,3.9805E+03));
#8054 = DIRECTION('',(-1.224646799147E-16,-1.,0.));
#8055 = DIRECTION('',(0.,0.,1.));
#8056 = DEFINITIONAL_REPRESENTATION('',(#8057),#8061);
#8057 = LINE('',#8058,#8059);
#8058 = CARTESIAN_POINT('',(0.,106.9));
#8059 = VECTOR('',#8060,1.);
#8060 = DIRECTION('',(1.,0.));
#8061 = ( GEOMETRIC_REPRESENTATION_CONTEXT(2) 
PARAMETRIC_REPRESENTATION_CONTEXT() REPRESENTATION_CONTEXT('2D SPACE',''
  ) );
#8062 = ADVANCED_FACE('',(#8063),#7736,.T.);
#8063 = FACE_BOUND('',#8064,.T.);
#8064 = EDGE_LOOP('',(#8065,#8066,#8067,#8090,#8113,#8134));
#8065 = ORIENTED_EDGE('',*,*,#7720,.T.);
#8066 = ORIENTED_EDGE('',*,*,#7882,.T.);
#8067 = ORIENTED_EDGE('',*,*,#8068,.T.);
#8068 = EDGE_CURVE('',#7883,#8069,#8071,.T.);
#8069 = VERTEX_POINT('',#8070);
#8070 = CARTESIAN_POINT('',(-700.,1.13815E+03,3.969530344885E+03));
#8071 = SURFACE_CURVE('',#8072,(#8076,#8083),.PCURVE_S1.);
#8072 = LINE('',#8073,#8074);
#8073 = CARTESIAN_POINT('',(-709.5,1.13815E+03,3.975015172443E+03));
#8074 = VECTOR('',#8075,1.);
#8075 = DIRECTION('',(0.866025403784,-1.060575238725E-16,-0.5));
#8076 = PCURVE('',#7736,#8077);
#8077 = DEFINITIONAL_REPRESENTATION('',(#8078),#8082);
#8078 = LINE('',#8079,#8080);
#8079 = CARTESIAN_POINT('',(-5.484827557301,9.5));
#8080 = VECTOR('',#8081,1.);
#8081 = DIRECTION('',(-0.5,-0.866025403784));
#8082 = ( GEOMETRIC_REPRESENTATION_CONTEXT(2) 
PARAMETRIC_REPRESENTATION_CONTEXT() REPRESENTATION_CONTEXT('2D SPACE',''
  ) );
#8083 = PCURVE('',#7921,#8084);
#8084 = DEFINITIONAL_REPRESENTATION('',(#8085),#8089);
#8085 = LINE('',#8086,#8087);
#8086 = CARTESIAN_POINT('',(0.,-8.4));
#8087 = VECTOR('',#8088,1.);
#8088 = DIRECTION('',(1.,0.));
#8089 = ( GEOMETRIC_REPRESENTATION_CONTEXT(2) 
PARAMETRIC_REPRESENTATION_CONTEXT() REPRESENTATION_CONTEXT('2D SPACE',''
  ) );
#8090 = ORIENTED_EDGE('',*,*,#8091,.T.);
#8091 = EDGE_CURVE('',#8069,#8092,#8094,.T.);
#8092 = VERTEX_POINT('',#8093);
#8093 = CARTESIAN_POINT('',(-690.5,1.13815E+03,3.975015172443E+03));
#8094 = SURFACE_CURVE('',#8095,(#8099,#8106),.PCURVE_S1.);
#8095 = LINE('',#8096,#8097);
#8096 = CARTESIAN_POINT('',(-700.,1.13815E+03,3.969530344885E+03));
#8097 = VECTOR('',#8098,1.);
#8098 = DIRECTION('',(0.866025403784,-1.060575238725E-16,0.5));
#8099 = PCURVE('',#7736,#8100);
#8100 = DEFINITIONAL_REPRESENTATION('',(#8101),#8105);
#8101 = LINE('',#8102,#8103);
#8102 = CARTESIAN_POINT('',(-10.9696551146,1.235439502448E-15));
#8103 = VECTOR('',#8104,1.);
#8104 = DIRECTION('',(0.5,-0.866025403784));
#8105 = ( GEOMETRIC_REPRESENTATION_CONTEXT(2) 
PARAMETRIC_REPRESENTATION_CONTEXT() REPRESENTATION_CONTEXT('2D SPACE',''
  ) );
#8106 = PCURVE('',#7998,#8107);
#8107 = DEFINITIONAL_REPRESENTATION('',(#8108),#8112);
#8108 = LINE('',#8109,#8110);
#8109 = CARTESIAN_POINT('',(0.,-8.4));
#8110 = VECTOR('',#8111,1.);
#8111 = DIRECTION('',(1.,0.));
#8112 = ( GEOMETRIC_REPRESENTATION_CONTEXT(2) 
PARAMETRIC_REPRESENTATION_CONTEXT() REPRESENTATION_CONTEXT('2D SPACE',''
  ) );
#8113 = ORIENTED_EDGE('',*,*,#8114,.T.);
#8114 = EDGE_CURVE('',#8092,#7808,#8115,.T.);
#8115 = SURFACE_CURVE('',#8116,(#8120,#8127),.PCURVE_S1.);
#8116 = LINE('',#8117,#8118);
#8117 = CARTESIAN_POINT('',(-690.5,1.13815E+03,3.975015172443E+03));
#8118 = VECTOR('',#8119,1.);
#8119 = DIRECTION('',(1.61933699906E-16,-1.98311587264E-32,1.));
#8120 = PCURVE('',#7736,#8121);
#8121 = DEFINITIONAL_REPRESENTATION('',(#8122),#8126);
#8122 = LINE('',#8123,#8124);
#8123 = CARTESIAN_POINT('',(-5.484827557301,-9.5));
#8124 = VECTOR('',#8125,1.);
#8125 = DIRECTION('',(1.,-1.61933699906E-16));
#8126 = ( GEOMETRIC_REPRESENTATION_CONTEXT(2) 
PARAMETRIC_REPRESENTATION_CONTEXT() REPRESENTATION_CONTEXT('2D SPACE',''
  ) );
#8127 = PCURVE('',#7823,#8128);
#8128 = DEFINITIONAL_REPRESENTATION('',(#8129),#8133);
#8129 = LINE('',#8130,#8131);
#8130 = CARTESIAN_POINT('',(0.,-8.4));
#8131 = VECTOR('',#8132,1.);
#8132 = DIRECTION('',(1.,0.));
#8133 = ( GEOMETRIC_REPRESENTATION_CONTEXT(2) 
PARAMETRIC_REPRESENTATION_CONTEXT() REPRESENTATION_CONTEXT('2D SPACE',''
  ) );
#8134 = ORIENTED_EDGE('',*,*,#7835,.T.);
#8135 = ADVANCED_FACE('',(#8136),#7823,.F.);
#8136 = FACE_BOUND('',#8137,.F.);
#8137 = EDGE_LOOP('',(#8138,#8159,#8160,#8161));
#8138 = ORIENTED_EDGE('',*,*,#8139,.T.);
#8139 = EDGE_CURVE('',#7983,#8092,#8140,.T.);
#8140 = SURFACE_CURVE('',#8141,(#8145,#8152),.PCURVE_S1.);
#8141 = LINE('',#8142,#8143);
#8142 = CARTESIAN_POINT('',(-690.5,1.14655E+03,3.975015172443E+03));
#8143 = VECTOR('',#8144,1.);
#8144 = DIRECTION('',(-1.224646799147E-16,-1.,0.));
#8145 = PCURVE('',#7823,#8146);
#8146 = DEFINITIONAL_REPRESENTATION('',(#8147),#8151);
#8147 = LINE('',#8148,#8149);
#8148 = CARTESIAN_POINT('',(0.,0.));
#8149 = VECTOR('',#8150,1.);
#8150 = DIRECTION('',(0.,-1.));
#8151 = ( GEOMETRIC_REPRESENTATION_CONTEXT(2) 
PARAMETRIC_REPRESENTATION_CONTEXT() REPRESENTATION_CONTEXT('2D SPACE',''
  ) );
#8152 = PCURVE('',#7998,#8153);
#8153 = DEFINITIONAL_REPRESENTATION('',(#8154),#8158);
#8154 = LINE('',#8155,#8156);
#8155 = CARTESIAN_POINT('',(10.969655114603,0.));
#8156 = VECTOR('',#8157,1.);
#8157 = DIRECTION('',(0.,-1.));
#8158 = ( GEOMETRIC_REPRESENTATION_CONTEXT(2) 
PARAMETRIC_REPRESENTATION_CONTEXT() REPRESENTATION_CONTEXT('2D SPACE',''
  ) );
#8159 = ORIENTED_EDGE('',*,*,#8114,.T.);
#8160 = ORIENTED_EDGE('',*,*,#7805,.F.);
#8161 = ORIENTED_EDGE('',*,*,#8010,.F.);
#8162 = ADVANCED_FACE('',(#8163),#7921,.F.);
#8163 = FACE_BOUND('',#8164,.F.);
#8164 = EDGE_LOOP('',(#8165,#8166,#8167,#8188));
#8165 = ORIENTED_EDGE('',*,*,#7905,.T.);
#8166 = ORIENTED_EDGE('',*,*,#8068,.T.);
#8167 = ORIENTED_EDGE('',*,*,#8168,.F.);
#8168 = EDGE_CURVE('',#7960,#8069,#8169,.T.);
#8169 = SURFACE_CURVE('',#8170,(#8174,#8181),.PCURVE_S1.);
#8170 = LINE('',#8171,#8172);
#8171 = CARTESIAN_POINT('',(-700.,1.14655E+03,3.969530344885E+03));
#8172 = VECTOR('',#8173,1.);
#8173 = DIRECTION('',(-1.224646799147E-16,-1.,0.));
#8174 = PCURVE('',#7921,#8175);
#8175 = DEFINITIONAL_REPRESENTATION('',(#8176),#8180);
#8176 = LINE('',#8177,#8178);
#8177 = CARTESIAN_POINT('',(10.969655114603,0.));
#8178 = VECTOR('',#8179,1.);
#8179 = DIRECTION('',(0.,-1.));
#8180 = ( GEOMETRIC_REPRESENTATION_CONTEXT(2) 
PARAMETRIC_REPRESENTATION_CONTEXT() REPRESENTATION_CONTEXT('2D SPACE',''
  ) );
#8181 = PCURVE('',#7998,#8182);
#8182 = DEFINITIONAL_REPRESENTATION('',(#8183),#8187);
#8183 = LINE('',#8184,#8185);
#8184 = CARTESIAN_POINT('',(0.,0.));
#8185 = VECTOR('',#8186,1.);
#8186 = DIRECTION('',(0.,-1.));
#8187 = ( GEOMETRIC_REPRESENTATION_CONTEXT(2) 
PARAMETRIC_REPRESENTATION_CONTEXT() REPRESENTATION_CONTEXT('2D SPACE',''
  ) );
#8188 = ORIENTED_EDGE('',*,*,#7959,.F.);
#8189 = ADVANCED_FACE('',(#8190),#7998,.F.);
#8190 = FACE_BOUND('',#8191,.F.);
#8191 = EDGE_LOOP('',(#8192,#8193,#8194,#8195));
#8192 = ORIENTED_EDGE('',*,*,#8168,.T.);
#8193 = ORIENTED_EDGE('',*,*,#8091,.T.);
#8194 = ORIENTED_EDGE('',*,*,#8139,.F.);
#8195 = ORIENTED_EDGE('',*,*,#7982,.F.);
#8196 = ADVANCED_FACE('',(#8197),#8051,.T.);
#8197 = FACE_BOUND('',#8198,.T.);
#8198 = EDGE_LOOP('',(#8199,#8200,#8223,#8250));
#8199 = ORIENTED_EDGE('',*,*,#8034,.F.);
#8200 = ORIENTED_EDGE('',*,*,#8201,.F.);
#8201 = EDGE_CURVE('',#8202,#8035,#8204,.T.);
#8202 = VERTEX_POINT('',#8203);
#8203 = CARTESIAN_POINT('',(-700.,1.25345E+03,3.9865E+03));
#8204 = SEAM_CURVE('',#8205,(#8209,#8216),.PCURVE_S1.);
#8205 = LINE('',#8206,#8207);
#8206 = CARTESIAN_POINT('',(-700.,1.25345E+03,3.9865E+03));
#8207 = VECTOR('',#8208,1.);
#8208 = DIRECTION('',(-1.224646799147E-16,-1.,0.));
#8209 = PCURVE('',#8051,#8210);
#8210 = DEFINITIONAL_REPRESENTATION('',(#8211),#8215);
#8211 = LINE('',#8212,#8213);
#8212 = CARTESIAN_POINT('',(6.28318530718,-0.));
#8213 = VECTOR('',#8214,1.);
#8214 = DIRECTION('',(0.,1.));
#8215 = ( GEOMETRIC_REPRESENTATION_CONTEXT(2) 
PARAMETRIC_REPRESENTATION_CONTEXT() REPRESENTATION_CONTEXT('2D SPACE',''
  ) );
#8216 = PCURVE('',#8051,#8217);
#8217 = DEFINITIONAL_REPRESENTATION('',(#8218),#8222);
#8218 = LINE('',#8219,#8220);
#8219 = CARTESIAN_POINT('',(0.,-0.));
#8220 = VECTOR('',#8221,1.);
#8221 = DIRECTION('',(0.,1.));
#8222 = ( GEOMETRIC_REPRESENTATION_CONTEXT(2) 
PARAMETRIC_REPRESENTATION_CONTEXT() REPRESENTATION_CONTEXT('2D SPACE',''
  ) );
#8223 = ORIENTED_EDGE('',*,*,#8224,.T.);
#8224 = EDGE_CURVE('',#8202,#8202,#8225,.T.);
#8225 = SURFACE_CURVE('',#8226,(#8231,#8238),.PCURVE_S1.);
#8226 = CIRCLE('',#8227,6.);
#8227 = AXIS2_PLACEMENT_3D('',#8228,#8229,#8230);
#8228 = CARTESIAN_POINT('',(-700.,1.25345E+03,3.9805E+03));
#8229 = DIRECTION('',(-1.224646799147E-16,-1.,0.));
#8230 = DIRECTION('',(0.,0.,1.));
#8231 = PCURVE('',#8051,#8232);
#8232 = DEFINITIONAL_REPRESENTATION('',(#8233),#8237);
#8233 = LINE('',#8234,#8235);
#8234 = CARTESIAN_POINT('',(0.,0.));
#8235 = VECTOR('',#8236,1.);
#8236 = DIRECTION('',(1.,0.));
#8237 = ( GEOMETRIC_REPRESENTATION_CONTEXT(2) 
PARAMETRIC_REPRESENTATION_CONTEXT() REPRESENTATION_CONTEXT('2D SPACE',''
  ) );
#8238 = PCURVE('',#8239,#8244);
#8239 = PLANE('',#8240);
#8240 = AXIS2_PLACEMENT_3D('',#8241,#8242,#8243);
#8241 = CARTESIAN_POINT('',(-700.,1.25345E+03,3.9805E+03));
#8242 = DIRECTION('',(-1.224646799147E-16,-1.,0.));
#8243 = DIRECTION('',(0.,0.,1.));
#8244 = DEFINITIONAL_REPRESENTATION('',(#8245),#8249);
#8245 = CIRCLE('',#8246,6.);
#8246 = AXIS2_PLACEMENT_2D('',#8247,#8248);
#8247 = CARTESIAN_POINT('',(2.159115998746E-16,-1.079557999373E-16));
#8248 = DIRECTION('',(1.,0.));
#8249 = ( GEOMETRIC_REPRESENTATION_CONTEXT(2) 
PARAMETRIC_REPRESENTATION_CONTEXT() REPRESENTATION_CONTEXT('2D SPACE',''
  ) );
#8250 = ORIENTED_EDGE('',*,*,#8201,.T.);
#8251 = ADVANCED_FACE('',(#8252,#8422),#8239,.T.);
#8252 = FACE_BOUND('',#8253,.T.);
#8253 = EDGE_LOOP('',(#8254,#8284,#8312,#8340,#8368,#8396));
#8254 = ORIENTED_EDGE('',*,*,#8255,.T.);
#8255 = EDGE_CURVE('',#8256,#8258,#8260,.T.);
#8256 = VERTEX_POINT('',#8257);
#8257 = CARTESIAN_POINT('',(-700.,1.25345E+03,3.991469655115E+03));
#8258 = VERTEX_POINT('',#8259);
#8259 = CARTESIAN_POINT('',(-709.5,1.25345E+03,3.985984827557E+03));
#8260 = SURFACE_CURVE('',#8261,(#8265,#8272),.PCURVE_S1.);
#8261 = LINE('',#8262,#8263);
#8262 = CARTESIAN_POINT('',(-700.,1.25345E+03,3.991469655115E+03));
#8263 = VECTOR('',#8264,1.);
#8264 = DIRECTION('',(-0.866025403784,1.060575238725E-16,-0.5));
#8265 = PCURVE('',#8239,#8266);
#8266 = DEFINITIONAL_REPRESENTATION('',(#8267),#8271);
#8267 = LINE('',#8268,#8269);
#8268 = CARTESIAN_POINT('',(10.969655114603,-1.079557999373E-16));
#8269 = VECTOR('',#8270,1.);
#8270 = DIRECTION('',(-0.5,0.866025403784));
#8271 = ( GEOMETRIC_REPRESENTATION_CONTEXT(2) 
PARAMETRIC_REPRESENTATION_CONTEXT() REPRESENTATION_CONTEXT('2D SPACE',''
  ) );
#8272 = PCURVE('',#8273,#8278);
#8273 = PLANE('',#8274);
#8274 = AXIS2_PLACEMENT_3D('',#8275,#8276,#8277);
#8275 = CARTESIAN_POINT('',(-700.,1.26185E+03,3.991469655115E+03));
#8276 = DIRECTION('',(0.5,-6.123233995737E-17,-0.866025403784));
#8277 = DIRECTION('',(-0.866025403784,1.060575238725E-16,-0.5));
#8278 = DEFINITIONAL_REPRESENTATION('',(#8279),#8283);
#8279 = LINE('',#8280,#8281);
#8280 = CARTESIAN_POINT('',(0.,-8.4));
#8281 = VECTOR('',#8282,1.);
#8282 = DIRECTION('',(1.,0.));
#8283 = ( GEOMETRIC_REPRESENTATION_CONTEXT(2) 
PARAMETRIC_REPRESENTATION_CONTEXT() REPRESENTATION_CONTEXT('2D SPACE',''
  ) );
#8284 = ORIENTED_EDGE('',*,*,#8285,.T.);
#8285 = EDGE_CURVE('',#8258,#8286,#8288,.T.);
#8286 = VERTEX_POINT('',#8287);
#8287 = CARTESIAN_POINT('',(-709.5,1.25345E+03,3.975015172443E+03));
#8288 = SURFACE_CURVE('',#8289,(#8293,#8300),.PCURVE_S1.);
#8289 = LINE('',#8290,#8291);
#8290 = CARTESIAN_POINT('',(-709.5,1.25345E+03,3.985984827557E+03));
#8291 = VECTOR('',#8292,1.);
#8292 = DIRECTION('',(-1.61933699906E-16,1.98311587264E-32,-1.));
#8293 = PCURVE('',#8239,#8294);
#8294 = DEFINITIONAL_REPRESENTATION('',(#8295),#8299);
#8295 = LINE('',#8296,#8297);
#8296 = CARTESIAN_POINT('',(5.484827557301,9.5));
#8297 = VECTOR('',#8298,1.);
#8298 = DIRECTION('',(-1.,1.61933699906E-16));
#8299 = ( GEOMETRIC_REPRESENTATION_CONTEXT(2) 
PARAMETRIC_REPRESENTATION_CONTEXT() REPRESENTATION_CONTEXT('2D SPACE',''
  ) );
#8300 = PCURVE('',#8301,#8306);
#8301 = PLANE('',#8302);
#8302 = AXIS2_PLACEMENT_3D('',#8303,#8304,#8305);
#8303 = CARTESIAN_POINT('',(-709.5,1.26185E+03,3.985984827557E+03));
#8304 = DIRECTION('',(1.,-1.224646799147E-16,-1.61933699906E-16));
#8305 = DIRECTION('',(-1.61933699906E-16,1.98311587264E-32,-1.));
#8306 = DEFINITIONAL_REPRESENTATION('',(#8307),#8311);
#8307 = LINE('',#8308,#8309);
#8308 = CARTESIAN_POINT('',(0.,-8.4));
#8309 = VECTOR('',#8310,1.);
#8310 = DIRECTION('',(1.,0.));
#8311 = ( GEOMETRIC_REPRESENTATION_CONTEXT(2) 
PARAMETRIC_REPRESENTATION_CONTEXT() REPRESENTATION_CONTEXT('2D SPACE',''
  ) );
#8312 = ORIENTED_EDGE('',*,*,#8313,.T.);
#8313 = EDGE_CURVE('',#8286,#8314,#8316,.T.);
#8314 = VERTEX_POINT('',#8315);
#8315 = CARTESIAN_POINT('',(-700.,1.25345E+03,3.969530344885E+03));
#8316 = SURFACE_CURVE('',#8317,(#8321,#8328),.PCURVE_S1.);
#8317 = LINE('',#8318,#8319);
#8318 = CARTESIAN_POINT('',(-709.5,1.25345E+03,3.975015172443E+03));
#8319 = VECTOR('',#8320,1.);
#8320 = DIRECTION('',(0.866025403784,-1.060575238725E-16,-0.5));
#8321 = PCURVE('',#8239,#8322);
#8322 = DEFINITIONAL_REPRESENTATION('',(#8323),#8327);
#8323 = LINE('',#8324,#8325);
#8324 = CARTESIAN_POINT('',(-5.484827557301,9.5));
#8325 = VECTOR('',#8326,1.);
#8326 = DIRECTION('',(-0.5,-0.866025403784));
#8327 = ( GEOMETRIC_REPRESENTATION_CONTEXT(2) 
PARAMETRIC_REPRESENTATION_CONTEXT() REPRESENTATION_CONTEXT('2D SPACE',''
  ) );
#8328 = PCURVE('',#8329,#8334);
#8329 = PLANE('',#8330);
#8330 = AXIS2_PLACEMENT_3D('',#8331,#8332,#8333);
#8331 = CARTESIAN_POINT('',(-709.5,1.26185E+03,3.975015172443E+03));
#8332 = DIRECTION('',(0.5,-6.123233995737E-17,0.866025403784));
#8333 = DIRECTION('',(0.866025403784,-1.060575238725E-16,-0.5));
#8334 = DEFINITIONAL_REPRESENTATION('',(#8335),#8339);
#8335 = LINE('',#8336,#8337);
#8336 = CARTESIAN_POINT('',(0.,-8.4));
#8337 = VECTOR('',#8338,1.);
#8338 = DIRECTION('',(1.,0.));
#8339 = ( GEOMETRIC_REPRESENTATION_CONTEXT(2) 
PARAMETRIC_REPRESENTATION_CONTEXT() REPRESENTATION_CONTEXT('2D SPACE',''
  ) );
#8340 = ORIENTED_EDGE('',*,*,#8341,.T.);
#8341 = EDGE_CURVE('',#8314,#8342,#8344,.T.);
#8342 = VERTEX_POINT('',#8343);
#8343 = CARTESIAN_POINT('',(-690.5,1.25345E+03,3.975015172443E+03));
#8344 = SURFACE_CURVE('',#8345,(#8349,#8356),.PCURVE_S1.);
#8345 = LINE('',#8346,#8347);
#8346 = CARTESIAN_POINT('',(-700.,1.25345E+03,3.969530344885E+03));
#8347 = VECTOR('',#8348,1.);
#8348 = DIRECTION('',(0.866025403784,-1.060575238725E-16,0.5));
#8349 = PCURVE('',#8239,#8350);
#8350 = DEFINITIONAL_REPRESENTATION('',(#8351),#8355);
#8351 = LINE('',#8352,#8353);
#8352 = CARTESIAN_POINT('',(-10.9696551146,1.235439502448E-15));
#8353 = VECTOR('',#8354,1.);
#8354 = DIRECTION('',(0.5,-0.866025403784));
#8355 = ( GEOMETRIC_REPRESENTATION_CONTEXT(2) 
PARAMETRIC_REPRESENTATION_CONTEXT() REPRESENTATION_CONTEXT('2D SPACE',''
  ) );
#8356 = PCURVE('',#8357,#8362);
#8357 = PLANE('',#8358);
#8358 = AXIS2_PLACEMENT_3D('',#8359,#8360,#8361);
#8359 = CARTESIAN_POINT('',(-700.,1.26185E+03,3.969530344885E+03));
#8360 = DIRECTION('',(-0.5,6.123233995737E-17,0.866025403784));
#8361 = DIRECTION('',(0.866025403784,-1.060575238725E-16,0.5));
#8362 = DEFINITIONAL_REPRESENTATION('',(#8363),#8367);
#8363 = LINE('',#8364,#8365);
#8364 = CARTESIAN_POINT('',(0.,-8.4));
#8365 = VECTOR('',#8366,1.);
#8366 = DIRECTION('',(1.,0.));
#8367 = ( GEOMETRIC_REPRESENTATION_CONTEXT(2) 
PARAMETRIC_REPRESENTATION_CONTEXT() REPRESENTATION_CONTEXT('2D SPACE',''
  ) );
#8368 = ORIENTED_EDGE('',*,*,#8369,.T.);
#8369 = EDGE_CURVE('',#8342,#8370,#8372,.T.);
#8370 = VERTEX_POINT('',#8371);
#8371 = CARTESIAN_POINT('',(-690.5,1.25345E+03,3.985984827557E+03));
#8372 = SURFACE_CURVE('',#8373,(#8377,#8384),.PCURVE_S1.);
#8373 = LINE('',#8374,#8375);
#8374 = CARTESIAN_POINT('',(-690.5,1.25345E+03,3.975015172443E+03));
#8375 = VECTOR('',#8376,1.);
#8376 = DIRECTION('',(1.61933699906E-16,-1.98311587264E-32,1.));
#8377 = PCURVE('',#8239,#8378);
#8378 = DEFINITIONAL_REPRESENTATION('',(#8379),#8383);
#8379 = LINE('',#8380,#8381);
#8380 = CARTESIAN_POINT('',(-5.484827557301,-9.5));
#8381 = VECTOR('',#8382,1.);
#8382 = DIRECTION('',(1.,-1.61933699906E-16));
#8383 = ( GEOMETRIC_REPRESENTATION_CONTEXT(2) 
PARAMETRIC_REPRESENTATION_CONTEXT() REPRESENTATION_CONTEXT('2D SPACE',''
  ) );
#8384 = PCURVE('',#8385,#8390);
#8385 = PLANE('',#8386);
#8386 = AXIS2_PLACEMENT_3D('',#8387,#8388,#8389);
#8387 = CARTESIAN_POINT('',(-690.5,1.26185E+03,3.975015172443E+03));
#8388 = DIRECTION('',(-1.,1.224646799147E-16,1.61933699906E-16));
#8389 = DIRECTION('',(1.61933699906E-16,-1.98311587264E-32,1.));
#8390 = DEFINITIONAL_REPRESENTATION('',(#8391),#8395);
#8391 = LINE('',#8392,#8393);
#8392 = CARTESIAN_POINT('',(0.,-8.4));
#8393 = VECTOR('',#8394,1.);
#8394 = DIRECTION('',(1.,0.));
#8395 = ( GEOMETRIC_REPRESENTATION_CONTEXT(2) 
PARAMETRIC_REPRESENTATION_CONTEXT() REPRESENTATION_CONTEXT('2D SPACE',''
  ) );
#8396 = ORIENTED_EDGE('',*,*,#8397,.T.);
#8397 = EDGE_CURVE('',#8370,#8256,#8398,.T.);
#8398 = SURFACE_CURVE('',#8399,(#8403,#8410),.PCURVE_S1.);
#8399 = LINE('',#8400,#8401);
#8400 = CARTESIAN_POINT('',(-690.5,1.25345E+03,3.985984827557E+03));
#8401 = VECTOR('',#8402,1.);
#8402 = DIRECTION('',(-0.866025403784,1.060575238725E-16,0.5));
#8403 = PCURVE('',#8239,#8404);
#8404 = DEFINITIONAL_REPRESENTATION('',(#8405),#8409);
#8405 = LINE('',#8406,#8407);
#8406 = CARTESIAN_POINT('',(5.484827557301,-9.5));
#8407 = VECTOR('',#8408,1.);
#8408 = DIRECTION('',(0.5,0.866025403784));
#8409 = ( GEOMETRIC_REPRESENTATION_CONTEXT(2) 
PARAMETRIC_REPRESENTATION_CONTEXT() REPRESENTATION_CONTEXT('2D SPACE',''
  ) );
#8410 = PCURVE('',#8411,#8416);
#8411 = PLANE('',#8412);
#8412 = AXIS2_PLACEMENT_3D('',#8413,#8414,#8415);
#8413 = CARTESIAN_POINT('',(-690.5,1.26185E+03,3.985984827557E+03));
#8414 = DIRECTION('',(-0.5,6.123233995737E-17,-0.866025403784));
#8415 = DIRECTION('',(-0.866025403784,1.060575238725E-16,0.5));
#8416 = DEFINITIONAL_REPRESENTATION('',(#8417),#8421);
#8417 = LINE('',#8418,#8419);
#8418 = CARTESIAN_POINT('',(0.,-8.4));
#8419 = VECTOR('',#8420,1.);
#8420 = DIRECTION('',(1.,0.));
#8421 = ( GEOMETRIC_REPRESENTATION_CONTEXT(2) 
PARAMETRIC_REPRESENTATION_CONTEXT() REPRESENTATION_CONTEXT('2D SPACE',''
  ) );
#8422 = FACE_BOUND('',#8423,.T.);
#8423 = EDGE_LOOP('',(#8424));
#8424 = ORIENTED_EDGE('',*,*,#8224,.F.);
#8425 = ADVANCED_FACE('',(#8426),#8273,.F.);
#8426 = FACE_BOUND('',#8427,.F.);
#8427 = EDGE_LOOP('',(#8428,#8451,#8452,#8475));
#8428 = ORIENTED_EDGE('',*,*,#8429,.T.);
#8429 = EDGE_CURVE('',#8430,#8256,#8432,.T.);
#8430 = VERTEX_POINT('',#8431);
#8431 = CARTESIAN_POINT('',(-700.,1.26185E+03,3.991469655115E+03));
#8432 = SURFACE_CURVE('',#8433,(#8437,#8444),.PCURVE_S1.);
#8433 = LINE('',#8434,#8435);
#8434 = CARTESIAN_POINT('',(-700.,1.26185E+03,3.991469655115E+03));
#8435 = VECTOR('',#8436,1.);
#8436 = DIRECTION('',(-1.224646799147E-16,-1.,0.));
#8437 = PCURVE('',#8273,#8438);
#8438 = DEFINITIONAL_REPRESENTATION('',(#8439),#8443);
#8439 = LINE('',#8440,#8441);
#8440 = CARTESIAN_POINT('',(0.,0.));
#8441 = VECTOR('',#8442,1.);
#8442 = DIRECTION('',(0.,-1.));
#8443 = ( GEOMETRIC_REPRESENTATION_CONTEXT(2) 
PARAMETRIC_REPRESENTATION_CONTEXT() REPRESENTATION_CONTEXT('2D SPACE',''
  ) );
#8444 = PCURVE('',#8411,#8445);
#8445 = DEFINITIONAL_REPRESENTATION('',(#8446),#8450);
#8446 = LINE('',#8447,#8448);
#8447 = CARTESIAN_POINT('',(10.969655114603,0.));
#8448 = VECTOR('',#8449,1.);
#8449 = DIRECTION('',(0.,-1.));
#8450 = ( GEOMETRIC_REPRESENTATION_CONTEXT(2) 
PARAMETRIC_REPRESENTATION_CONTEXT() REPRESENTATION_CONTEXT('2D SPACE',''
  ) );
#8451 = ORIENTED_EDGE('',*,*,#8255,.T.);
#8452 = ORIENTED_EDGE('',*,*,#8453,.F.);
#8453 = EDGE_CURVE('',#8454,#8258,#8456,.T.);
#8454 = VERTEX_POINT('',#8455);
#8455 = CARTESIAN_POINT('',(-709.5,1.26185E+03,3.985984827557E+03));
#8456 = SURFACE_CURVE('',#8457,(#8461,#8468),.PCURVE_S1.);
#8457 = LINE('',#8458,#8459);
#8458 = CARTESIAN_POINT('',(-709.5,1.26185E+03,3.985984827557E+03));
#8459 = VECTOR('',#8460,1.);
#8460 = DIRECTION('',(-1.224646799147E-16,-1.,0.));
#8461 = PCURVE('',#8273,#8462);
#8462 = DEFINITIONAL_REPRESENTATION('',(#8463),#8467);
#8463 = LINE('',#8464,#8465);
#8464 = CARTESIAN_POINT('',(10.969655114603,0.));
#8465 = VECTOR('',#8466,1.);
#8466 = DIRECTION('',(0.,-1.));
#8467 = ( GEOMETRIC_REPRESENTATION_CONTEXT(2) 
PARAMETRIC_REPRESENTATION_CONTEXT() REPRESENTATION_CONTEXT('2D SPACE',''
  ) );
#8468 = PCURVE('',#8301,#8469);
#8469 = DEFINITIONAL_REPRESENTATION('',(#8470),#8474);
#8470 = LINE('',#8471,#8472);
#8471 = CARTESIAN_POINT('',(0.,0.));
#8472 = VECTOR('',#8473,1.);
#8473 = DIRECTION('',(0.,-1.));
#8474 = ( GEOMETRIC_REPRESENTATION_CONTEXT(2) 
PARAMETRIC_REPRESENTATION_CONTEXT() REPRESENTATION_CONTEXT('2D SPACE',''
  ) );
#8475 = ORIENTED_EDGE('',*,*,#8476,.F.);
#8476 = EDGE_CURVE('',#8430,#8454,#8477,.T.);
#8477 = SURFACE_CURVE('',#8478,(#8482,#8489),.PCURVE_S1.);
#8478 = LINE('',#8479,#8480);
#8479 = CARTESIAN_POINT('',(-700.,1.26185E+03,3.991469655115E+03));
#8480 = VECTOR('',#8481,1.);
#8481 = DIRECTION('',(-0.866025403784,1.060575238725E-16,-0.5));
#8482 = PCURVE('',#8273,#8483);
#8483 = DEFINITIONAL_REPRESENTATION('',(#8484),#8488);
#8484 = LINE('',#8485,#8486);
#8485 = CARTESIAN_POINT('',(0.,0.));
#8486 = VECTOR('',#8487,1.);
#8487 = DIRECTION('',(1.,0.));
#8488 = ( GEOMETRIC_REPRESENTATION_CONTEXT(2) 
PARAMETRIC_REPRESENTATION_CONTEXT() REPRESENTATION_CONTEXT('2D SPACE',''
  ) );
#8489 = PCURVE('',#8490,#8495);
#8490 = PLANE('',#8491);
#8491 = AXIS2_PLACEMENT_3D('',#8492,#8493,#8494);
#8492 = CARTESIAN_POINT('',(-700.,1.26185E+03,3.9805E+03));
#8493 = DIRECTION('',(-1.224646799147E-16,-1.,0.));
#8494 = DIRECTION('',(0.,0.,1.));
#8495 = DEFINITIONAL_REPRESENTATION('',(#8496),#8500);
#8496 = LINE('',#8497,#8498);
#8497 = CARTESIAN_POINT('',(10.969655114603,-1.079557999373E-16));
#8498 = VECTOR('',#8499,1.);
#8499 = DIRECTION('',(-0.5,0.866025403784));
#8500 = ( GEOMETRIC_REPRESENTATION_CONTEXT(2) 
PARAMETRIC_REPRESENTATION_CONTEXT() REPRESENTATION_CONTEXT('2D SPACE',''
  ) );
#8501 = ADVANCED_FACE('',(#8502),#8411,.F.);
#8502 = FACE_BOUND('',#8503,.F.);
#8503 = EDGE_LOOP('',(#8504,#8527,#8528,#8529));
#8504 = ORIENTED_EDGE('',*,*,#8505,.T.);
#8505 = EDGE_CURVE('',#8506,#8370,#8508,.T.);
#8506 = VERTEX_POINT('',#8507);
#8507 = CARTESIAN_POINT('',(-690.5,1.26185E+03,3.985984827557E+03));
#8508 = SURFACE_CURVE('',#8509,(#8513,#8520),.PCURVE_S1.);
#8509 = LINE('',#8510,#8511);
#8510 = CARTESIAN_POINT('',(-690.5,1.26185E+03,3.985984827557E+03));
#8511 = VECTOR('',#8512,1.);
#8512 = DIRECTION('',(-1.224646799147E-16,-1.,0.));
#8513 = PCURVE('',#8411,#8514);
#8514 = DEFINITIONAL_REPRESENTATION('',(#8515),#8519);
#8515 = LINE('',#8516,#8517);
#8516 = CARTESIAN_POINT('',(0.,0.));
#8517 = VECTOR('',#8518,1.);
#8518 = DIRECTION('',(0.,-1.));
#8519 = ( GEOMETRIC_REPRESENTATION_CONTEXT(2) 
PARAMETRIC_REPRESENTATION_CONTEXT() REPRESENTATION_CONTEXT('2D SPACE',''
  ) );
#8520 = PCURVE('',#8385,#8521);
#8521 = DEFINITIONAL_REPRESENTATION('',(#8522),#8526);
#8522 = LINE('',#8523,#8524);
#8523 = CARTESIAN_POINT('',(10.969655114603,0.));
#8524 = VECTOR('',#8525,1.);
#8525 = DIRECTION('',(0.,-1.));
#8526 = ( GEOMETRIC_REPRESENTATION_CONTEXT(2) 
PARAMETRIC_REPRESENTATION_CONTEXT() REPRESENTATION_CONTEXT('2D SPACE',''
  ) );
#8527 = ORIENTED_EDGE('',*,*,#8397,.T.);
#8528 = ORIENTED_EDGE('',*,*,#8429,.F.);
#8529 = ORIENTED_EDGE('',*,*,#8530,.F.);
#8530 = EDGE_CURVE('',#8506,#8430,#8531,.T.);
#8531 = SURFACE_CURVE('',#8532,(#8536,#8543),.PCURVE_S1.);
#8532 = LINE('',#8533,#8534);
#8533 = CARTESIAN_POINT('',(-690.5,1.26185E+03,3.985984827557E+03));
#8534 = VECTOR('',#8535,1.);
#8535 = DIRECTION('',(-0.866025403784,1.060575238725E-16,0.5));
#8536 = PCURVE('',#8411,#8537);
#8537 = DEFINITIONAL_REPRESENTATION('',(#8538),#8542);
#8538 = LINE('',#8539,#8540);
#8539 = CARTESIAN_POINT('',(0.,0.));
#8540 = VECTOR('',#8541,1.);
#8541 = DIRECTION('',(1.,0.));
#8542 = ( GEOMETRIC_REPRESENTATION_CONTEXT(2) 
PARAMETRIC_REPRESENTATION_CONTEXT() REPRESENTATION_CONTEXT('2D SPACE',''
  ) );
#8543 = PCURVE('',#8490,#8544);
#8544 = DEFINITIONAL_REPRESENTATION('',(#8545),#8549);
#8545 = LINE('',#8546,#8547);
#8546 = CARTESIAN_POINT('',(5.484827557301,-9.5));
#8547 = VECTOR('',#8548,1.);
#8548 = DIRECTION('',(0.5,0.866025403784));
#8549 = ( GEOMETRIC_REPRESENTATION_CONTEXT(2) 
PARAMETRIC_REPRESENTATION_CONTEXT() REPRESENTATION_CONTEXT('2D SPACE',''
  ) );
#8550 = ADVANCED_FACE('',(#8551),#8301,.F.);
#8551 = FACE_BOUND('',#8552,.F.);
#8552 = EDGE_LOOP('',(#8553,#8554,#8555,#8578));
#8553 = ORIENTED_EDGE('',*,*,#8453,.T.);
#8554 = ORIENTED_EDGE('',*,*,#8285,.T.);
#8555 = ORIENTED_EDGE('',*,*,#8556,.F.);
#8556 = EDGE_CURVE('',#8557,#8286,#8559,.T.);
#8557 = VERTEX_POINT('',#8558);
#8558 = CARTESIAN_POINT('',(-709.5,1.26185E+03,3.975015172443E+03));
#8559 = SURFACE_CURVE('',#8560,(#8564,#8571),.PCURVE_S1.);
#8560 = LINE('',#8561,#8562);
#8561 = CARTESIAN_POINT('',(-709.5,1.26185E+03,3.975015172443E+03));
#8562 = VECTOR('',#8563,1.);
#8563 = DIRECTION('',(-1.224646799147E-16,-1.,0.));
#8564 = PCURVE('',#8301,#8565);
#8565 = DEFINITIONAL_REPRESENTATION('',(#8566),#8570);
#8566 = LINE('',#8567,#8568);
#8567 = CARTESIAN_POINT('',(10.969655114603,0.));
#8568 = VECTOR('',#8569,1.);
#8569 = DIRECTION('',(0.,-1.));
#8570 = ( GEOMETRIC_REPRESENTATION_CONTEXT(2) 
PARAMETRIC_REPRESENTATION_CONTEXT() REPRESENTATION_CONTEXT('2D SPACE',''
  ) );
#8571 = PCURVE('',#8329,#8572);
#8572 = DEFINITIONAL_REPRESENTATION('',(#8573),#8577);
#8573 = LINE('',#8574,#8575);
#8574 = CARTESIAN_POINT('',(0.,0.));
#8575 = VECTOR('',#8576,1.);
#8576 = DIRECTION('',(0.,-1.));
#8577 = ( GEOMETRIC_REPRESENTATION_CONTEXT(2) 
PARAMETRIC_REPRESENTATION_CONTEXT() REPRESENTATION_CONTEXT('2D SPACE',''
  ) );
#8578 = ORIENTED_EDGE('',*,*,#8579,.F.);
#8579 = EDGE_CURVE('',#8454,#8557,#8580,.T.);
#8580 = SURFACE_CURVE('',#8581,(#8585,#8592),.PCURVE_S1.);
#8581 = LINE('',#8582,#8583);
#8582 = CARTESIAN_POINT('',(-709.5,1.26185E+03,3.985984827557E+03));
#8583 = VECTOR('',#8584,1.);
#8584 = DIRECTION('',(-1.61933699906E-16,1.98311587264E-32,-1.));
#8585 = PCURVE('',#8301,#8586);
#8586 = DEFINITIONAL_REPRESENTATION('',(#8587),#8591);
#8587 = LINE('',#8588,#8589);
#8588 = CARTESIAN_POINT('',(0.,0.));
#8589 = VECTOR('',#8590,1.);
#8590 = DIRECTION('',(1.,0.));
#8591 = ( GEOMETRIC_REPRESENTATION_CONTEXT(2) 
PARAMETRIC_REPRESENTATION_CONTEXT() REPRESENTATION_CONTEXT('2D SPACE',''
  ) );
#8592 = PCURVE('',#8490,#8593);
#8593 = DEFINITIONAL_REPRESENTATION('',(#8594),#8598);
#8594 = LINE('',#8595,#8596);
#8595 = CARTESIAN_POINT('',(5.484827557301,9.5));
#8596 = VECTOR('',#8597,1.);
#8597 = DIRECTION('',(-1.,1.61933699906E-16));
#8598 = ( GEOMETRIC_REPRESENTATION_CONTEXT(2) 
PARAMETRIC_REPRESENTATION_CONTEXT() REPRESENTATION_CONTEXT('2D SPACE',''
  ) );
#8599 = ADVANCED_FACE('',(#8600),#8385,.F.);
#8600 = FACE_BOUND('',#8601,.F.);
#8601 = EDGE_LOOP('',(#8602,#8625,#8626,#8627));
#8602 = ORIENTED_EDGE('',*,*,#8603,.T.);
#8603 = EDGE_CURVE('',#8604,#8342,#8606,.T.);
#8604 = VERTEX_POINT('',#8605);
#8605 = CARTESIAN_POINT('',(-690.5,1.26185E+03,3.975015172443E+03));
#8606 = SURFACE_CURVE('',#8607,(#8611,#8618),.PCURVE_S1.);
#8607 = LINE('',#8608,#8609);
#8608 = CARTESIAN_POINT('',(-690.5,1.26185E+03,3.975015172443E+03));
#8609 = VECTOR('',#8610,1.);
#8610 = DIRECTION('',(-1.224646799147E-16,-1.,0.));
#8611 = PCURVE('',#8385,#8612);
#8612 = DEFINITIONAL_REPRESENTATION('',(#8613),#8617);
#8613 = LINE('',#8614,#8615);
#8614 = CARTESIAN_POINT('',(0.,0.));
#8615 = VECTOR('',#8616,1.);
#8616 = DIRECTION('',(0.,-1.));
#8617 = ( GEOMETRIC_REPRESENTATION_CONTEXT(2) 
PARAMETRIC_REPRESENTATION_CONTEXT() REPRESENTATION_CONTEXT('2D SPACE',''
  ) );
#8618 = PCURVE('',#8357,#8619);
#8619 = DEFINITIONAL_REPRESENTATION('',(#8620),#8624);
#8620 = LINE('',#8621,#8622);
#8621 = CARTESIAN_POINT('',(10.969655114603,0.));
#8622 = VECTOR('',#8623,1.);
#8623 = DIRECTION('',(0.,-1.));
#8624 = ( GEOMETRIC_REPRESENTATION_CONTEXT(2) 
PARAMETRIC_REPRESENTATION_CONTEXT() REPRESENTATION_CONTEXT('2D SPACE',''
  ) );
#8625 = ORIENTED_EDGE('',*,*,#8369,.T.);
#8626 = ORIENTED_EDGE('',*,*,#8505,.F.);
#8627 = ORIENTED_EDGE('',*,*,#8628,.F.);
#8628 = EDGE_CURVE('',#8604,#8506,#8629,.T.);
#8629 = SURFACE_CURVE('',#8630,(#8634,#8641),.PCURVE_S1.);
#8630 = LINE('',#8631,#8632);
#8631 = CARTESIAN_POINT('',(-690.5,1.26185E+03,3.975015172443E+03));
#8632 = VECTOR('',#8633,1.);
#8633 = DIRECTION('',(1.61933699906E-16,-1.98311587264E-32,1.));
#8634 = PCURVE('',#8385,#8635);
#8635 = DEFINITIONAL_REPRESENTATION('',(#8636),#8640);
#8636 = LINE('',#8637,#8638);
#8637 = CARTESIAN_POINT('',(0.,0.));
#8638 = VECTOR('',#8639,1.);
#8639 = DIRECTION('',(1.,0.));
#8640 = ( GEOMETRIC_REPRESENTATION_CONTEXT(2) 
PARAMETRIC_REPRESENTATION_CONTEXT() REPRESENTATION_CONTEXT('2D SPACE',''
  ) );
#8641 = PCURVE('',#8490,#8642);
#8642 = DEFINITIONAL_REPRESENTATION('',(#8643),#8647);
#8643 = LINE('',#8644,#8645);
#8644 = CARTESIAN_POINT('',(-5.484827557301,-9.5));
#8645 = VECTOR('',#8646,1.);
#8646 = DIRECTION('',(1.,-1.61933699906E-16));
#8647 = ( GEOMETRIC_REPRESENTATION_CONTEXT(2) 
PARAMETRIC_REPRESENTATION_CONTEXT() REPRESENTATION_CONTEXT('2D SPACE',''
  ) );
#8648 = ADVANCED_FACE('',(#8649),#8329,.F.);
#8649 = FACE_BOUND('',#8650,.F.);
#8650 = EDGE_LOOP('',(#8651,#8652,#8653,#8676));
#8651 = ORIENTED_EDGE('',*,*,#8556,.T.);
#8652 = ORIENTED_EDGE('',*,*,#8313,.T.);
#8653 = ORIENTED_EDGE('',*,*,#8654,.F.);
#8654 = EDGE_CURVE('',#8655,#8314,#8657,.T.);
#8655 = VERTEX_POINT('',#8656);
#8656 = CARTESIAN_POINT('',(-700.,1.26185E+03,3.969530344885E+03));
#8657 = SURFACE_CURVE('',#8658,(#8662,#8669),.PCURVE_S1.);
#8658 = LINE('',#8659,#8660);
#8659 = CARTESIAN_POINT('',(-700.,1.26185E+03,3.969530344885E+03));
#8660 = VECTOR('',#8661,1.);
#8661 = DIRECTION('',(-1.224646799147E-16,-1.,0.));
#8662 = PCURVE('',#8329,#8663);
#8663 = DEFINITIONAL_REPRESENTATION('',(#8664),#8668);
#8664 = LINE('',#8665,#8666);
#8665 = CARTESIAN_POINT('',(10.969655114603,0.));
#8666 = VECTOR('',#8667,1.);
#8667 = DIRECTION('',(0.,-1.));
#8668 = ( GEOMETRIC_REPRESENTATION_CONTEXT(2) 
PARAMETRIC_REPRESENTATION_CONTEXT() REPRESENTATION_CONTEXT('2D SPACE',''
  ) );
#8669 = PCURVE('',#8357,#8670);
#8670 = DEFINITIONAL_REPRESENTATION('',(#8671),#8675);
#8671 = LINE('',#8672,#8673);
#8672 = CARTESIAN_POINT('',(0.,0.));
#8673 = VECTOR('',#8674,1.);
#8674 = DIRECTION('',(0.,-1.));
#8675 = ( GEOMETRIC_REPRESENTATION_CONTEXT(2) 
PARAMETRIC_REPRESENTATION_CONTEXT() REPRESENTATION_CONTEXT('2D SPACE',''
  ) );
#8676 = ORIENTED_EDGE('',*,*,#8677,.F.);
#8677 = EDGE_CURVE('',#8557,#8655,#8678,.T.);
#8678 = SURFACE_CURVE('',#8679,(#8683,#8690),.PCURVE_S1.);
#8679 = LINE('',#8680,#8681);
#8680 = CARTESIAN_POINT('',(-709.5,1.26185E+03,3.975015172443E+03));
#8681 = VECTOR('',#8682,1.);
#8682 = DIRECTION('',(0.866025403784,-1.060575238725E-16,-0.5));
#8683 = PCURVE('',#8329,#8684);
#8684 = DEFINITIONAL_REPRESENTATION('',(#8685),#8689);
#8685 = LINE('',#8686,#8687);
#8686 = CARTESIAN_POINT('',(0.,0.));
#8687 = VECTOR('',#8688,1.);
#8688 = DIRECTION('',(1.,0.));
#8689 = ( GEOMETRIC_REPRESENTATION_CONTEXT(2) 
PARAMETRIC_REPRESENTATION_CONTEXT() REPRESENTATION_CONTEXT('2D SPACE',''
  ) );
#8690 = PCURVE('',#8490,#8691);
#8691 = DEFINITIONAL_REPRESENTATION('',(#8692),#8696);
#8692 = LINE('',#8693,#8694);
#8693 = CARTESIAN_POINT('',(-5.484827557301,9.5));
#8694 = VECTOR('',#8695,1.);
#8695 = DIRECTION('',(-0.5,-0.866025403784));
#8696 = ( GEOMETRIC_REPRESENTATION_CONTEXT(2) 
PARAMETRIC_REPRESENTATION_CONTEXT() REPRESENTATION_CONTEXT('2D SPACE',''
  ) );
#8697 = ADVANCED_FACE('',(#8698),#8357,.F.);
#8698 = FACE_BOUND('',#8699,.F.);
#8699 = EDGE_LOOP('',(#8700,#8701,#8702,#8703));
#8700 = ORIENTED_EDGE('',*,*,#8654,.T.);
#8701 = ORIENTED_EDGE('',*,*,#8341,.T.);
#8702 = ORIENTED_EDGE('',*,*,#8603,.F.);
#8703 = ORIENTED_EDGE('',*,*,#8704,.F.);
#8704 = EDGE_CURVE('',#8655,#8604,#8705,.T.);
#8705 = SURFACE_CURVE('',#8706,(#8710,#8717),.PCURVE_S1.);
#8706 = LINE('',#8707,#8708);
#8707 = CARTESIAN_POINT('',(-700.,1.26185E+03,3.969530344885E+03));
#8708 = VECTOR('',#8709,1.);
#8709 = DIRECTION('',(0.866025403784,-1.060575238725E-16,0.5));
#8710 = PCURVE('',#8357,#8711);
#8711 = DEFINITIONAL_REPRESENTATION('',(#8712),#8716);
#8712 = LINE('',#8713,#8714);
#8713 = CARTESIAN_POINT('',(0.,0.));
#8714 = VECTOR('',#8715,1.);
#8715 = DIRECTION('',(1.,0.));
#8716 = ( GEOMETRIC_REPRESENTATION_CONTEXT(2) 
PARAMETRIC_REPRESENTATION_CONTEXT() REPRESENTATION_CONTEXT('2D SPACE',''
  ) );
#8717 = PCURVE('',#8490,#8718);
#8718 = DEFINITIONAL_REPRESENTATION('',(#8719),#8723);
#8719 = LINE('',#8720,#8721);
#8720 = CARTESIAN_POINT('',(-10.9696551146,1.235439502448E-15));
#8721 = VECTOR('',#8722,1.);
#8722 = DIRECTION('',(0.5,-0.866025403784));
#8723 = ( GEOMETRIC_REPRESENTATION_CONTEXT(2) 
PARAMETRIC_REPRESENTATION_CONTEXT() REPRESENTATION_CONTEXT('2D SPACE',''
  ) );
#8724 = ADVANCED_FACE('',(#8725),#8490,.F.);
#8725 = FACE_BOUND('',#8726,.F.);
#8726 = EDGE_LOOP('',(#8727,#8728,#8729,#8730,#8731,#8732));
#8727 = ORIENTED_EDGE('',*,*,#8476,.T.);
#8728 = ORIENTED_EDGE('',*,*,#8579,.T.);
#8729 = ORIENTED_EDGE('',*,*,#8677,.T.);
#8730 = ORIENTED_EDGE('',*,*,#8704,.T.);
#8731 = ORIENTED_EDGE('',*,*,#8628,.T.);
#8732 = ORIENTED_EDGE('',*,*,#8530,.T.);
#8733 = ( GEOMETRIC_REPRESENTATION_CONTEXT(3) 
GLOBAL_UNCERTAINTY_ASSIGNED_CONTEXT((#8737)) 
GLOBAL_UNIT_ASSIGNED_CONTEXT((#8734,#8735,#8736)) REPRESENTATION_CONTEXT
('Context #1','3D Context with UNIT and UNCERTAINTY') );
#8734 = ( LENGTH_UNIT() NAMED_UNIT(*) SI_UNIT(.MILLI.,.METRE.) );
#8735 = ( NAMED_UNIT(*) PLANE_ANGLE_UNIT() SI_UNIT($,.RADIAN.) );
#8736 = ( NAMED_UNIT(*) SI_UNIT($,.STERADIAN.) SOLID_ANGLE_UNIT() );
#8737 = UNCERTAINTY_MEASURE_WITH_UNIT(LENGTH_MEASURE(2.E-07),#8734,
  'distance_accuracy_value','confusion accuracy');
#8738 = PRODUCT_RELATED_PRODUCT_CATEGORY('part',$,(#7));
ENDSEC;
END-ISO-10303-21;
